# Tender Wonder 1L Coconut Water Bottle
# 1:1 Pixel-Calibrated Physical 3D Model
mtllib tender_wonder_bottle.mtl

v 0.000000 0.004500 0.000000
v -0.000000 0.003500 -0.015000
v -0.000000 0.001200 -0.028000
v -0.000000 -0.000694 -0.040167
v -0.000000 0.000000 -0.040288
v -0.000000 0.001157 -0.040629
v -0.000000 0.003471 -0.041115
v -0.000000 0.006942 -0.041305
v -0.000000 0.013883 -0.041348
v -0.000000 0.023138 -0.041302
v -0.000000 0.037021 -0.041158
v -0.000000 0.050904 -0.040443
v -0.000000 0.064788 -0.041112
v -0.000000 0.078671 -0.040668
v -0.000000 0.092554 -0.040646
v -0.000000 0.106437 -0.040549
v -0.000000 0.120320 -0.040979
v -0.000000 0.134203 -0.040909
v -0.000000 0.148086 -0.041043
v -0.000000 0.161969 -0.040896
v -0.000000 0.175852 -0.039728
v -0.000000 0.189735 -0.039861
v -0.000000 0.198990 -0.040538
v -0.000000 0.205932 -0.039907
v -0.000000 0.211716 -0.038963
v -0.000000 0.217501 -0.037407
v -0.000000 0.222129 -0.035027
v -0.000000 0.225599 -0.032849
v -0.000000 0.229070 -0.032953
v -0.000000 0.231847 -0.031559
v -0.000000 0.234161 -0.030182
v -0.000000 0.236012 -0.029371
v -0.000000 0.240512 -0.024500
v -0.000000 0.244512 -0.020500
v -0.000000 0.248012 -0.019000
v -0.000000 0.252012 -0.019000
v -0.000000 0.254512 -0.020500
v -0.000000 0.257012 -0.020500
v -0.000000 0.258512 -0.019000
v -0.000000 0.264012 -0.019000
v 0.000000 0.004500 0.000000
v -0.001470 0.003500 -0.014928
v -0.002744 0.001200 -0.027865
v -0.003937 -0.000694 -0.039973
v -0.003949 0.000000 -0.040094
v -0.003982 0.001157 -0.040433
v -0.004030 0.003471 -0.040917
v -0.004049 0.006942 -0.041106
v -0.004053 0.013883 -0.041149
v -0.004048 0.023138 -0.041103
v -0.004034 0.037021 -0.040960
v -0.003964 0.050904 -0.040249
v -0.004030 0.064788 -0.040914
v -0.003986 0.078671 -0.040472
v -0.003984 0.092554 -0.040450
v -0.003974 0.106437 -0.040354
v -0.004017 0.120320 -0.040782
v -0.004010 0.134203 -0.040712
v -0.004023 0.148086 -0.040846
v -0.004009 0.161969 -0.040699
v -0.003894 0.175852 -0.039537
v -0.003907 0.189735 -0.039669
v -0.003973 0.198990 -0.040343
v -0.003912 0.205932 -0.039715
v -0.003819 0.211716 -0.038775
v -0.003667 0.217501 -0.037227
v -0.003433 0.222129 -0.034858
v -0.003220 0.225599 -0.032691
v -0.003230 0.229070 -0.032795
v -0.003093 0.231847 -0.031407
v -0.002958 0.234161 -0.030037
v -0.002879 0.236012 -0.029230
v -0.002401 0.240512 -0.024382
v -0.002009 0.244512 -0.020401
v -0.001862 0.248012 -0.018909
v -0.001862 0.252012 -0.018909
v -0.002009 0.254512 -0.020401
v -0.002009 0.257012 -0.020401
v -0.001862 0.258512 -0.018909
v -0.001862 0.264012 -0.018909
v 0.000000 0.004500 0.000000
v -0.002926 0.003500 -0.014712
v -0.005463 0.001200 -0.027462
v -0.007836 -0.000694 -0.039395
v -0.007860 0.000000 -0.039514
v -0.007926 0.001157 -0.039848
v -0.008021 0.003471 -0.040325
v -0.008058 0.006942 -0.040512
v -0.008067 0.013883 -0.040554
v -0.008058 0.023138 -0.040508
v -0.008030 0.037021 -0.040367
v -0.007890 0.050904 -0.039666
v -0.008020 0.064788 -0.040322
v -0.007934 0.078671 -0.039887
v -0.007930 0.092554 -0.039865
v -0.007911 0.106437 -0.039770
v -0.007995 0.120320 -0.040191
v -0.007981 0.134203 -0.040123
v -0.008007 0.148086 -0.040255
v -0.007978 0.161969 -0.040110
v -0.007751 0.175852 -0.038965
v -0.007777 0.189735 -0.039095
v -0.007909 0.198990 -0.039759
v -0.007786 0.205932 -0.039141
v -0.007601 0.211716 -0.038214
v -0.007298 0.217501 -0.036688
v -0.006833 0.222129 -0.034354
v -0.006408 0.225599 -0.032218
v -0.006429 0.229070 -0.032320
v -0.006157 0.231847 -0.030952
v -0.005888 0.234161 -0.029602
v -0.005730 0.236012 -0.028807
v -0.004780 0.240512 -0.024029
v -0.003999 0.244512 -0.020106
v -0.003707 0.248012 -0.018635
v -0.003707 0.252012 -0.018635
v -0.003999 0.254512 -0.020106
v -0.003999 0.257012 -0.020106
v -0.003707 0.258512 -0.018635
v -0.003707 0.264012 -0.018635
v 0.000000 0.004500 0.000000
v -0.004354 0.003500 -0.014354
v -0.008128 0.001200 -0.026794
v -0.011660 -0.000694 -0.038437
v -0.011695 0.000000 -0.038553
v -0.011794 0.001157 -0.038879
v -0.011935 0.003471 -0.039345
v -0.011990 0.006942 -0.039527
v -0.012003 0.013883 -0.039568
v -0.011989 0.023138 -0.039524
v -0.011948 0.037021 -0.039386
v -0.011740 0.050904 -0.038702
v -0.011934 0.064788 -0.039341
v -0.011805 0.078671 -0.038917
v -0.011799 0.092554 -0.038896
v -0.011771 0.106437 -0.038803
v -0.011896 0.120320 -0.039214
v -0.011875 0.134203 -0.039148
v -0.011914 0.148086 -0.039276
v -0.011872 0.161969 -0.039135
v -0.011532 0.175852 -0.038017
v -0.011571 0.189735 -0.038145
v -0.011768 0.198990 -0.038793
v -0.011584 0.205932 -0.038189
v -0.011310 0.211716 -0.037285
v -0.010859 0.217501 -0.035796
v -0.010168 0.222129 -0.033519
v -0.009536 0.225599 -0.031434
v -0.009566 0.229070 -0.031534
v -0.009161 0.231847 -0.030200
v -0.008761 0.234161 -0.028883
v -0.008526 0.236012 -0.028107
v -0.007112 0.240512 -0.023445
v -0.005951 0.244512 -0.019617
v -0.005515 0.248012 -0.018182
v -0.005515 0.252012 -0.018182
v -0.005951 0.254512 -0.019617
v -0.005951 0.257012 -0.019617
v -0.005515 0.258512 -0.018182
v -0.005515 0.264012 -0.018182
v 0.000000 0.004500 0.000000
v -0.005740 0.003500 -0.013858
v -0.010715 0.001200 -0.025869
v -0.015371 -0.000694 -0.037109
v -0.015417 0.000000 -0.037221
v -0.015548 0.001157 -0.037536
v -0.015734 0.003471 -0.037985
v -0.015807 0.006942 -0.038161
v -0.015823 0.013883 -0.038201
v -0.015806 0.023138 -0.038158
v -0.015750 0.037021 -0.038025
v -0.015477 0.050904 -0.037365
v -0.015733 0.064788 -0.037982
v -0.015563 0.078671 -0.037572
v -0.015555 0.092554 -0.037552
v -0.015517 0.106437 -0.037462
v -0.015682 0.120320 -0.037860
v -0.015655 0.134203 -0.037795
v -0.015707 0.148086 -0.037919
v -0.015650 0.161969 -0.037783
v -0.015203 0.175852 -0.036704
v -0.015254 0.189735 -0.036827
v -0.015513 0.198990 -0.037452
v -0.015272 0.205932 -0.036870
v -0.014910 0.211716 -0.035997
v -0.014315 0.217501 -0.034559
v -0.013404 0.222129 -0.032361
v -0.012571 0.225599 -0.030348
v -0.012611 0.229070 -0.030445
v -0.012077 0.231847 -0.029156
v -0.011550 0.234161 -0.027885
v -0.011240 0.236012 -0.027136
v -0.009376 0.240512 -0.022635
v -0.007845 0.244512 -0.018940
v -0.007271 0.248012 -0.017554
v -0.007271 0.252012 -0.017554
v -0.007845 0.254512 -0.018940
v -0.007845 0.257012 -0.018940
v -0.007271 0.258512 -0.017554
v -0.007271 0.264012 -0.017554
v 0.000000 0.004500 0.000000
v -0.007071 0.003500 -0.013229
v -0.013199 0.001200 -0.024694
v -0.018935 -0.000694 -0.035424
v -0.018991 0.000000 -0.035531
v -0.019152 0.001157 -0.035831
v -0.019382 0.003471 -0.036260
v -0.019471 0.006942 -0.036428
v -0.019491 0.013883 -0.036466
v -0.019470 0.023138 -0.036425
v -0.019402 0.037021 -0.036298
v -0.019065 0.050904 -0.035668
v -0.019380 0.064788 -0.036257
v -0.019171 0.078671 -0.035866
v -0.019160 0.092554 -0.035847
v -0.019115 0.106437 -0.035761
v -0.019317 0.120320 -0.036140
v -0.019284 0.134203 -0.036079
v -0.019348 0.148086 -0.036197
v -0.019278 0.161969 -0.036067
v -0.018728 0.175852 -0.035037
v -0.018791 0.189735 -0.035155
v -0.019110 0.198990 -0.035752
v -0.018812 0.205932 -0.035195
v -0.018367 0.211716 -0.034362
v -0.017633 0.217501 -0.032990
v -0.016512 0.222129 -0.030891
v -0.015485 0.225599 -0.028970
v -0.015534 0.229070 -0.029062
v -0.014877 0.231847 -0.027832
v -0.014228 0.234161 -0.026619
v -0.013846 0.236012 -0.025903
v -0.011549 0.240512 -0.021607
v -0.009664 0.244512 -0.018079
v -0.008957 0.248012 -0.016757
v -0.008957 0.252012 -0.016757
v -0.009664 0.254512 -0.018079
v -0.009664 0.257012 -0.018079
v -0.008957 0.258512 -0.016757
v -0.008957 0.264012 -0.016757
v 0.000000 0.004500 0.000000
v -0.008334 0.003500 -0.012472
v -0.015556 0.001200 -0.023281
v -0.022316 -0.000694 -0.033398
v -0.022383 0.000000 -0.033498
v -0.022572 0.001157 -0.033782
v -0.022842 0.003471 -0.034186
v -0.022948 0.006942 -0.034344
v -0.022972 0.013883 -0.034380
v -0.022946 0.023138 -0.034341
v -0.022866 0.037021 -0.034222
v -0.022469 0.050904 -0.033627
v -0.022840 0.064788 -0.034183
v -0.022594 0.078671 -0.033814
v -0.022582 0.092554 -0.033796
v -0.022528 0.106437 -0.033715
v -0.022767 0.120320 -0.034073
v -0.022728 0.134203 -0.034015
v -0.022803 0.148086 -0.034126
v -0.022721 0.161969 -0.034004
v -0.022072 0.175852 -0.033033
v -0.022146 0.189735 -0.033143
v -0.022522 0.198990 -0.033706
v -0.022171 0.205932 -0.033182
v -0.021647 0.211716 -0.032397
v -0.020782 0.217501 -0.031103
v -0.019460 0.222129 -0.029124
v -0.018250 0.225599 -0.027313
v -0.018308 0.229070 -0.027400
v -0.017533 0.231847 -0.026240
v -0.016768 0.234161 -0.025096
v -0.016318 0.236012 -0.024421
v -0.013611 0.240512 -0.020371
v -0.011389 0.244512 -0.017045
v -0.010556 0.248012 -0.015798
v -0.010556 0.252012 -0.015798
v -0.011389 0.254512 -0.017045
v -0.011389 0.257012 -0.017045
v -0.010556 0.258512 -0.015798
v -0.010556 0.264012 -0.015798
v 0.000000 0.004500 0.000000
v -0.009516 0.003500 -0.011595
v -0.017763 0.001200 -0.021644
v -0.025482 -0.000694 -0.031049
v -0.025558 0.000000 -0.031143
v -0.025775 0.001157 -0.031406
v -0.026083 0.003471 -0.031782
v -0.026204 0.006942 -0.031929
v -0.026231 0.013883 -0.031962
v -0.026202 0.023138 -0.031927
v -0.026110 0.037021 -0.031816
v -0.025657 0.050904 -0.031263
v -0.026081 0.064788 -0.031780
v -0.025799 0.078671 -0.031437
v -0.025786 0.092554 -0.031420
v -0.025724 0.106437 -0.031345
v -0.025997 0.120320 -0.031677
v -0.025952 0.134203 -0.031623
v -0.026038 0.148086 -0.031727
v -0.025944 0.161969 -0.031613
v -0.025203 0.175852 -0.030710
v -0.025288 0.189735 -0.030813
v -0.025717 0.198990 -0.031336
v -0.025317 0.205932 -0.030849
v -0.024718 0.211716 -0.030119
v -0.023731 0.217501 -0.028916
v -0.022221 0.222129 -0.027076
v -0.020839 0.225599 -0.025393
v -0.020905 0.229070 -0.025473
v -0.020021 0.231847 -0.024395
v -0.019148 0.234161 -0.023331
v -0.018633 0.236012 -0.022704
v -0.015543 0.240512 -0.018939
v -0.013005 0.244512 -0.015847
v -0.012053 0.248012 -0.014687
v -0.012053 0.252012 -0.014687
v -0.013005 0.254512 -0.015847
v -0.013005 0.257012 -0.015847
v -0.012053 0.258512 -0.014687
v -0.012053 0.264012 -0.014687
v 0.000000 0.004500 0.000000
v -0.010607 0.003500 -0.010607
v -0.019799 0.001200 -0.019799
v -0.028402 -0.000694 -0.028402
v -0.028488 0.000000 -0.028488
v -0.028729 0.001157 -0.028729
v -0.029073 0.003471 -0.029073
v -0.029207 0.006942 -0.029207
v -0.029238 0.013883 -0.029238
v -0.029205 0.023138 -0.029205
v -0.029103 0.037021 -0.029103
v -0.028598 0.050904 -0.028598
v -0.029070 0.064788 -0.029070
v -0.028757 0.078671 -0.028757
v -0.028741 0.092554 -0.028741
v -0.028672 0.106437 -0.028672
v -0.028976 0.120320 -0.028976
v -0.028927 0.134203 -0.028927
v -0.029022 0.148086 -0.029022
v -0.028918 0.161969 -0.028918
v -0.028092 0.175852 -0.028092
v -0.028186 0.189735 -0.028186
v -0.028665 0.198990 -0.028665
v -0.028219 0.205932 -0.028219
v -0.027551 0.211716 -0.027551
v -0.026451 0.217501 -0.026451
v -0.024768 0.222129 -0.024768
v -0.023228 0.225599 -0.023228
v -0.023302 0.229070 -0.023302
v -0.022315 0.231847 -0.022315
v -0.021342 0.234161 -0.021342
v -0.020769 0.236012 -0.020769
v -0.017324 0.240512 -0.017324
v -0.014496 0.244512 -0.014496
v -0.013435 0.248012 -0.013435
v -0.013435 0.252012 -0.013435
v -0.014496 0.254512 -0.014496
v -0.014496 0.257012 -0.014496
v -0.013435 0.258512 -0.013435
v -0.013435 0.264012 -0.013435
v 0.000000 0.004500 0.000000
v -0.011595 0.003500 -0.009516
v -0.021644 0.001200 -0.017763
v -0.031049 -0.000694 -0.025482
v -0.031143 0.000000 -0.025558
v -0.031406 0.001157 -0.025775
v -0.031782 0.003471 -0.026083
v -0.031929 0.006942 -0.026204
v -0.031962 0.013883 -0.026231
v -0.031927 0.023138 -0.026202
v -0.031816 0.037021 -0.026110
v -0.031263 0.050904 -0.025657
v -0.031780 0.064788 -0.026081
v -0.031437 0.078671 -0.025799
v -0.031420 0.092554 -0.025786
v -0.031345 0.106437 -0.025724
v -0.031677 0.120320 -0.025997
v -0.031623 0.134203 -0.025952
v -0.031727 0.148086 -0.026038
v -0.031613 0.161969 -0.025944
v -0.030710 0.175852 -0.025203
v -0.030813 0.189735 -0.025288
v -0.031336 0.198990 -0.025717
v -0.030849 0.205932 -0.025317
v -0.030119 0.211716 -0.024718
v -0.028916 0.217501 -0.023731
v -0.027076 0.222129 -0.022221
v -0.025393 0.225599 -0.020839
v -0.025473 0.229070 -0.020905
v -0.024395 0.231847 -0.020021
v -0.023331 0.234161 -0.019148
v -0.022704 0.236012 -0.018633
v -0.018939 0.240512 -0.015543
v -0.015847 0.244512 -0.013005
v -0.014687 0.248012 -0.012053
v -0.014687 0.252012 -0.012053
v -0.015847 0.254512 -0.013005
v -0.015847 0.257012 -0.013005
v -0.014687 0.258512 -0.012053
v -0.014687 0.264012 -0.012053
v 0.000000 0.004500 0.000000
v -0.012472 0.003500 -0.008334
v -0.023281 0.001200 -0.015556
v -0.033398 -0.000694 -0.022316
v -0.033498 0.000000 -0.022383
v -0.033782 0.001157 -0.022572
v -0.034186 0.003471 -0.022842
v -0.034344 0.006942 -0.022948
v -0.034380 0.013883 -0.022972
v -0.034341 0.023138 -0.022946
v -0.034222 0.037021 -0.022866
v -0.033627 0.050904 -0.022469
v -0.034183 0.064788 -0.022840
v -0.033814 0.078671 -0.022594
v -0.033796 0.092554 -0.022582
v -0.033715 0.106437 -0.022528
v -0.034073 0.120320 -0.022767
v -0.034015 0.134203 -0.022728
v -0.034126 0.148086 -0.022803
v -0.034004 0.161969 -0.022721
v -0.033033 0.175852 -0.022072
v -0.033143 0.189735 -0.022146
v -0.033706 0.198990 -0.022522
v -0.033182 0.205932 -0.022171
v -0.032397 0.211716 -0.021647
v -0.031103 0.217501 -0.020782
v -0.029124 0.222129 -0.019460
v -0.027313 0.225599 -0.018250
v -0.027400 0.229070 -0.018308
v -0.026240 0.231847 -0.017533
v -0.025096 0.234161 -0.016768
v -0.024421 0.236012 -0.016318
v -0.020371 0.240512 -0.013611
v -0.017045 0.244512 -0.011389
v -0.015798 0.248012 -0.010556
v -0.015798 0.252012 -0.010556
v -0.017045 0.254512 -0.011389
v -0.017045 0.257012 -0.011389
v -0.015798 0.258512 -0.010556
v -0.015798 0.264012 -0.010556
v 0.000000 0.004500 0.000000
v -0.013229 0.003500 -0.007071
v -0.024694 0.001200 -0.013199
v -0.035424 -0.000694 -0.018935
v -0.035531 0.000000 -0.018991
v -0.035831 0.001157 -0.019152
v -0.036260 0.003471 -0.019382
v -0.036428 0.006942 -0.019471
v -0.036466 0.013883 -0.019491
v -0.036425 0.023138 -0.019470
v -0.036298 0.037021 -0.019402
v -0.035668 0.050904 -0.019065
v -0.036257 0.064788 -0.019380
v -0.035866 0.078671 -0.019171
v -0.035847 0.092554 -0.019160
v -0.035761 0.106437 -0.019115
v -0.036140 0.120320 -0.019317
v -0.036079 0.134203 -0.019284
v -0.036197 0.148086 -0.019348
v -0.036067 0.161969 -0.019278
v -0.035037 0.175852 -0.018728
v -0.035155 0.189735 -0.018791
v -0.035752 0.198990 -0.019110
v -0.035195 0.205932 -0.018812
v -0.034362 0.211716 -0.018367
v -0.032990 0.217501 -0.017633
v -0.030891 0.222129 -0.016512
v -0.028970 0.225599 -0.015485
v -0.029062 0.229070 -0.015534
v -0.027832 0.231847 -0.014877
v -0.026619 0.234161 -0.014228
v -0.025903 0.236012 -0.013846
v -0.021607 0.240512 -0.011549
v -0.018079 0.244512 -0.009664
v -0.016757 0.248012 -0.008957
v -0.016757 0.252012 -0.008957
v -0.018079 0.254512 -0.009664
v -0.018079 0.257012 -0.009664
v -0.016757 0.258512 -0.008957
v -0.016757 0.264012 -0.008957
v 0.000000 0.004500 0.000000
v -0.013858 0.003500 -0.005740
v -0.025869 0.001200 -0.010715
v -0.037109 -0.000694 -0.015371
v -0.037221 0.000000 -0.015417
v -0.037536 0.001157 -0.015548
v -0.037985 0.003471 -0.015734
v -0.038161 0.006942 -0.015807
v -0.038201 0.013883 -0.015823
v -0.038158 0.023138 -0.015806
v -0.038025 0.037021 -0.015750
v -0.037365 0.050904 -0.015477
v -0.037982 0.064788 -0.015733
v -0.037572 0.078671 -0.015563
v -0.037552 0.092554 -0.015555
v -0.037462 0.106437 -0.015517
v -0.037860 0.120320 -0.015682
v -0.037795 0.134203 -0.015655
v -0.037919 0.148086 -0.015707
v -0.037783 0.161969 -0.015650
v -0.036704 0.175852 -0.015203
v -0.036827 0.189735 -0.015254
v -0.037452 0.198990 -0.015513
v -0.036870 0.205932 -0.015272
v -0.035997 0.211716 -0.014910
v -0.034559 0.217501 -0.014315
v -0.032361 0.222129 -0.013404
v -0.030348 0.225599 -0.012571
v -0.030445 0.229070 -0.012611
v -0.029156 0.231847 -0.012077
v -0.027885 0.234161 -0.011550
v -0.027136 0.236012 -0.011240
v -0.022635 0.240512 -0.009376
v -0.018940 0.244512 -0.007845
v -0.017554 0.248012 -0.007271
v -0.017554 0.252012 -0.007271
v -0.018940 0.254512 -0.007845
v -0.018940 0.257012 -0.007845
v -0.017554 0.258512 -0.007271
v -0.017554 0.264012 -0.007271
v 0.000000 0.004500 0.000000
v -0.014354 0.003500 -0.004354
v -0.026794 0.001200 -0.008128
v -0.038437 -0.000694 -0.011660
v -0.038553 0.000000 -0.011695
v -0.038879 0.001157 -0.011794
v -0.039345 0.003471 -0.011935
v -0.039527 0.006942 -0.011990
v -0.039568 0.013883 -0.012003
v -0.039524 0.023138 -0.011989
v -0.039386 0.037021 -0.011948
v -0.038702 0.050904 -0.011740
v -0.039341 0.064788 -0.011934
v -0.038917 0.078671 -0.011805
v -0.038896 0.092554 -0.011799
v -0.038803 0.106437 -0.011771
v -0.039214 0.120320 -0.011896
v -0.039148 0.134203 -0.011875
v -0.039276 0.148086 -0.011914
v -0.039135 0.161969 -0.011872
v -0.038017 0.175852 -0.011532
v -0.038145 0.189735 -0.011571
v -0.038793 0.198990 -0.011768
v -0.038189 0.205932 -0.011584
v -0.037285 0.211716 -0.011310
v -0.035796 0.217501 -0.010859
v -0.033519 0.222129 -0.010168
v -0.031434 0.225599 -0.009536
v -0.031534 0.229070 -0.009566
v -0.030200 0.231847 -0.009161
v -0.028883 0.234161 -0.008761
v -0.028107 0.236012 -0.008526
v -0.023445 0.240512 -0.007112
v -0.019617 0.244512 -0.005951
v -0.018182 0.248012 -0.005515
v -0.018182 0.252012 -0.005515
v -0.019617 0.254512 -0.005951
v -0.019617 0.257012 -0.005951
v -0.018182 0.258512 -0.005515
v -0.018182 0.264012 -0.005515
v 0.000000 0.004500 0.000000
v -0.014712 0.003500 -0.002926
v -0.027462 0.001200 -0.005463
v -0.039395 -0.000694 -0.007836
v -0.039514 0.000000 -0.007860
v -0.039848 0.001157 -0.007926
v -0.040325 0.003471 -0.008021
v -0.040512 0.006942 -0.008058
v -0.040554 0.013883 -0.008067
v -0.040508 0.023138 -0.008058
v -0.040367 0.037021 -0.008030
v -0.039666 0.050904 -0.007890
v -0.040322 0.064788 -0.008020
v -0.039887 0.078671 -0.007934
v -0.039865 0.092554 -0.007930
v -0.039770 0.106437 -0.007911
v -0.040191 0.120320 -0.007995
v -0.040123 0.134203 -0.007981
v -0.040255 0.148086 -0.008007
v -0.040110 0.161969 -0.007978
v -0.038965 0.175852 -0.007751
v -0.039095 0.189735 -0.007777
v -0.039759 0.198990 -0.007909
v -0.039141 0.205932 -0.007786
v -0.038214 0.211716 -0.007601
v -0.036688 0.217501 -0.007298
v -0.034354 0.222129 -0.006833
v -0.032218 0.225599 -0.006408
v -0.032320 0.229070 -0.006429
v -0.030952 0.231847 -0.006157
v -0.029602 0.234161 -0.005888
v -0.028807 0.236012 -0.005730
v -0.024029 0.240512 -0.004780
v -0.020106 0.244512 -0.003999
v -0.018635 0.248012 -0.003707
v -0.018635 0.252012 -0.003707
v -0.020106 0.254512 -0.003999
v -0.020106 0.257012 -0.003999
v -0.018635 0.258512 -0.003707
v -0.018635 0.264012 -0.003707
v 0.000000 0.004500 0.000000
v -0.014928 0.003500 -0.001470
v -0.027865 0.001200 -0.002744
v -0.039973 -0.000694 -0.003937
v -0.040094 0.000000 -0.003949
v -0.040433 0.001157 -0.003982
v -0.040917 0.003471 -0.004030
v -0.041106 0.006942 -0.004049
v -0.041149 0.013883 -0.004053
v -0.041103 0.023138 -0.004048
v -0.040960 0.037021 -0.004034
v -0.040249 0.050904 -0.003964
v -0.040914 0.064788 -0.004030
v -0.040472 0.078671 -0.003986
v -0.040450 0.092554 -0.003984
v -0.040354 0.106437 -0.003974
v -0.040782 0.120320 -0.004017
v -0.040712 0.134203 -0.004010
v -0.040846 0.148086 -0.004023
v -0.040699 0.161969 -0.004009
v -0.039537 0.175852 -0.003894
v -0.039669 0.189735 -0.003907
v -0.040343 0.198990 -0.003973
v -0.039715 0.205932 -0.003912
v -0.038775 0.211716 -0.003819
v -0.037227 0.217501 -0.003667
v -0.034858 0.222129 -0.003433
v -0.032691 0.225599 -0.003220
v -0.032795 0.229070 -0.003230
v -0.031407 0.231847 -0.003093
v -0.030037 0.234161 -0.002958
v -0.029230 0.236012 -0.002879
v -0.024382 0.240512 -0.002401
v -0.020401 0.244512 -0.002009
v -0.018909 0.248012 -0.001862
v -0.018909 0.252012 -0.001862
v -0.020401 0.254512 -0.002009
v -0.020401 0.257012 -0.002009
v -0.018909 0.258512 -0.001862
v -0.018909 0.264012 -0.001862
v 0.000000 0.004500 0.000000
v -0.015000 0.003500 0.000000
v -0.028000 0.001200 0.000000
v -0.040167 -0.000694 0.000000
v -0.040288 0.000000 0.000000
v -0.040629 0.001157 0.000000
v -0.041115 0.003471 0.000000
v -0.041305 0.006942 0.000000
v -0.041348 0.013883 0.000000
v -0.041302 0.023138 0.000000
v -0.041158 0.037021 0.000000
v -0.040443 0.050904 0.000000
v -0.041112 0.064788 0.000000
v -0.040668 0.078671 0.000000
v -0.040646 0.092554 0.000000
v -0.040549 0.106437 0.000000
v -0.040979 0.120320 0.000000
v -0.040909 0.134203 0.000000
v -0.041043 0.148086 0.000000
v -0.040896 0.161969 0.000000
v -0.039728 0.175852 0.000000
v -0.039861 0.189735 0.000000
v -0.040538 0.198990 0.000000
v -0.039907 0.205932 0.000000
v -0.038963 0.211716 0.000000
v -0.037407 0.217501 0.000000
v -0.035027 0.222129 0.000000
v -0.032849 0.225599 0.000000
v -0.032953 0.229070 0.000000
v -0.031559 0.231847 0.000000
v -0.030182 0.234161 0.000000
v -0.029371 0.236012 0.000000
v -0.024500 0.240512 0.000000
v -0.020500 0.244512 0.000000
v -0.019000 0.248012 0.000000
v -0.019000 0.252012 0.000000
v -0.020500 0.254512 0.000000
v -0.020500 0.257012 0.000000
v -0.019000 0.258512 0.000000
v -0.019000 0.264012 0.000000
v 0.000000 0.004500 0.000000
v -0.014928 0.003500 0.001470
v -0.027865 0.001200 0.002744
v -0.039973 -0.000694 0.003937
v -0.040094 0.000000 0.003949
v -0.040433 0.001157 0.003982
v -0.040917 0.003471 0.004030
v -0.041106 0.006942 0.004049
v -0.041149 0.013883 0.004053
v -0.041103 0.023138 0.004048
v -0.040960 0.037021 0.004034
v -0.040249 0.050904 0.003964
v -0.040914 0.064788 0.004030
v -0.040472 0.078671 0.003986
v -0.040450 0.092554 0.003984
v -0.040354 0.106437 0.003974
v -0.040782 0.120320 0.004017
v -0.040712 0.134203 0.004010
v -0.040846 0.148086 0.004023
v -0.040699 0.161969 0.004009
v -0.039537 0.175852 0.003894
v -0.039669 0.189735 0.003907
v -0.040343 0.198990 0.003973
v -0.039715 0.205932 0.003912
v -0.038775 0.211716 0.003819
v -0.037227 0.217501 0.003667
v -0.034858 0.222129 0.003433
v -0.032691 0.225599 0.003220
v -0.032795 0.229070 0.003230
v -0.031407 0.231847 0.003093
v -0.030037 0.234161 0.002958
v -0.029230 0.236012 0.002879
v -0.024382 0.240512 0.002401
v -0.020401 0.244512 0.002009
v -0.018909 0.248012 0.001862
v -0.018909 0.252012 0.001862
v -0.020401 0.254512 0.002009
v -0.020401 0.257012 0.002009
v -0.018909 0.258512 0.001862
v -0.018909 0.264012 0.001862
v 0.000000 0.004500 0.000000
v -0.014712 0.003500 0.002926
v -0.027462 0.001200 0.005463
v -0.039395 -0.000694 0.007836
v -0.039514 0.000000 0.007860
v -0.039848 0.001157 0.007926
v -0.040325 0.003471 0.008021
v -0.040512 0.006942 0.008058
v -0.040554 0.013883 0.008067
v -0.040508 0.023138 0.008058
v -0.040367 0.037021 0.008030
v -0.039666 0.050904 0.007890
v -0.040322 0.064788 0.008020
v -0.039887 0.078671 0.007934
v -0.039865 0.092554 0.007930
v -0.039770 0.106437 0.007911
v -0.040191 0.120320 0.007995
v -0.040123 0.134203 0.007981
v -0.040255 0.148086 0.008007
v -0.040110 0.161969 0.007978
v -0.038965 0.175852 0.007751
v -0.039095 0.189735 0.007777
v -0.039759 0.198990 0.007909
v -0.039141 0.205932 0.007786
v -0.038214 0.211716 0.007601
v -0.036688 0.217501 0.007298
v -0.034354 0.222129 0.006833
v -0.032218 0.225599 0.006408
v -0.032320 0.229070 0.006429
v -0.030952 0.231847 0.006157
v -0.029602 0.234161 0.005888
v -0.028807 0.236012 0.005730
v -0.024029 0.240512 0.004780
v -0.020106 0.244512 0.003999
v -0.018635 0.248012 0.003707
v -0.018635 0.252012 0.003707
v -0.020106 0.254512 0.003999
v -0.020106 0.257012 0.003999
v -0.018635 0.258512 0.003707
v -0.018635 0.264012 0.003707
v 0.000000 0.004500 0.000000
v -0.014354 0.003500 0.004354
v -0.026794 0.001200 0.008128
v -0.038437 -0.000694 0.011660
v -0.038553 0.000000 0.011695
v -0.038879 0.001157 0.011794
v -0.039345 0.003471 0.011935
v -0.039527 0.006942 0.011990
v -0.039568 0.013883 0.012003
v -0.039524 0.023138 0.011989
v -0.039386 0.037021 0.011948
v -0.038702 0.050904 0.011740
v -0.039341 0.064788 0.011934
v -0.038917 0.078671 0.011805
v -0.038896 0.092554 0.011799
v -0.038803 0.106437 0.011771
v -0.039214 0.120320 0.011896
v -0.039148 0.134203 0.011875
v -0.039276 0.148086 0.011914
v -0.039135 0.161969 0.011872
v -0.038017 0.175852 0.011532
v -0.038145 0.189735 0.011571
v -0.038793 0.198990 0.011768
v -0.038189 0.205932 0.011584
v -0.037285 0.211716 0.011310
v -0.035796 0.217501 0.010859
v -0.033519 0.222129 0.010168
v -0.031434 0.225599 0.009536
v -0.031534 0.229070 0.009566
v -0.030200 0.231847 0.009161
v -0.028883 0.234161 0.008761
v -0.028107 0.236012 0.008526
v -0.023445 0.240512 0.007112
v -0.019617 0.244512 0.005951
v -0.018182 0.248012 0.005515
v -0.018182 0.252012 0.005515
v -0.019617 0.254512 0.005951
v -0.019617 0.257012 0.005951
v -0.018182 0.258512 0.005515
v -0.018182 0.264012 0.005515
v 0.000000 0.004500 0.000000
v -0.013858 0.003500 0.005740
v -0.025869 0.001200 0.010715
v -0.037109 -0.000694 0.015371
v -0.037221 0.000000 0.015417
v -0.037536 0.001157 0.015548
v -0.037985 0.003471 0.015734
v -0.038161 0.006942 0.015807
v -0.038201 0.013883 0.015823
v -0.038158 0.023138 0.015806
v -0.038025 0.037021 0.015750
v -0.037365 0.050904 0.015477
v -0.037982 0.064788 0.015733
v -0.037572 0.078671 0.015563
v -0.037552 0.092554 0.015555
v -0.037462 0.106437 0.015517
v -0.037860 0.120320 0.015682
v -0.037795 0.134203 0.015655
v -0.037919 0.148086 0.015707
v -0.037783 0.161969 0.015650
v -0.036704 0.175852 0.015203
v -0.036827 0.189735 0.015254
v -0.037452 0.198990 0.015513
v -0.036870 0.205932 0.015272
v -0.035997 0.211716 0.014910
v -0.034559 0.217501 0.014315
v -0.032361 0.222129 0.013404
v -0.030348 0.225599 0.012571
v -0.030445 0.229070 0.012611
v -0.029156 0.231847 0.012077
v -0.027885 0.234161 0.011550
v -0.027136 0.236012 0.011240
v -0.022635 0.240512 0.009376
v -0.018940 0.244512 0.007845
v -0.017554 0.248012 0.007271
v -0.017554 0.252012 0.007271
v -0.018940 0.254512 0.007845
v -0.018940 0.257012 0.007845
v -0.017554 0.258512 0.007271
v -0.017554 0.264012 0.007271
v 0.000000 0.004500 0.000000
v -0.013229 0.003500 0.007071
v -0.024694 0.001200 0.013199
v -0.035424 -0.000694 0.018935
v -0.035531 0.000000 0.018991
v -0.035831 0.001157 0.019152
v -0.036260 0.003471 0.019382
v -0.036428 0.006942 0.019471
v -0.036466 0.013883 0.019491
v -0.036425 0.023138 0.019470
v -0.036298 0.037021 0.019402
v -0.035668 0.050904 0.019065
v -0.036257 0.064788 0.019380
v -0.035866 0.078671 0.019171
v -0.035847 0.092554 0.019160
v -0.035761 0.106437 0.019115
v -0.036140 0.120320 0.019317
v -0.036079 0.134203 0.019284
v -0.036197 0.148086 0.019348
v -0.036067 0.161969 0.019278
v -0.035037 0.175852 0.018728
v -0.035155 0.189735 0.018791
v -0.035752 0.198990 0.019110
v -0.035195 0.205932 0.018812
v -0.034362 0.211716 0.018367
v -0.032990 0.217501 0.017633
v -0.030891 0.222129 0.016512
v -0.028970 0.225599 0.015485
v -0.029062 0.229070 0.015534
v -0.027832 0.231847 0.014877
v -0.026619 0.234161 0.014228
v -0.025903 0.236012 0.013846
v -0.021607 0.240512 0.011549
v -0.018079 0.244512 0.009664
v -0.016757 0.248012 0.008957
v -0.016757 0.252012 0.008957
v -0.018079 0.254512 0.009664
v -0.018079 0.257012 0.009664
v -0.016757 0.258512 0.008957
v -0.016757 0.264012 0.008957
v 0.000000 0.004500 0.000000
v -0.012472 0.003500 0.008334
v -0.023281 0.001200 0.015556
v -0.033398 -0.000694 0.022316
v -0.033498 0.000000 0.022383
v -0.033782 0.001157 0.022572
v -0.034186 0.003471 0.022842
v -0.034344 0.006942 0.022948
v -0.034380 0.013883 0.022972
v -0.034341 0.023138 0.022946
v -0.034222 0.037021 0.022866
v -0.033627 0.050904 0.022469
v -0.034183 0.064788 0.022840
v -0.033814 0.078671 0.022594
v -0.033796 0.092554 0.022582
v -0.033715 0.106437 0.022528
v -0.034073 0.120320 0.022767
v -0.034015 0.134203 0.022728
v -0.034126 0.148086 0.022803
v -0.034004 0.161969 0.022721
v -0.033033 0.175852 0.022072
v -0.033143 0.189735 0.022146
v -0.033706 0.198990 0.022522
v -0.033182 0.205932 0.022171
v -0.032397 0.211716 0.021647
v -0.031103 0.217501 0.020782
v -0.029124 0.222129 0.019460
v -0.027313 0.225599 0.018250
v -0.027400 0.229070 0.018308
v -0.026240 0.231847 0.017533
v -0.025096 0.234161 0.016768
v -0.024421 0.236012 0.016318
v -0.020371 0.240512 0.013611
v -0.017045 0.244512 0.011389
v -0.015798 0.248012 0.010556
v -0.015798 0.252012 0.010556
v -0.017045 0.254512 0.011389
v -0.017045 0.257012 0.011389
v -0.015798 0.258512 0.010556
v -0.015798 0.264012 0.010556
v 0.000000 0.004500 0.000000
v -0.011595 0.003500 0.009516
v -0.021644 0.001200 0.017763
v -0.031049 -0.000694 0.025482
v -0.031143 0.000000 0.025558
v -0.031406 0.001157 0.025775
v -0.031782 0.003471 0.026083
v -0.031929 0.006942 0.026204
v -0.031962 0.013883 0.026231
v -0.031927 0.023138 0.026202
v -0.031816 0.037021 0.026110
v -0.031263 0.050904 0.025657
v -0.031780 0.064788 0.026081
v -0.031437 0.078671 0.025799
v -0.031420 0.092554 0.025786
v -0.031345 0.106437 0.025724
v -0.031677 0.120320 0.025997
v -0.031623 0.134203 0.025952
v -0.031727 0.148086 0.026038
v -0.031613 0.161969 0.025944
v -0.030710 0.175852 0.025203
v -0.030813 0.189735 0.025288
v -0.031336 0.198990 0.025717
v -0.030849 0.205932 0.025317
v -0.030119 0.211716 0.024718
v -0.028916 0.217501 0.023731
v -0.027076 0.222129 0.022221
v -0.025393 0.225599 0.020839
v -0.025473 0.229070 0.020905
v -0.024395 0.231847 0.020021
v -0.023331 0.234161 0.019148
v -0.022704 0.236012 0.018633
v -0.018939 0.240512 0.015543
v -0.015847 0.244512 0.013005
v -0.014687 0.248012 0.012053
v -0.014687 0.252012 0.012053
v -0.015847 0.254512 0.013005
v -0.015847 0.257012 0.013005
v -0.014687 0.258512 0.012053
v -0.014687 0.264012 0.012053
v 0.000000 0.004500 0.000000
v -0.010607 0.003500 0.010607
v -0.019799 0.001200 0.019799
v -0.028402 -0.000694 0.028402
v -0.028488 0.000000 0.028488
v -0.028729 0.001157 0.028729
v -0.029073 0.003471 0.029073
v -0.029207 0.006942 0.029207
v -0.029238 0.013883 0.029238
v -0.029205 0.023138 0.029205
v -0.029103 0.037021 0.029103
v -0.028598 0.050904 0.028598
v -0.029070 0.064788 0.029070
v -0.028757 0.078671 0.028757
v -0.028741 0.092554 0.028741
v -0.028672 0.106437 0.028672
v -0.028976 0.120320 0.028976
v -0.028927 0.134203 0.028927
v -0.029022 0.148086 0.029022
v -0.028918 0.161969 0.028918
v -0.028092 0.175852 0.028092
v -0.028186 0.189735 0.028186
v -0.028665 0.198990 0.028665
v -0.028219 0.205932 0.028219
v -0.027551 0.211716 0.027551
v -0.026451 0.217501 0.026451
v -0.024768 0.222129 0.024768
v -0.023228 0.225599 0.023228
v -0.023302 0.229070 0.023302
v -0.022315 0.231847 0.022315
v -0.021342 0.234161 0.021342
v -0.020769 0.236012 0.020769
v -0.017324 0.240512 0.017324
v -0.014496 0.244512 0.014496
v -0.013435 0.248012 0.013435
v -0.013435 0.252012 0.013435
v -0.014496 0.254512 0.014496
v -0.014496 0.257012 0.014496
v -0.013435 0.258512 0.013435
v -0.013435 0.264012 0.013435
v 0.000000 0.004500 0.000000
v -0.009516 0.003500 0.011595
v -0.017763 0.001200 0.021644
v -0.025482 -0.000694 0.031049
v -0.025558 0.000000 0.031143
v -0.025775 0.001157 0.031406
v -0.026083 0.003471 0.031782
v -0.026204 0.006942 0.031929
v -0.026231 0.013883 0.031962
v -0.026202 0.023138 0.031927
v -0.026110 0.037021 0.031816
v -0.025657 0.050904 0.031263
v -0.026081 0.064788 0.031780
v -0.025799 0.078671 0.031437
v -0.025786 0.092554 0.031420
v -0.025724 0.106437 0.031345
v -0.025997 0.120320 0.031677
v -0.025952 0.134203 0.031623
v -0.026038 0.148086 0.031727
v -0.025944 0.161969 0.031613
v -0.025203 0.175852 0.030710
v -0.025288 0.189735 0.030813
v -0.025717 0.198990 0.031336
v -0.025317 0.205932 0.030849
v -0.024718 0.211716 0.030119
v -0.023731 0.217501 0.028916
v -0.022221 0.222129 0.027076
v -0.020839 0.225599 0.025393
v -0.020905 0.229070 0.025473
v -0.020021 0.231847 0.024395
v -0.019148 0.234161 0.023331
v -0.018633 0.236012 0.022704
v -0.015543 0.240512 0.018939
v -0.013005 0.244512 0.015847
v -0.012053 0.248012 0.014687
v -0.012053 0.252012 0.014687
v -0.013005 0.254512 0.015847
v -0.013005 0.257012 0.015847
v -0.012053 0.258512 0.014687
v -0.012053 0.264012 0.014687
v 0.000000 0.004500 0.000000
v -0.008334 0.003500 0.012472
v -0.015556 0.001200 0.023281
v -0.022316 -0.000694 0.033398
v -0.022383 0.000000 0.033498
v -0.022572 0.001157 0.033782
v -0.022842 0.003471 0.034186
v -0.022948 0.006942 0.034344
v -0.022972 0.013883 0.034380
v -0.022946 0.023138 0.034341
v -0.022866 0.037021 0.034222
v -0.022469 0.050904 0.033627
v -0.022840 0.064788 0.034183
v -0.022594 0.078671 0.033814
v -0.022582 0.092554 0.033796
v -0.022528 0.106437 0.033715
v -0.022767 0.120320 0.034073
v -0.022728 0.134203 0.034015
v -0.022803 0.148086 0.034126
v -0.022721 0.161969 0.034004
v -0.022072 0.175852 0.033033
v -0.022146 0.189735 0.033143
v -0.022522 0.198990 0.033706
v -0.022171 0.205932 0.033182
v -0.021647 0.211716 0.032397
v -0.020782 0.217501 0.031103
v -0.019460 0.222129 0.029124
v -0.018250 0.225599 0.027313
v -0.018308 0.229070 0.027400
v -0.017533 0.231847 0.026240
v -0.016768 0.234161 0.025096
v -0.016318 0.236012 0.024421
v -0.013611 0.240512 0.020371
v -0.011389 0.244512 0.017045
v -0.010556 0.248012 0.015798
v -0.010556 0.252012 0.015798
v -0.011389 0.254512 0.017045
v -0.011389 0.257012 0.017045
v -0.010556 0.258512 0.015798
v -0.010556 0.264012 0.015798
v 0.000000 0.004500 0.000000
v -0.007071 0.003500 0.013229
v -0.013199 0.001200 0.024694
v -0.018935 -0.000694 0.035424
v -0.018991 0.000000 0.035531
v -0.019152 0.001157 0.035831
v -0.019382 0.003471 0.036260
v -0.019471 0.006942 0.036428
v -0.019491 0.013883 0.036466
v -0.019470 0.023138 0.036425
v -0.019402 0.037021 0.036298
v -0.019065 0.050904 0.035668
v -0.019380 0.064788 0.036257
v -0.019171 0.078671 0.035866
v -0.019160 0.092554 0.035847
v -0.019115 0.106437 0.035761
v -0.019317 0.120320 0.036140
v -0.019284 0.134203 0.036079
v -0.019348 0.148086 0.036197
v -0.019278 0.161969 0.036067
v -0.018728 0.175852 0.035037
v -0.018791 0.189735 0.035155
v -0.019110 0.198990 0.035752
v -0.018812 0.205932 0.035195
v -0.018367 0.211716 0.034362
v -0.017633 0.217501 0.032990
v -0.016512 0.222129 0.030891
v -0.015485 0.225599 0.028970
v -0.015534 0.229070 0.029062
v -0.014877 0.231847 0.027832
v -0.014228 0.234161 0.026619
v -0.013846 0.236012 0.025903
v -0.011549 0.240512 0.021607
v -0.009664 0.244512 0.018079
v -0.008957 0.248012 0.016757
v -0.008957 0.252012 0.016757
v -0.009664 0.254512 0.018079
v -0.009664 0.257012 0.018079
v -0.008957 0.258512 0.016757
v -0.008957 0.264012 0.016757
v 0.000000 0.004500 0.000000
v -0.005740 0.003500 0.013858
v -0.010715 0.001200 0.025869
v -0.015371 -0.000694 0.037109
v -0.015417 0.000000 0.037221
v -0.015548 0.001157 0.037536
v -0.015734 0.003471 0.037985
v -0.015807 0.006942 0.038161
v -0.015823 0.013883 0.038201
v -0.015806 0.023138 0.038158
v -0.015750 0.037021 0.038025
v -0.015477 0.050904 0.037365
v -0.015733 0.064788 0.037982
v -0.015563 0.078671 0.037572
v -0.015555 0.092554 0.037552
v -0.015517 0.106437 0.037462
v -0.015682 0.120320 0.037860
v -0.015655 0.134203 0.037795
v -0.015707 0.148086 0.037919
v -0.015650 0.161969 0.037783
v -0.015203 0.175852 0.036704
v -0.015254 0.189735 0.036827
v -0.015513 0.198990 0.037452
v -0.015272 0.205932 0.036870
v -0.014910 0.211716 0.035997
v -0.014315 0.217501 0.034559
v -0.013404 0.222129 0.032361
v -0.012571 0.225599 0.030348
v -0.012611 0.229070 0.030445
v -0.012077 0.231847 0.029156
v -0.011550 0.234161 0.027885
v -0.011240 0.236012 0.027136
v -0.009376 0.240512 0.022635
v -0.007845 0.244512 0.018940
v -0.007271 0.248012 0.017554
v -0.007271 0.252012 0.017554
v -0.007845 0.254512 0.018940
v -0.007845 0.257012 0.018940
v -0.007271 0.258512 0.017554
v -0.007271 0.264012 0.017554
v 0.000000 0.004500 0.000000
v -0.004354 0.003500 0.014354
v -0.008128 0.001200 0.026794
v -0.011660 -0.000694 0.038437
v -0.011695 0.000000 0.038553
v -0.011794 0.001157 0.038879
v -0.011935 0.003471 0.039345
v -0.011990 0.006942 0.039527
v -0.012003 0.013883 0.039568
v -0.011989 0.023138 0.039524
v -0.011948 0.037021 0.039386
v -0.011740 0.050904 0.038702
v -0.011934 0.064788 0.039341
v -0.011805 0.078671 0.038917
v -0.011799 0.092554 0.038896
v -0.011771 0.106437 0.038803
v -0.011896 0.120320 0.039214
v -0.011875 0.134203 0.039148
v -0.011914 0.148086 0.039276
v -0.011872 0.161969 0.039135
v -0.011532 0.175852 0.038017
v -0.011571 0.189735 0.038145
v -0.011768 0.198990 0.038793
v -0.011584 0.205932 0.038189
v -0.011310 0.211716 0.037285
v -0.010859 0.217501 0.035796
v -0.010168 0.222129 0.033519
v -0.009536 0.225599 0.031434
v -0.009566 0.229070 0.031534
v -0.009161 0.231847 0.030200
v -0.008761 0.234161 0.028883
v -0.008526 0.236012 0.028107
v -0.007112 0.240512 0.023445
v -0.005951 0.244512 0.019617
v -0.005515 0.248012 0.018182
v -0.005515 0.252012 0.018182
v -0.005951 0.254512 0.019617
v -0.005951 0.257012 0.019617
v -0.005515 0.258512 0.018182
v -0.005515 0.264012 0.018182
v 0.000000 0.004500 0.000000
v -0.002926 0.003500 0.014712
v -0.005463 0.001200 0.027462
v -0.007836 -0.000694 0.039395
v -0.007860 0.000000 0.039514
v -0.007926 0.001157 0.039848
v -0.008021 0.003471 0.040325
v -0.008058 0.006942 0.040512
v -0.008067 0.013883 0.040554
v -0.008058 0.023138 0.040508
v -0.008030 0.037021 0.040367
v -0.007890 0.050904 0.039666
v -0.008020 0.064788 0.040322
v -0.007934 0.078671 0.039887
v -0.007930 0.092554 0.039865
v -0.007911 0.106437 0.039770
v -0.007995 0.120320 0.040191
v -0.007981 0.134203 0.040123
v -0.008007 0.148086 0.040255
v -0.007978 0.161969 0.040110
v -0.007751 0.175852 0.038965
v -0.007777 0.189735 0.039095
v -0.007909 0.198990 0.039759
v -0.007786 0.205932 0.039141
v -0.007601 0.211716 0.038214
v -0.007298 0.217501 0.036688
v -0.006833 0.222129 0.034354
v -0.006408 0.225599 0.032218
v -0.006429 0.229070 0.032320
v -0.006157 0.231847 0.030952
v -0.005888 0.234161 0.029602
v -0.005730 0.236012 0.028807
v -0.004780 0.240512 0.024029
v -0.003999 0.244512 0.020106
v -0.003707 0.248012 0.018635
v -0.003707 0.252012 0.018635
v -0.003999 0.254512 0.020106
v -0.003999 0.257012 0.020106
v -0.003707 0.258512 0.018635
v -0.003707 0.264012 0.018635
v 0.000000 0.004500 0.000000
v -0.001470 0.003500 0.014928
v -0.002744 0.001200 0.027865
v -0.003937 -0.000694 0.039973
v -0.003949 0.000000 0.040094
v -0.003982 0.001157 0.040433
v -0.004030 0.003471 0.040917
v -0.004049 0.006942 0.041106
v -0.004053 0.013883 0.041149
v -0.004048 0.023138 0.041103
v -0.004034 0.037021 0.040960
v -0.003964 0.050904 0.040249
v -0.004030 0.064788 0.040914
v -0.003986 0.078671 0.040472
v -0.003984 0.092554 0.040450
v -0.003974 0.106437 0.040354
v -0.004017 0.120320 0.040782
v -0.004010 0.134203 0.040712
v -0.004023 0.148086 0.040846
v -0.004009 0.161969 0.040699
v -0.003894 0.175852 0.039537
v -0.003907 0.189735 0.039669
v -0.003973 0.198990 0.040343
v -0.003912 0.205932 0.039715
v -0.003819 0.211716 0.038775
v -0.003667 0.217501 0.037227
v -0.003433 0.222129 0.034858
v -0.003220 0.225599 0.032691
v -0.003230 0.229070 0.032795
v -0.003093 0.231847 0.031407
v -0.002958 0.234161 0.030037
v -0.002879 0.236012 0.029230
v -0.002401 0.240512 0.024382
v -0.002009 0.244512 0.020401
v -0.001862 0.248012 0.018909
v -0.001862 0.252012 0.018909
v -0.002009 0.254512 0.020401
v -0.002009 0.257012 0.020401
v -0.001862 0.258512 0.018909
v -0.001862 0.264012 0.018909
v 0.000000 0.004500 0.000000
v 0.000000 0.003500 0.015000
v 0.000000 0.001200 0.028000
v 0.000000 -0.000694 0.040167
v 0.000000 0.000000 0.040288
v 0.000000 0.001157 0.040629
v 0.000000 0.003471 0.041115
v 0.000000 0.006942 0.041305
v 0.000000 0.013883 0.041348
v 0.000000 0.023138 0.041302
v 0.000000 0.037021 0.041158
v 0.000000 0.050904 0.040443
v 0.000000 0.064788 0.041112
v 0.000000 0.078671 0.040668
v 0.000000 0.092554 0.040646
v 0.000000 0.106437 0.040549
v 0.000000 0.120320 0.040979
v 0.000000 0.134203 0.040909
v 0.000000 0.148086 0.041043
v 0.000000 0.161969 0.040896
v 0.000000 0.175852 0.039728
v 0.000000 0.189735 0.039861
v 0.000000 0.198990 0.040538
v 0.000000 0.205932 0.039907
v 0.000000 0.211716 0.038963
v 0.000000 0.217501 0.037407
v 0.000000 0.222129 0.035027
v 0.000000 0.225599 0.032849
v 0.000000 0.229070 0.032953
v 0.000000 0.231847 0.031559
v 0.000000 0.234161 0.030182
v 0.000000 0.236012 0.029371
v 0.000000 0.240512 0.024500
v 0.000000 0.244512 0.020500
v 0.000000 0.248012 0.019000
v 0.000000 0.252012 0.019000
v 0.000000 0.254512 0.020500
v 0.000000 0.257012 0.020500
v 0.000000 0.258512 0.019000
v 0.000000 0.264012 0.019000
v 0.000000 0.004500 0.000000
v 0.001470 0.003500 0.014928
v 0.002744 0.001200 0.027865
v 0.003937 -0.000694 0.039973
v 0.003949 0.000000 0.040094
v 0.003982 0.001157 0.040433
v 0.004030 0.003471 0.040917
v 0.004049 0.006942 0.041106
v 0.004053 0.013883 0.041149
v 0.004048 0.023138 0.041103
v 0.004034 0.037021 0.040960
v 0.003964 0.050904 0.040249
v 0.004030 0.064788 0.040914
v 0.003986 0.078671 0.040472
v 0.003984 0.092554 0.040450
v 0.003974 0.106437 0.040354
v 0.004017 0.120320 0.040782
v 0.004010 0.134203 0.040712
v 0.004023 0.148086 0.040846
v 0.004009 0.161969 0.040699
v 0.003894 0.175852 0.039537
v 0.003907 0.189735 0.039669
v 0.003973 0.198990 0.040343
v 0.003912 0.205932 0.039715
v 0.003819 0.211716 0.038775
v 0.003667 0.217501 0.037227
v 0.003433 0.222129 0.034858
v 0.003220 0.225599 0.032691
v 0.003230 0.229070 0.032795
v 0.003093 0.231847 0.031407
v 0.002958 0.234161 0.030037
v 0.002879 0.236012 0.029230
v 0.002401 0.240512 0.024382
v 0.002009 0.244512 0.020401
v 0.001862 0.248012 0.018909
v 0.001862 0.252012 0.018909
v 0.002009 0.254512 0.020401
v 0.002009 0.257012 0.020401
v 0.001862 0.258512 0.018909
v 0.001862 0.264012 0.018909
v 0.000000 0.004500 0.000000
v 0.002926 0.003500 0.014712
v 0.005463 0.001200 0.027462
v 0.007836 -0.000694 0.039395
v 0.007860 0.000000 0.039514
v 0.007926 0.001157 0.039848
v 0.008021 0.003471 0.040325
v 0.008058 0.006942 0.040512
v 0.008067 0.013883 0.040554
v 0.008058 0.023138 0.040508
v 0.008030 0.037021 0.040367
v 0.007890 0.050904 0.039666
v 0.008020 0.064788 0.040322
v 0.007934 0.078671 0.039887
v 0.007930 0.092554 0.039865
v 0.007911 0.106437 0.039770
v 0.007995 0.120320 0.040191
v 0.007981 0.134203 0.040123
v 0.008007 0.148086 0.040255
v 0.007978 0.161969 0.040110
v 0.007751 0.175852 0.038965
v 0.007777 0.189735 0.039095
v 0.007909 0.198990 0.039759
v 0.007786 0.205932 0.039141
v 0.007601 0.211716 0.038214
v 0.007298 0.217501 0.036688
v 0.006833 0.222129 0.034354
v 0.006408 0.225599 0.032218
v 0.006429 0.229070 0.032320
v 0.006157 0.231847 0.030952
v 0.005888 0.234161 0.029602
v 0.005730 0.236012 0.028807
v 0.004780 0.240512 0.024029
v 0.003999 0.244512 0.020106
v 0.003707 0.248012 0.018635
v 0.003707 0.252012 0.018635
v 0.003999 0.254512 0.020106
v 0.003999 0.257012 0.020106
v 0.003707 0.258512 0.018635
v 0.003707 0.264012 0.018635
v 0.000000 0.004500 0.000000
v 0.004354 0.003500 0.014354
v 0.008128 0.001200 0.026794
v 0.011660 -0.000694 0.038437
v 0.011695 0.000000 0.038553
v 0.011794 0.001157 0.038879
v 0.011935 0.003471 0.039345
v 0.011990 0.006942 0.039527
v 0.012003 0.013883 0.039568
v 0.011989 0.023138 0.039524
v 0.011948 0.037021 0.039386
v 0.011740 0.050904 0.038702
v 0.011934 0.064788 0.039341
v 0.011805 0.078671 0.038917
v 0.011799 0.092554 0.038896
v 0.011771 0.106437 0.038803
v 0.011896 0.120320 0.039214
v 0.011875 0.134203 0.039148
v 0.011914 0.148086 0.039276
v 0.011872 0.161969 0.039135
v 0.011532 0.175852 0.038017
v 0.011571 0.189735 0.038145
v 0.011768 0.198990 0.038793
v 0.011584 0.205932 0.038189
v 0.011310 0.211716 0.037285
v 0.010859 0.217501 0.035796
v 0.010168 0.222129 0.033519
v 0.009536 0.225599 0.031434
v 0.009566 0.229070 0.031534
v 0.009161 0.231847 0.030200
v 0.008761 0.234161 0.028883
v 0.008526 0.236012 0.028107
v 0.007112 0.240512 0.023445
v 0.005951 0.244512 0.019617
v 0.005515 0.248012 0.018182
v 0.005515 0.252012 0.018182
v 0.005951 0.254512 0.019617
v 0.005951 0.257012 0.019617
v 0.005515 0.258512 0.018182
v 0.005515 0.264012 0.018182
v 0.000000 0.004500 0.000000
v 0.005740 0.003500 0.013858
v 0.010715 0.001200 0.025869
v 0.015371 -0.000694 0.037109
v 0.015417 0.000000 0.037221
v 0.015548 0.001157 0.037536
v 0.015734 0.003471 0.037985
v 0.015807 0.006942 0.038161
v 0.015823 0.013883 0.038201
v 0.015806 0.023138 0.038158
v 0.015750 0.037021 0.038025
v 0.015477 0.050904 0.037365
v 0.015733 0.064788 0.037982
v 0.015563 0.078671 0.037572
v 0.015555 0.092554 0.037552
v 0.015517 0.106437 0.037462
v 0.015682 0.120320 0.037860
v 0.015655 0.134203 0.037795
v 0.015707 0.148086 0.037919
v 0.015650 0.161969 0.037783
v 0.015203 0.175852 0.036704
v 0.015254 0.189735 0.036827
v 0.015513 0.198990 0.037452
v 0.015272 0.205932 0.036870
v 0.014910 0.211716 0.035997
v 0.014315 0.217501 0.034559
v 0.013404 0.222129 0.032361
v 0.012571 0.225599 0.030348
v 0.012611 0.229070 0.030445
v 0.012077 0.231847 0.029156
v 0.011550 0.234161 0.027885
v 0.011240 0.236012 0.027136
v 0.009376 0.240512 0.022635
v 0.007845 0.244512 0.018940
v 0.007271 0.248012 0.017554
v 0.007271 0.252012 0.017554
v 0.007845 0.254512 0.018940
v 0.007845 0.257012 0.018940
v 0.007271 0.258512 0.017554
v 0.007271 0.264012 0.017554
v 0.000000 0.004500 0.000000
v 0.007071 0.003500 0.013229
v 0.013199 0.001200 0.024694
v 0.018935 -0.000694 0.035424
v 0.018991 0.000000 0.035531
v 0.019152 0.001157 0.035831
v 0.019382 0.003471 0.036260
v 0.019471 0.006942 0.036428
v 0.019491 0.013883 0.036466
v 0.019470 0.023138 0.036425
v 0.019402 0.037021 0.036298
v 0.019065 0.050904 0.035668
v 0.019380 0.064788 0.036257
v 0.019171 0.078671 0.035866
v 0.019160 0.092554 0.035847
v 0.019115 0.106437 0.035761
v 0.019317 0.120320 0.036140
v 0.019284 0.134203 0.036079
v 0.019348 0.148086 0.036197
v 0.019278 0.161969 0.036067
v 0.018728 0.175852 0.035037
v 0.018791 0.189735 0.035155
v 0.019110 0.198990 0.035752
v 0.018812 0.205932 0.035195
v 0.018367 0.211716 0.034362
v 0.017633 0.217501 0.032990
v 0.016512 0.222129 0.030891
v 0.015485 0.225599 0.028970
v 0.015534 0.229070 0.029062
v 0.014877 0.231847 0.027832
v 0.014228 0.234161 0.026619
v 0.013846 0.236012 0.025903
v 0.011549 0.240512 0.021607
v 0.009664 0.244512 0.018079
v 0.008957 0.248012 0.016757
v 0.008957 0.252012 0.016757
v 0.009664 0.254512 0.018079
v 0.009664 0.257012 0.018079
v 0.008957 0.258512 0.016757
v 0.008957 0.264012 0.016757
v 0.000000 0.004500 0.000000
v 0.008334 0.003500 0.012472
v 0.015556 0.001200 0.023281
v 0.022316 -0.000694 0.033398
v 0.022383 0.000000 0.033498
v 0.022572 0.001157 0.033782
v 0.022842 0.003471 0.034186
v 0.022948 0.006942 0.034344
v 0.022972 0.013883 0.034380
v 0.022946 0.023138 0.034341
v 0.022866 0.037021 0.034222
v 0.022469 0.050904 0.033627
v 0.022840 0.064788 0.034183
v 0.022594 0.078671 0.033814
v 0.022582 0.092554 0.033796
v 0.022528 0.106437 0.033715
v 0.022767 0.120320 0.034073
v 0.022728 0.134203 0.034015
v 0.022803 0.148086 0.034126
v 0.022721 0.161969 0.034004
v 0.022072 0.175852 0.033033
v 0.022146 0.189735 0.033143
v 0.022522 0.198990 0.033706
v 0.022171 0.205932 0.033182
v 0.021647 0.211716 0.032397
v 0.020782 0.217501 0.031103
v 0.019460 0.222129 0.029124
v 0.018250 0.225599 0.027313
v 0.018308 0.229070 0.027400
v 0.017533 0.231847 0.026240
v 0.016768 0.234161 0.025096
v 0.016318 0.236012 0.024421
v 0.013611 0.240512 0.020371
v 0.011389 0.244512 0.017045
v 0.010556 0.248012 0.015798
v 0.010556 0.252012 0.015798
v 0.011389 0.254512 0.017045
v 0.011389 0.257012 0.017045
v 0.010556 0.258512 0.015798
v 0.010556 0.264012 0.015798
v 0.000000 0.004500 0.000000
v 0.009516 0.003500 0.011595
v 0.017763 0.001200 0.021644
v 0.025482 -0.000694 0.031049
v 0.025558 0.000000 0.031143
v 0.025775 0.001157 0.031406
v 0.026083 0.003471 0.031782
v 0.026204 0.006942 0.031929
v 0.026231 0.013883 0.031962
v 0.026202 0.023138 0.031927
v 0.026110 0.037021 0.031816
v 0.025657 0.050904 0.031263
v 0.026081 0.064788 0.031780
v 0.025799 0.078671 0.031437
v 0.025786 0.092554 0.031420
v 0.025724 0.106437 0.031345
v 0.025997 0.120320 0.031677
v 0.025952 0.134203 0.031623
v 0.026038 0.148086 0.031727
v 0.025944 0.161969 0.031613
v 0.025203 0.175852 0.030710
v 0.025288 0.189735 0.030813
v 0.025717 0.198990 0.031336
v 0.025317 0.205932 0.030849
v 0.024718 0.211716 0.030119
v 0.023731 0.217501 0.028916
v 0.022221 0.222129 0.027076
v 0.020839 0.225599 0.025393
v 0.020905 0.229070 0.025473
v 0.020021 0.231847 0.024395
v 0.019148 0.234161 0.023331
v 0.018633 0.236012 0.022704
v 0.015543 0.240512 0.018939
v 0.013005 0.244512 0.015847
v 0.012053 0.248012 0.014687
v 0.012053 0.252012 0.014687
v 0.013005 0.254512 0.015847
v 0.013005 0.257012 0.015847
v 0.012053 0.258512 0.014687
v 0.012053 0.264012 0.014687
v 0.000000 0.004500 0.000000
v 0.010607 0.003500 0.010607
v 0.019799 0.001200 0.019799
v 0.028402 -0.000694 0.028402
v 0.028488 0.000000 0.028488
v 0.028729 0.001157 0.028729
v 0.029073 0.003471 0.029073
v 0.029207 0.006942 0.029207
v 0.029238 0.013883 0.029238
v 0.029205 0.023138 0.029205
v 0.029103 0.037021 0.029103
v 0.028598 0.050904 0.028598
v 0.029070 0.064788 0.029070
v 0.028757 0.078671 0.028757
v 0.028741 0.092554 0.028741
v 0.028672 0.106437 0.028672
v 0.028976 0.120320 0.028976
v 0.028927 0.134203 0.028927
v 0.029022 0.148086 0.029022
v 0.028918 0.161969 0.028918
v 0.028092 0.175852 0.028092
v 0.028186 0.189735 0.028186
v 0.028665 0.198990 0.028665
v 0.028219 0.205932 0.028219
v 0.027551 0.211716 0.027551
v 0.026451 0.217501 0.026451
v 0.024768 0.222129 0.024768
v 0.023228 0.225599 0.023228
v 0.023302 0.229070 0.023302
v 0.022315 0.231847 0.022315
v 0.021342 0.234161 0.021342
v 0.020769 0.236012 0.020769
v 0.017324 0.240512 0.017324
v 0.014496 0.244512 0.014496
v 0.013435 0.248012 0.013435
v 0.013435 0.252012 0.013435
v 0.014496 0.254512 0.014496
v 0.014496 0.257012 0.014496
v 0.013435 0.258512 0.013435
v 0.013435 0.264012 0.013435
v 0.000000 0.004500 0.000000
v 0.011595 0.003500 0.009516
v 0.021644 0.001200 0.017763
v 0.031049 -0.000694 0.025482
v 0.031143 0.000000 0.025558
v 0.031406 0.001157 0.025775
v 0.031782 0.003471 0.026083
v 0.031929 0.006942 0.026204
v 0.031962 0.013883 0.026231
v 0.031927 0.023138 0.026202
v 0.031816 0.037021 0.026110
v 0.031263 0.050904 0.025657
v 0.031780 0.064788 0.026081
v 0.031437 0.078671 0.025799
v 0.031420 0.092554 0.025786
v 0.031345 0.106437 0.025724
v 0.031677 0.120320 0.025997
v 0.031623 0.134203 0.025952
v 0.031727 0.148086 0.026038
v 0.031613 0.161969 0.025944
v 0.030710 0.175852 0.025203
v 0.030813 0.189735 0.025288
v 0.031336 0.198990 0.025717
v 0.030849 0.205932 0.025317
v 0.030119 0.211716 0.024718
v 0.028916 0.217501 0.023731
v 0.027076 0.222129 0.022221
v 0.025393 0.225599 0.020839
v 0.025473 0.229070 0.020905
v 0.024395 0.231847 0.020021
v 0.023331 0.234161 0.019148
v 0.022704 0.236012 0.018633
v 0.018939 0.240512 0.015543
v 0.015847 0.244512 0.013005
v 0.014687 0.248012 0.012053
v 0.014687 0.252012 0.012053
v 0.015847 0.254512 0.013005
v 0.015847 0.257012 0.013005
v 0.014687 0.258512 0.012053
v 0.014687 0.264012 0.012053
v 0.000000 0.004500 0.000000
v 0.012472 0.003500 0.008334
v 0.023281 0.001200 0.015556
v 0.033398 -0.000694 0.022316
v 0.033498 0.000000 0.022383
v 0.033782 0.001157 0.022572
v 0.034186 0.003471 0.022842
v 0.034344 0.006942 0.022948
v 0.034380 0.013883 0.022972
v 0.034341 0.023138 0.022946
v 0.034222 0.037021 0.022866
v 0.033627 0.050904 0.022469
v 0.034183 0.064788 0.022840
v 0.033814 0.078671 0.022594
v 0.033796 0.092554 0.022582
v 0.033715 0.106437 0.022528
v 0.034073 0.120320 0.022767
v 0.034015 0.134203 0.022728
v 0.034126 0.148086 0.022803
v 0.034004 0.161969 0.022721
v 0.033033 0.175852 0.022072
v 0.033143 0.189735 0.022146
v 0.033706 0.198990 0.022522
v 0.033182 0.205932 0.022171
v 0.032397 0.211716 0.021647
v 0.031103 0.217501 0.020782
v 0.029124 0.222129 0.019460
v 0.027313 0.225599 0.018250
v 0.027400 0.229070 0.018308
v 0.026240 0.231847 0.017533
v 0.025096 0.234161 0.016768
v 0.024421 0.236012 0.016318
v 0.020371 0.240512 0.013611
v 0.017045 0.244512 0.011389
v 0.015798 0.248012 0.010556
v 0.015798 0.252012 0.010556
v 0.017045 0.254512 0.011389
v 0.017045 0.257012 0.011389
v 0.015798 0.258512 0.010556
v 0.015798 0.264012 0.010556
v 0.000000 0.004500 0.000000
v 0.013229 0.003500 0.007071
v 0.024694 0.001200 0.013199
v 0.035424 -0.000694 0.018935
v 0.035531 0.000000 0.018991
v 0.035831 0.001157 0.019152
v 0.036260 0.003471 0.019382
v 0.036428 0.006942 0.019471
v 0.036466 0.013883 0.019491
v 0.036425 0.023138 0.019470
v 0.036298 0.037021 0.019402
v 0.035668 0.050904 0.019065
v 0.036257 0.064788 0.019380
v 0.035866 0.078671 0.019171
v 0.035847 0.092554 0.019160
v 0.035761 0.106437 0.019115
v 0.036140 0.120320 0.019317
v 0.036079 0.134203 0.019284
v 0.036197 0.148086 0.019348
v 0.036067 0.161969 0.019278
v 0.035037 0.175852 0.018728
v 0.035155 0.189735 0.018791
v 0.035752 0.198990 0.019110
v 0.035195 0.205932 0.018812
v 0.034362 0.211716 0.018367
v 0.032990 0.217501 0.017633
v 0.030891 0.222129 0.016512
v 0.028970 0.225599 0.015485
v 0.029062 0.229070 0.015534
v 0.027832 0.231847 0.014877
v 0.026619 0.234161 0.014228
v 0.025903 0.236012 0.013846
v 0.021607 0.240512 0.011549
v 0.018079 0.244512 0.009664
v 0.016757 0.248012 0.008957
v 0.016757 0.252012 0.008957
v 0.018079 0.254512 0.009664
v 0.018079 0.257012 0.009664
v 0.016757 0.258512 0.008957
v 0.016757 0.264012 0.008957
v 0.000000 0.004500 0.000000
v 0.013858 0.003500 0.005740
v 0.025869 0.001200 0.010715
v 0.037109 -0.000694 0.015371
v 0.037221 0.000000 0.015417
v 0.037536 0.001157 0.015548
v 0.037985 0.003471 0.015734
v 0.038161 0.006942 0.015807
v 0.038201 0.013883 0.015823
v 0.038158 0.023138 0.015806
v 0.038025 0.037021 0.015750
v 0.037365 0.050904 0.015477
v 0.037982 0.064788 0.015733
v 0.037572 0.078671 0.015563
v 0.037552 0.092554 0.015555
v 0.037462 0.106437 0.015517
v 0.037860 0.120320 0.015682
v 0.037795 0.134203 0.015655
v 0.037919 0.148086 0.015707
v 0.037783 0.161969 0.015650
v 0.036704 0.175852 0.015203
v 0.036827 0.189735 0.015254
v 0.037452 0.198990 0.015513
v 0.036870 0.205932 0.015272
v 0.035997 0.211716 0.014910
v 0.034559 0.217501 0.014315
v 0.032361 0.222129 0.013404
v 0.030348 0.225599 0.012571
v 0.030445 0.229070 0.012611
v 0.029156 0.231847 0.012077
v 0.027885 0.234161 0.011550
v 0.027136 0.236012 0.011240
v 0.022635 0.240512 0.009376
v 0.018940 0.244512 0.007845
v 0.017554 0.248012 0.007271
v 0.017554 0.252012 0.007271
v 0.018940 0.254512 0.007845
v 0.018940 0.257012 0.007845
v 0.017554 0.258512 0.007271
v 0.017554 0.264012 0.007271
v 0.000000 0.004500 0.000000
v 0.014354 0.003500 0.004354
v 0.026794 0.001200 0.008128
v 0.038437 -0.000694 0.011660
v 0.038553 0.000000 0.011695
v 0.038879 0.001157 0.011794
v 0.039345 0.003471 0.011935
v 0.039527 0.006942 0.011990
v 0.039568 0.013883 0.012003
v 0.039524 0.023138 0.011989
v 0.039386 0.037021 0.011948
v 0.038702 0.050904 0.011740
v 0.039341 0.064788 0.011934
v 0.038917 0.078671 0.011805
v 0.038896 0.092554 0.011799
v 0.038803 0.106437 0.011771
v 0.039214 0.120320 0.011896
v 0.039148 0.134203 0.011875
v 0.039276 0.148086 0.011914
v 0.039135 0.161969 0.011872
v 0.038017 0.175852 0.011532
v 0.038145 0.189735 0.011571
v 0.038793 0.198990 0.011768
v 0.038189 0.205932 0.011584
v 0.037285 0.211716 0.011310
v 0.035796 0.217501 0.010859
v 0.033519 0.222129 0.010168
v 0.031434 0.225599 0.009536
v 0.031534 0.229070 0.009566
v 0.030200 0.231847 0.009161
v 0.028883 0.234161 0.008761
v 0.028107 0.236012 0.008526
v 0.023445 0.240512 0.007112
v 0.019617 0.244512 0.005951
v 0.018182 0.248012 0.005515
v 0.018182 0.252012 0.005515
v 0.019617 0.254512 0.005951
v 0.019617 0.257012 0.005951
v 0.018182 0.258512 0.005515
v 0.018182 0.264012 0.005515
v 0.000000 0.004500 0.000000
v 0.014712 0.003500 0.002926
v 0.027462 0.001200 0.005463
v 0.039395 -0.000694 0.007836
v 0.039514 0.000000 0.007860
v 0.039848 0.001157 0.007926
v 0.040325 0.003471 0.008021
v 0.040512 0.006942 0.008058
v 0.040554 0.013883 0.008067
v 0.040508 0.023138 0.008058
v 0.040367 0.037021 0.008030
v 0.039666 0.050904 0.007890
v 0.040322 0.064788 0.008020
v 0.039887 0.078671 0.007934
v 0.039865 0.092554 0.007930
v 0.039770 0.106437 0.007911
v 0.040191 0.120320 0.007995
v 0.040123 0.134203 0.007981
v 0.040255 0.148086 0.008007
v 0.040110 0.161969 0.007978
v 0.038965 0.175852 0.007751
v 0.039095 0.189735 0.007777
v 0.039759 0.198990 0.007909
v 0.039141 0.205932 0.007786
v 0.038214 0.211716 0.007601
v 0.036688 0.217501 0.007298
v 0.034354 0.222129 0.006833
v 0.032218 0.225599 0.006408
v 0.032320 0.229070 0.006429
v 0.030952 0.231847 0.006157
v 0.029602 0.234161 0.005888
v 0.028807 0.236012 0.005730
v 0.024029 0.240512 0.004780
v 0.020106 0.244512 0.003999
v 0.018635 0.248012 0.003707
v 0.018635 0.252012 0.003707
v 0.020106 0.254512 0.003999
v 0.020106 0.257012 0.003999
v 0.018635 0.258512 0.003707
v 0.018635 0.264012 0.003707
v 0.000000 0.004500 0.000000
v 0.014928 0.003500 0.001470
v 0.027865 0.001200 0.002744
v 0.039973 -0.000694 0.003937
v 0.040094 0.000000 0.003949
v 0.040433 0.001157 0.003982
v 0.040917 0.003471 0.004030
v 0.041106 0.006942 0.004049
v 0.041149 0.013883 0.004053
v 0.041103 0.023138 0.004048
v 0.040960 0.037021 0.004034
v 0.040249 0.050904 0.003964
v 0.040914 0.064788 0.004030
v 0.040472 0.078671 0.003986
v 0.040450 0.092554 0.003984
v 0.040354 0.106437 0.003974
v 0.040782 0.120320 0.004017
v 0.040712 0.134203 0.004010
v 0.040846 0.148086 0.004023
v 0.040699 0.161969 0.004009
v 0.039537 0.175852 0.003894
v 0.039669 0.189735 0.003907
v 0.040343 0.198990 0.003973
v 0.039715 0.205932 0.003912
v 0.038775 0.211716 0.003819
v 0.037227 0.217501 0.003667
v 0.034858 0.222129 0.003433
v 0.032691 0.225599 0.003220
v 0.032795 0.229070 0.003230
v 0.031407 0.231847 0.003093
v 0.030037 0.234161 0.002958
v 0.029230 0.236012 0.002879
v 0.024382 0.240512 0.002401
v 0.020401 0.244512 0.002009
v 0.018909 0.248012 0.001862
v 0.018909 0.252012 0.001862
v 0.020401 0.254512 0.002009
v 0.020401 0.257012 0.002009
v 0.018909 0.258512 0.001862
v 0.018909 0.264012 0.001862
v 0.000000 0.004500 0.000000
v 0.015000 0.003500 0.000000
v 0.028000 0.001200 0.000000
v 0.040167 -0.000694 0.000000
v 0.040288 0.000000 0.000000
v 0.040629 0.001157 0.000000
v 0.041115 0.003471 0.000000
v 0.041305 0.006942 0.000000
v 0.041348 0.013883 0.000000
v 0.041302 0.023138 0.000000
v 0.041158 0.037021 0.000000
v 0.040443 0.050904 0.000000
v 0.041112 0.064788 0.000000
v 0.040668 0.078671 0.000000
v 0.040646 0.092554 0.000000
v 0.040549 0.106437 0.000000
v 0.040979 0.120320 0.000000
v 0.040909 0.134203 0.000000
v 0.041043 0.148086 0.000000
v 0.040896 0.161969 0.000000
v 0.039728 0.175852 0.000000
v 0.039861 0.189735 0.000000
v 0.040538 0.198990 0.000000
v 0.039907 0.205932 0.000000
v 0.038963 0.211716 0.000000
v 0.037407 0.217501 0.000000
v 0.035027 0.222129 0.000000
v 0.032849 0.225599 0.000000
v 0.032953 0.229070 0.000000
v 0.031559 0.231847 0.000000
v 0.030182 0.234161 0.000000
v 0.029371 0.236012 0.000000
v 0.024500 0.240512 0.000000
v 0.020500 0.244512 0.000000
v 0.019000 0.248012 0.000000
v 0.019000 0.252012 0.000000
v 0.020500 0.254512 0.000000
v 0.020500 0.257012 0.000000
v 0.019000 0.258512 0.000000
v 0.019000 0.264012 0.000000
v 0.000000 0.004500 0.000000
v 0.014928 0.003500 -0.001470
v 0.027865 0.001200 -0.002744
v 0.039973 -0.000694 -0.003937
v 0.040094 0.000000 -0.003949
v 0.040433 0.001157 -0.003982
v 0.040917 0.003471 -0.004030
v 0.041106 0.006942 -0.004049
v 0.041149 0.013883 -0.004053
v 0.041103 0.023138 -0.004048
v 0.040960 0.037021 -0.004034
v 0.040249 0.050904 -0.003964
v 0.040914 0.064788 -0.004030
v 0.040472 0.078671 -0.003986
v 0.040450 0.092554 -0.003984
v 0.040354 0.106437 -0.003974
v 0.040782 0.120320 -0.004017
v 0.040712 0.134203 -0.004010
v 0.040846 0.148086 -0.004023
v 0.040699 0.161969 -0.004009
v 0.039537 0.175852 -0.003894
v 0.039669 0.189735 -0.003907
v 0.040343 0.198990 -0.003973
v 0.039715 0.205932 -0.003912
v 0.038775 0.211716 -0.003819
v 0.037227 0.217501 -0.003667
v 0.034858 0.222129 -0.003433
v 0.032691 0.225599 -0.003220
v 0.032795 0.229070 -0.003230
v 0.031407 0.231847 -0.003093
v 0.030037 0.234161 -0.002958
v 0.029230 0.236012 -0.002879
v 0.024382 0.240512 -0.002401
v 0.020401 0.244512 -0.002009
v 0.018909 0.248012 -0.001862
v 0.018909 0.252012 -0.001862
v 0.020401 0.254512 -0.002009
v 0.020401 0.257012 -0.002009
v 0.018909 0.258512 -0.001862
v 0.018909 0.264012 -0.001862
v 0.000000 0.004500 0.000000
v 0.014712 0.003500 -0.002926
v 0.027462 0.001200 -0.005463
v 0.039395 -0.000694 -0.007836
v 0.039514 0.000000 -0.007860
v 0.039848 0.001157 -0.007926
v 0.040325 0.003471 -0.008021
v 0.040512 0.006942 -0.008058
v 0.040554 0.013883 -0.008067
v 0.040508 0.023138 -0.008058
v 0.040367 0.037021 -0.008030
v 0.039666 0.050904 -0.007890
v 0.040322 0.064788 -0.008020
v 0.039887 0.078671 -0.007934
v 0.039865 0.092554 -0.007930
v 0.039770 0.106437 -0.007911
v 0.040191 0.120320 -0.007995
v 0.040123 0.134203 -0.007981
v 0.040255 0.148086 -0.008007
v 0.040110 0.161969 -0.007978
v 0.038965 0.175852 -0.007751
v 0.039095 0.189735 -0.007777
v 0.039759 0.198990 -0.007909
v 0.039141 0.205932 -0.007786
v 0.038214 0.211716 -0.007601
v 0.036688 0.217501 -0.007298
v 0.034354 0.222129 -0.006833
v 0.032218 0.225599 -0.006408
v 0.032320 0.229070 -0.006429
v 0.030952 0.231847 -0.006157
v 0.029602 0.234161 -0.005888
v 0.028807 0.236012 -0.005730
v 0.024029 0.240512 -0.004780
v 0.020106 0.244512 -0.003999
v 0.018635 0.248012 -0.003707
v 0.018635 0.252012 -0.003707
v 0.020106 0.254512 -0.003999
v 0.020106 0.257012 -0.003999
v 0.018635 0.258512 -0.003707
v 0.018635 0.264012 -0.003707
v 0.000000 0.004500 0.000000
v 0.014354 0.003500 -0.004354
v 0.026794 0.001200 -0.008128
v 0.038437 -0.000694 -0.011660
v 0.038553 0.000000 -0.011695
v 0.038879 0.001157 -0.011794
v 0.039345 0.003471 -0.011935
v 0.039527 0.006942 -0.011990
v 0.039568 0.013883 -0.012003
v 0.039524 0.023138 -0.011989
v 0.039386 0.037021 -0.011948
v 0.038702 0.050904 -0.011740
v 0.039341 0.064788 -0.011934
v 0.038917 0.078671 -0.011805
v 0.038896 0.092554 -0.011799
v 0.038803 0.106437 -0.011771
v 0.039214 0.120320 -0.011896
v 0.039148 0.134203 -0.011875
v 0.039276 0.148086 -0.011914
v 0.039135 0.161969 -0.011872
v 0.038017 0.175852 -0.011532
v 0.038145 0.189735 -0.011571
v 0.038793 0.198990 -0.011768
v 0.038189 0.205932 -0.011584
v 0.037285 0.211716 -0.011310
v 0.035796 0.217501 -0.010859
v 0.033519 0.222129 -0.010168
v 0.031434 0.225599 -0.009536
v 0.031534 0.229070 -0.009566
v 0.030200 0.231847 -0.009161
v 0.028883 0.234161 -0.008761
v 0.028107 0.236012 -0.008526
v 0.023445 0.240512 -0.007112
v 0.019617 0.244512 -0.005951
v 0.018182 0.248012 -0.005515
v 0.018182 0.252012 -0.005515
v 0.019617 0.254512 -0.005951
v 0.019617 0.257012 -0.005951
v 0.018182 0.258512 -0.005515
v 0.018182 0.264012 -0.005515
v 0.000000 0.004500 0.000000
v 0.013858 0.003500 -0.005740
v 0.025869 0.001200 -0.010715
v 0.037109 -0.000694 -0.015371
v 0.037221 0.000000 -0.015417
v 0.037536 0.001157 -0.015548
v 0.037985 0.003471 -0.015734
v 0.038161 0.006942 -0.015807
v 0.038201 0.013883 -0.015823
v 0.038158 0.023138 -0.015806
v 0.038025 0.037021 -0.015750
v 0.037365 0.050904 -0.015477
v 0.037982 0.064788 -0.015733
v 0.037572 0.078671 -0.015563
v 0.037552 0.092554 -0.015555
v 0.037462 0.106437 -0.015517
v 0.037860 0.120320 -0.015682
v 0.037795 0.134203 -0.015655
v 0.037919 0.148086 -0.015707
v 0.037783 0.161969 -0.015650
v 0.036704 0.175852 -0.015203
v 0.036827 0.189735 -0.015254
v 0.037452 0.198990 -0.015513
v 0.036870 0.205932 -0.015272
v 0.035997 0.211716 -0.014910
v 0.034559 0.217501 -0.014315
v 0.032361 0.222129 -0.013404
v 0.030348 0.225599 -0.012571
v 0.030445 0.229070 -0.012611
v 0.029156 0.231847 -0.012077
v 0.027885 0.234161 -0.011550
v 0.027136 0.236012 -0.011240
v 0.022635 0.240512 -0.009376
v 0.018940 0.244512 -0.007845
v 0.017554 0.248012 -0.007271
v 0.017554 0.252012 -0.007271
v 0.018940 0.254512 -0.007845
v 0.018940 0.257012 -0.007845
v 0.017554 0.258512 -0.007271
v 0.017554 0.264012 -0.007271
v 0.000000 0.004500 0.000000
v 0.013229 0.003500 -0.007071
v 0.024694 0.001200 -0.013199
v 0.035424 -0.000694 -0.018935
v 0.035531 0.000000 -0.018991
v 0.035831 0.001157 -0.019152
v 0.036260 0.003471 -0.019382
v 0.036428 0.006942 -0.019471
v 0.036466 0.013883 -0.019491
v 0.036425 0.023138 -0.019470
v 0.036298 0.037021 -0.019402
v 0.035668 0.050904 -0.019065
v 0.036257 0.064788 -0.019380
v 0.035866 0.078671 -0.019171
v 0.035847 0.092554 -0.019160
v 0.035761 0.106437 -0.019115
v 0.036140 0.120320 -0.019317
v 0.036079 0.134203 -0.019284
v 0.036197 0.148086 -0.019348
v 0.036067 0.161969 -0.019278
v 0.035037 0.175852 -0.018728
v 0.035155 0.189735 -0.018791
v 0.035752 0.198990 -0.019110
v 0.035195 0.205932 -0.018812
v 0.034362 0.211716 -0.018367
v 0.032990 0.217501 -0.017633
v 0.030891 0.222129 -0.016512
v 0.028970 0.225599 -0.015485
v 0.029062 0.229070 -0.015534
v 0.027832 0.231847 -0.014877
v 0.026619 0.234161 -0.014228
v 0.025903 0.236012 -0.013846
v 0.021607 0.240512 -0.011549
v 0.018079 0.244512 -0.009664
v 0.016757 0.248012 -0.008957
v 0.016757 0.252012 -0.008957
v 0.018079 0.254512 -0.009664
v 0.018079 0.257012 -0.009664
v 0.016757 0.258512 -0.008957
v 0.016757 0.264012 -0.008957
v 0.000000 0.004500 0.000000
v 0.012472 0.003500 -0.008334
v 0.023281 0.001200 -0.015556
v 0.033398 -0.000694 -0.022316
v 0.033498 0.000000 -0.022383
v 0.033782 0.001157 -0.022572
v 0.034186 0.003471 -0.022842
v 0.034344 0.006942 -0.022948
v 0.034380 0.013883 -0.022972
v 0.034341 0.023138 -0.022946
v 0.034222 0.037021 -0.022866
v 0.033627 0.050904 -0.022469
v 0.034183 0.064788 -0.022840
v 0.033814 0.078671 -0.022594
v 0.033796 0.092554 -0.022582
v 0.033715 0.106437 -0.022528
v 0.034073 0.120320 -0.022767
v 0.034015 0.134203 -0.022728
v 0.034126 0.148086 -0.022803
v 0.034004 0.161969 -0.022721
v 0.033033 0.175852 -0.022072
v 0.033143 0.189735 -0.022146
v 0.033706 0.198990 -0.022522
v 0.033182 0.205932 -0.022171
v 0.032397 0.211716 -0.021647
v 0.031103 0.217501 -0.020782
v 0.029124 0.222129 -0.019460
v 0.027313 0.225599 -0.018250
v 0.027400 0.229070 -0.018308
v 0.026240 0.231847 -0.017533
v 0.025096 0.234161 -0.016768
v 0.024421 0.236012 -0.016318
v 0.020371 0.240512 -0.013611
v 0.017045 0.244512 -0.011389
v 0.015798 0.248012 -0.010556
v 0.015798 0.252012 -0.010556
v 0.017045 0.254512 -0.011389
v 0.017045 0.257012 -0.011389
v 0.015798 0.258512 -0.010556
v 0.015798 0.264012 -0.010556
v 0.000000 0.004500 0.000000
v 0.011595 0.003500 -0.009516
v 0.021644 0.001200 -0.017763
v 0.031049 -0.000694 -0.025482
v 0.031143 0.000000 -0.025558
v 0.031406 0.001157 -0.025775
v 0.031782 0.003471 -0.026083
v 0.031929 0.006942 -0.026204
v 0.031962 0.013883 -0.026231
v 0.031927 0.023138 -0.026202
v 0.031816 0.037021 -0.026110
v 0.031263 0.050904 -0.025657
v 0.031780 0.064788 -0.026081
v 0.031437 0.078671 -0.025799
v 0.031420 0.092554 -0.025786
v 0.031345 0.106437 -0.025724
v 0.031677 0.120320 -0.025997
v 0.031623 0.134203 -0.025952
v 0.031727 0.148086 -0.026038
v 0.031613 0.161969 -0.025944
v 0.030710 0.175852 -0.025203
v 0.030813 0.189735 -0.025288
v 0.031336 0.198990 -0.025717
v 0.030849 0.205932 -0.025317
v 0.030119 0.211716 -0.024718
v 0.028916 0.217501 -0.023731
v 0.027076 0.222129 -0.022221
v 0.025393 0.225599 -0.020839
v 0.025473 0.229070 -0.020905
v 0.024395 0.231847 -0.020021
v 0.023331 0.234161 -0.019148
v 0.022704 0.236012 -0.018633
v 0.018939 0.240512 -0.015543
v 0.015847 0.244512 -0.013005
v 0.014687 0.248012 -0.012053
v 0.014687 0.252012 -0.012053
v 0.015847 0.254512 -0.013005
v 0.015847 0.257012 -0.013005
v 0.014687 0.258512 -0.012053
v 0.014687 0.264012 -0.012053
v 0.000000 0.004500 0.000000
v 0.010607 0.003500 -0.010607
v 0.019799 0.001200 -0.019799
v 0.028402 -0.000694 -0.028402
v 0.028488 0.000000 -0.028488
v 0.028729 0.001157 -0.028729
v 0.029073 0.003471 -0.029073
v 0.029207 0.006942 -0.029207
v 0.029238 0.013883 -0.029238
v 0.029205 0.023138 -0.029205
v 0.029103 0.037021 -0.029103
v 0.028598 0.050904 -0.028598
v 0.029070 0.064788 -0.029070
v 0.028757 0.078671 -0.028757
v 0.028741 0.092554 -0.028741
v 0.028672 0.106437 -0.028672
v 0.028976 0.120320 -0.028976
v 0.028927 0.134203 -0.028927
v 0.029022 0.148086 -0.029022
v 0.028918 0.161969 -0.028918
v 0.028092 0.175852 -0.028092
v 0.028186 0.189735 -0.028186
v 0.028665 0.198990 -0.028665
v 0.028219 0.205932 -0.028219
v 0.027551 0.211716 -0.027551
v 0.026451 0.217501 -0.026451
v 0.024768 0.222129 -0.024768
v 0.023228 0.225599 -0.023228
v 0.023302 0.229070 -0.023302
v 0.022315 0.231847 -0.022315
v 0.021342 0.234161 -0.021342
v 0.020769 0.236012 -0.020769
v 0.017324 0.240512 -0.017324
v 0.014496 0.244512 -0.014496
v 0.013435 0.248012 -0.013435
v 0.013435 0.252012 -0.013435
v 0.014496 0.254512 -0.014496
v 0.014496 0.257012 -0.014496
v 0.013435 0.258512 -0.013435
v 0.013435 0.264012 -0.013435
v 0.000000 0.004500 0.000000
v 0.009516 0.003500 -0.011595
v 0.017763 0.001200 -0.021644
v 0.025482 -0.000694 -0.031049
v 0.025558 0.000000 -0.031143
v 0.025775 0.001157 -0.031406
v 0.026083 0.003471 -0.031782
v 0.026204 0.006942 -0.031929
v 0.026231 0.013883 -0.031962
v 0.026202 0.023138 -0.031927
v 0.026110 0.037021 -0.031816
v 0.025657 0.050904 -0.031263
v 0.026081 0.064788 -0.031780
v 0.025799 0.078671 -0.031437
v 0.025786 0.092554 -0.031420
v 0.025724 0.106437 -0.031345
v 0.025997 0.120320 -0.031677
v 0.025952 0.134203 -0.031623
v 0.026038 0.148086 -0.031727
v 0.025944 0.161969 -0.031613
v 0.025203 0.175852 -0.030710
v 0.025288 0.189735 -0.030813
v 0.025717 0.198990 -0.031336
v 0.025317 0.205932 -0.030849
v 0.024718 0.211716 -0.030119
v 0.023731 0.217501 -0.028916
v 0.022221 0.222129 -0.027076
v 0.020839 0.225599 -0.025393
v 0.020905 0.229070 -0.025473
v 0.020021 0.231847 -0.024395
v 0.019148 0.234161 -0.023331
v 0.018633 0.236012 -0.022704
v 0.015543 0.240512 -0.018939
v 0.013005 0.244512 -0.015847
v 0.012053 0.248012 -0.014687
v 0.012053 0.252012 -0.014687
v 0.013005 0.254512 -0.015847
v 0.013005 0.257012 -0.015847
v 0.012053 0.258512 -0.014687
v 0.012053 0.264012 -0.014687
v 0.000000 0.004500 0.000000
v 0.008334 0.003500 -0.012472
v 0.015556 0.001200 -0.023281
v 0.022316 -0.000694 -0.033398
v 0.022383 0.000000 -0.033498
v 0.022572 0.001157 -0.033782
v 0.022842 0.003471 -0.034186
v 0.022948 0.006942 -0.034344
v 0.022972 0.013883 -0.034380
v 0.022946 0.023138 -0.034341
v 0.022866 0.037021 -0.034222
v 0.022469 0.050904 -0.033627
v 0.022840 0.064788 -0.034183
v 0.022594 0.078671 -0.033814
v 0.022582 0.092554 -0.033796
v 0.022528 0.106437 -0.033715
v 0.022767 0.120320 -0.034073
v 0.022728 0.134203 -0.034015
v 0.022803 0.148086 -0.034126
v 0.022721 0.161969 -0.034004
v 0.022072 0.175852 -0.033033
v 0.022146 0.189735 -0.033143
v 0.022522 0.198990 -0.033706
v 0.022171 0.205932 -0.033182
v 0.021647 0.211716 -0.032397
v 0.020782 0.217501 -0.031103
v 0.019460 0.222129 -0.029124
v 0.018250 0.225599 -0.027313
v 0.018308 0.229070 -0.027400
v 0.017533 0.231847 -0.026240
v 0.016768 0.234161 -0.025096
v 0.016318 0.236012 -0.024421
v 0.013611 0.240512 -0.020371
v 0.011389 0.244512 -0.017045
v 0.010556 0.248012 -0.015798
v 0.010556 0.252012 -0.015798
v 0.011389 0.254512 -0.017045
v 0.011389 0.257012 -0.017045
v 0.010556 0.258512 -0.015798
v 0.010556 0.264012 -0.015798
v 0.000000 0.004500 0.000000
v 0.007071 0.003500 -0.013229
v 0.013199 0.001200 -0.024694
v 0.018935 -0.000694 -0.035424
v 0.018991 0.000000 -0.035531
v 0.019152 0.001157 -0.035831
v 0.019382 0.003471 -0.036260
v 0.019471 0.006942 -0.036428
v 0.019491 0.013883 -0.036466
v 0.019470 0.023138 -0.036425
v 0.019402 0.037021 -0.036298
v 0.019065 0.050904 -0.035668
v 0.019380 0.064788 -0.036257
v 0.019171 0.078671 -0.035866
v 0.019160 0.092554 -0.035847
v 0.019115 0.106437 -0.035761
v 0.019317 0.120320 -0.036140
v 0.019284 0.134203 -0.036079
v 0.019348 0.148086 -0.036197
v 0.019278 0.161969 -0.036067
v 0.018728 0.175852 -0.035037
v 0.018791 0.189735 -0.035155
v 0.019110 0.198990 -0.035752
v 0.018812 0.205932 -0.035195
v 0.018367 0.211716 -0.034362
v 0.017633 0.217501 -0.032990
v 0.016512 0.222129 -0.030891
v 0.015485 0.225599 -0.028970
v 0.015534 0.229070 -0.029062
v 0.014877 0.231847 -0.027832
v 0.014228 0.234161 -0.026619
v 0.013846 0.236012 -0.025903
v 0.011549 0.240512 -0.021607
v 0.009664 0.244512 -0.018079
v 0.008957 0.248012 -0.016757
v 0.008957 0.252012 -0.016757
v 0.009664 0.254512 -0.018079
v 0.009664 0.257012 -0.018079
v 0.008957 0.258512 -0.016757
v 0.008957 0.264012 -0.016757
v 0.000000 0.004500 0.000000
v 0.005740 0.003500 -0.013858
v 0.010715 0.001200 -0.025869
v 0.015371 -0.000694 -0.037109
v 0.015417 0.000000 -0.037221
v 0.015548 0.001157 -0.037536
v 0.015734 0.003471 -0.037985
v 0.015807 0.006942 -0.038161
v 0.015823 0.013883 -0.038201
v 0.015806 0.023138 -0.038158
v 0.015750 0.037021 -0.038025
v 0.015477 0.050904 -0.037365
v 0.015733 0.064788 -0.037982
v 0.015563 0.078671 -0.037572
v 0.015555 0.092554 -0.037552
v 0.015517 0.106437 -0.037462
v 0.015682 0.120320 -0.037860
v 0.015655 0.134203 -0.037795
v 0.015707 0.148086 -0.037919
v 0.015650 0.161969 -0.037783
v 0.015203 0.175852 -0.036704
v 0.015254 0.189735 -0.036827
v 0.015513 0.198990 -0.037452
v 0.015272 0.205932 -0.036870
v 0.014910 0.211716 -0.035997
v 0.014315 0.217501 -0.034559
v 0.013404 0.222129 -0.032361
v 0.012571 0.225599 -0.030348
v 0.012611 0.229070 -0.030445
v 0.012077 0.231847 -0.029156
v 0.011550 0.234161 -0.027885
v 0.011240 0.236012 -0.027136
v 0.009376 0.240512 -0.022635
v 0.007845 0.244512 -0.018940
v 0.007271 0.248012 -0.017554
v 0.007271 0.252012 -0.017554
v 0.007845 0.254512 -0.018940
v 0.007845 0.257012 -0.018940
v 0.007271 0.258512 -0.017554
v 0.007271 0.264012 -0.017554
v 0.000000 0.004500 0.000000
v 0.004354 0.003500 -0.014354
v 0.008128 0.001200 -0.026794
v 0.011660 -0.000694 -0.038437
v 0.011695 0.000000 -0.038553
v 0.011794 0.001157 -0.038879
v 0.011935 0.003471 -0.039345
v 0.011990 0.006942 -0.039527
v 0.012003 0.013883 -0.039568
v 0.011989 0.023138 -0.039524
v 0.011948 0.037021 -0.039386
v 0.011740 0.050904 -0.038702
v 0.011934 0.064788 -0.039341
v 0.011805 0.078671 -0.038917
v 0.011799 0.092554 -0.038896
v 0.011771 0.106437 -0.038803
v 0.011896 0.120320 -0.039214
v 0.011875 0.134203 -0.039148
v 0.011914 0.148086 -0.039276
v 0.011872 0.161969 -0.039135
v 0.011532 0.175852 -0.038017
v 0.011571 0.189735 -0.038145
v 0.011768 0.198990 -0.038793
v 0.011584 0.205932 -0.038189
v 0.011310 0.211716 -0.037285
v 0.010859 0.217501 -0.035796
v 0.010168 0.222129 -0.033519
v 0.009536 0.225599 -0.031434
v 0.009566 0.229070 -0.031534
v 0.009161 0.231847 -0.030200
v 0.008761 0.234161 -0.028883
v 0.008526 0.236012 -0.028107
v 0.007112 0.240512 -0.023445
v 0.005951 0.244512 -0.019617
v 0.005515 0.248012 -0.018182
v 0.005515 0.252012 -0.018182
v 0.005951 0.254512 -0.019617
v 0.005951 0.257012 -0.019617
v 0.005515 0.258512 -0.018182
v 0.005515 0.264012 -0.018182
v 0.000000 0.004500 0.000000
v 0.002926 0.003500 -0.014712
v 0.005463 0.001200 -0.027462
v 0.007836 -0.000694 -0.039395
v 0.007860 0.000000 -0.039514
v 0.007926 0.001157 -0.039848
v 0.008021 0.003471 -0.040325
v 0.008058 0.006942 -0.040512
v 0.008067 0.013883 -0.040554
v 0.008058 0.023138 -0.040508
v 0.008030 0.037021 -0.040367
v 0.007890 0.050904 -0.039666
v 0.008020 0.064788 -0.040322
v 0.007934 0.078671 -0.039887
v 0.007930 0.092554 -0.039865
v 0.007911 0.106437 -0.039770
v 0.007995 0.120320 -0.040191
v 0.007981 0.134203 -0.040123
v 0.008007 0.148086 -0.040255
v 0.007978 0.161969 -0.040110
v 0.007751 0.175852 -0.038965
v 0.007777 0.189735 -0.039095
v 0.007909 0.198990 -0.039759
v 0.007786 0.205932 -0.039141
v 0.007601 0.211716 -0.038214
v 0.007298 0.217501 -0.036688
v 0.006833 0.222129 -0.034354
v 0.006408 0.225599 -0.032218
v 0.006429 0.229070 -0.032320
v 0.006157 0.231847 -0.030952
v 0.005888 0.234161 -0.029602
v 0.005730 0.236012 -0.028807
v 0.004780 0.240512 -0.024029
v 0.003999 0.244512 -0.020106
v 0.003707 0.248012 -0.018635
v 0.003707 0.252012 -0.018635
v 0.003999 0.254512 -0.020106
v 0.003999 0.257012 -0.020106
v 0.003707 0.258512 -0.018635
v 0.003707 0.264012 -0.018635
v 0.000000 0.004500 0.000000
v 0.001470 0.003500 -0.014928
v 0.002744 0.001200 -0.027865
v 0.003937 -0.000694 -0.039973
v 0.003949 0.000000 -0.040094
v 0.003982 0.001157 -0.040433
v 0.004030 0.003471 -0.040917
v 0.004049 0.006942 -0.041106
v 0.004053 0.013883 -0.041149
v 0.004048 0.023138 -0.041103
v 0.004034 0.037021 -0.040960
v 0.003964 0.050904 -0.040249
v 0.004030 0.064788 -0.040914
v 0.003986 0.078671 -0.040472
v 0.003984 0.092554 -0.040450
v 0.003974 0.106437 -0.040354
v 0.004017 0.120320 -0.040782
v 0.004010 0.134203 -0.040712
v 0.004023 0.148086 -0.040846
v 0.004009 0.161969 -0.040699
v 0.003894 0.175852 -0.039537
v 0.003907 0.189735 -0.039669
v 0.003973 0.198990 -0.040343
v 0.003912 0.205932 -0.039715
v 0.003819 0.211716 -0.038775
v 0.003667 0.217501 -0.037227
v 0.003433 0.222129 -0.034858
v 0.003220 0.225599 -0.032691
v 0.003230 0.229070 -0.032795
v 0.003093 0.231847 -0.031407
v 0.002958 0.234161 -0.030037
v 0.002879 0.236012 -0.029230
v 0.002401 0.240512 -0.024382
v 0.002009 0.244512 -0.020401
v 0.001862 0.248012 -0.018909
v 0.001862 0.252012 -0.018909
v 0.002009 0.254512 -0.020401
v 0.002009 0.257012 -0.020401
v 0.001862 0.258512 -0.018909
v 0.001862 0.264012 -0.018909
v 0.000000 0.004500 0.000000
v 0.000000 0.003500 -0.015000
v 0.000000 0.001200 -0.028000
v 0.000000 -0.000694 -0.040167
v 0.000000 0.000000 -0.040288
v 0.000000 0.001157 -0.040629
v 0.000000 0.003471 -0.041115
v 0.000000 0.006942 -0.041305
v 0.000000 0.013883 -0.041348
v 0.000000 0.023138 -0.041302
v 0.000000 0.037021 -0.041158
v 0.000000 0.050904 -0.040443
v 0.000000 0.064788 -0.041112
v 0.000000 0.078671 -0.040668
v 0.000000 0.092554 -0.040646
v 0.000000 0.106437 -0.040549
v 0.000000 0.120320 -0.040979
v 0.000000 0.134203 -0.040909
v 0.000000 0.148086 -0.041043
v 0.000000 0.161969 -0.040896
v 0.000000 0.175852 -0.039728
v 0.000000 0.189735 -0.039861
v 0.000000 0.198990 -0.040538
v 0.000000 0.205932 -0.039907
v 0.000000 0.211716 -0.038963
v 0.000000 0.217501 -0.037407
v 0.000000 0.222129 -0.035027
v 0.000000 0.225599 -0.032849
v 0.000000 0.229070 -0.032953
v 0.000000 0.231847 -0.031559
v 0.000000 0.234161 -0.030182
v 0.000000 0.236012 -0.029371
v 0.000000 0.240512 -0.024500
v 0.000000 0.244512 -0.020500
v 0.000000 0.248012 -0.019000
v 0.000000 0.252012 -0.019000
v 0.000000 0.254512 -0.020500
v 0.000000 0.257012 -0.020500
v 0.000000 0.258512 -0.019000
v 0.000000 0.264012 -0.019000
v -0.000000 0.004500 -0.000080
v -0.000000 0.003500 -0.015080
v -0.000000 0.001200 -0.028080
v -0.000000 -0.000694 -0.040247
v -0.000000 0.000000 -0.040368
v -0.000000 0.001157 -0.040709
v -0.000000 0.003471 -0.041195
v -0.000000 0.006942 -0.041385
v -0.000000 0.013883 -0.041428
v -0.000000 0.023138 -0.041382
v -0.000000 0.037021 -0.041238
v -0.000000 0.050904 -0.040523
v -0.000000 0.064788 -0.041192
v -0.000000 0.078671 -0.040748
v -0.000000 0.092554 -0.040726
v -0.000000 0.106437 -0.040629
v -0.000000 0.120320 -0.041059
v -0.000000 0.134203 -0.040989
v -0.000000 0.148086 -0.041123
v -0.000000 0.161969 -0.040976
v -0.000000 0.175852 -0.039808
v -0.000000 0.189735 -0.039941
v -0.000000 0.198990 -0.040618
v -0.000000 0.205932 -0.039987
v -0.000000 0.211716 -0.039043
v -0.000000 0.217501 -0.037487
v -0.000000 0.222129 -0.035107
v -0.000000 0.225599 -0.032929
v -0.000000 0.229070 -0.033033
v -0.000000 0.231847 -0.031639
v -0.000000 0.234161 -0.030262
v -0.000000 0.236012 -0.029451
v -0.000008 0.004500 -0.000080
v -0.001478 0.003500 -0.015007
v -0.002752 0.001200 -0.027945
v -0.003945 -0.000694 -0.040053
v -0.003957 0.000000 -0.040173
v -0.003990 0.001157 -0.040513
v -0.004038 0.003471 -0.040997
v -0.004056 0.006942 -0.041186
v -0.004061 0.013883 -0.041229
v -0.004056 0.023138 -0.041183
v -0.004042 0.037021 -0.041039
v -0.003972 0.050904 -0.040328
v -0.004037 0.064788 -0.040993
v -0.003994 0.078671 -0.040552
v -0.003992 0.092554 -0.040530
v -0.003982 0.106437 -0.040433
v -0.004024 0.120320 -0.040861
v -0.004018 0.134203 -0.040792
v -0.004031 0.148086 -0.040925
v -0.004016 0.161969 -0.040779
v -0.003902 0.175852 -0.039616
v -0.003915 0.189735 -0.039749
v -0.003981 0.198990 -0.040423
v -0.003919 0.205932 -0.039795
v -0.003827 0.211716 -0.038855
v -0.003674 0.217501 -0.037306
v -0.003441 0.222129 -0.034938
v -0.003228 0.225599 -0.032770
v -0.003238 0.229070 -0.032874
v -0.003101 0.231847 -0.031486
v -0.002966 0.234161 -0.030117
v -0.002887 0.236012 -0.029309
v -0.000016 0.004500 -0.000078
v -0.002942 0.003500 -0.014790
v -0.005478 0.001200 -0.027540
v -0.007852 -0.000694 -0.039474
v -0.007875 0.000000 -0.039592
v -0.007942 0.001157 -0.039927
v -0.008037 0.003471 -0.040404
v -0.008074 0.006942 -0.040590
v -0.008082 0.013883 -0.040632
v -0.008073 0.023138 -0.040587
v -0.008045 0.037021 -0.040446
v -0.007906 0.050904 -0.039745
v -0.008036 0.064788 -0.040400
v -0.007950 0.078671 -0.039965
v -0.007945 0.092554 -0.039944
v -0.007926 0.106437 -0.039848
v -0.008010 0.120320 -0.040270
v -0.007997 0.134203 -0.040202
v -0.008023 0.148086 -0.040333
v -0.007994 0.161969 -0.040189
v -0.007766 0.175852 -0.039043
v -0.007792 0.189735 -0.039174
v -0.007924 0.198990 -0.039838
v -0.007801 0.205932 -0.039219
v -0.007617 0.211716 -0.038293
v -0.007313 0.217501 -0.036767
v -0.006849 0.222129 -0.034432
v -0.006424 0.225599 -0.032296
v -0.006444 0.229070 -0.032399
v -0.006172 0.231847 -0.031031
v -0.005904 0.234161 -0.029681
v -0.005746 0.236012 -0.028885
v -0.000023 0.004500 -0.000077
v -0.004377 0.003500 -0.014431
v -0.008151 0.001200 -0.026871
v -0.011683 -0.000694 -0.038514
v -0.011718 0.000000 -0.038629
v -0.011817 0.001157 -0.038956
v -0.011958 0.003471 -0.039421
v -0.012013 0.006942 -0.039603
v -0.012026 0.013883 -0.039644
v -0.012013 0.023138 -0.039600
v -0.011971 0.037021 -0.039462
v -0.011763 0.050904 -0.038778
v -0.011957 0.064788 -0.039418
v -0.011828 0.078671 -0.038993
v -0.011822 0.092554 -0.038973
v -0.011794 0.106437 -0.038880
v -0.011919 0.120320 -0.039291
v -0.011899 0.134203 -0.039224
v -0.011937 0.148086 -0.039353
v -0.011895 0.161969 -0.039212
v -0.011556 0.175852 -0.038094
v -0.011594 0.189735 -0.038221
v -0.011791 0.198990 -0.038869
v -0.011608 0.205932 -0.038266
v -0.011334 0.211716 -0.037362
v -0.010882 0.217501 -0.035873
v -0.010191 0.222129 -0.033595
v -0.009559 0.225599 -0.031511
v -0.009589 0.229070 -0.031611
v -0.009184 0.231847 -0.030276
v -0.008785 0.234161 -0.028959
v -0.008549 0.236012 -0.028183
v -0.000031 0.004500 -0.000074
v -0.005771 0.003500 -0.013932
v -0.010746 0.001200 -0.025943
v -0.015402 -0.000694 -0.037183
v -0.015448 0.000000 -0.037295
v -0.015579 0.001157 -0.037610
v -0.015765 0.003471 -0.038059
v -0.015837 0.006942 -0.038235
v -0.015854 0.013883 -0.038275
v -0.015836 0.023138 -0.038232
v -0.015781 0.037021 -0.038099
v -0.015508 0.050904 -0.037439
v -0.015763 0.064788 -0.038056
v -0.015594 0.078671 -0.037646
v -0.015585 0.092554 -0.037626
v -0.015548 0.106437 -0.037536
v -0.015713 0.120320 -0.037933
v -0.015686 0.134203 -0.037869
v -0.015737 0.148086 -0.037993
v -0.015681 0.161969 -0.037857
v -0.015234 0.175852 -0.036778
v -0.015285 0.189735 -0.036901
v -0.015544 0.198990 -0.037526
v -0.015302 0.205932 -0.036943
v -0.014941 0.211716 -0.036071
v -0.014346 0.217501 -0.034633
v -0.013435 0.222129 -0.032435
v -0.012601 0.225599 -0.030422
v -0.012641 0.229070 -0.030519
v -0.012108 0.231847 -0.029230
v -0.011581 0.234161 -0.027959
v -0.011271 0.236012 -0.027209
v -0.000038 0.004500 -0.000071
v -0.007109 0.003500 -0.013299
v -0.013237 0.001200 -0.024764
v -0.018972 -0.000694 -0.035495
v -0.019029 0.000000 -0.035601
v -0.019190 0.001157 -0.035902
v -0.019419 0.003471 -0.036331
v -0.019509 0.006942 -0.036499
v -0.019529 0.013883 -0.036536
v -0.019507 0.023138 -0.036496
v -0.019439 0.037021 -0.036369
v -0.019103 0.050904 -0.035738
v -0.019418 0.064788 -0.036328
v -0.019208 0.078671 -0.035936
v -0.019198 0.092554 -0.035917
v -0.019152 0.106437 -0.035832
v -0.019355 0.120320 -0.036211
v -0.019322 0.134203 -0.036149
v -0.019385 0.148086 -0.036268
v -0.019316 0.161969 -0.036138
v -0.018765 0.175852 -0.035107
v -0.018828 0.189735 -0.035225
v -0.019147 0.198990 -0.035822
v -0.018850 0.205932 -0.035266
v -0.018405 0.211716 -0.034433
v -0.017671 0.217501 -0.033060
v -0.016549 0.222129 -0.030962
v -0.015523 0.225599 -0.029041
v -0.015572 0.229070 -0.029133
v -0.014914 0.231847 -0.027903
v -0.014266 0.234161 -0.026689
v -0.013883 0.236012 -0.025974
v -0.000044 0.004500 -0.000067
v -0.008378 0.003500 -0.012539
v -0.015600 0.001200 -0.023348
v -0.022360 -0.000694 -0.033464
v -0.022427 0.000000 -0.033564
v -0.022617 0.001157 -0.033848
v -0.022887 0.003471 -0.034252
v -0.022992 0.006942 -0.034411
v -0.023016 0.013883 -0.034446
v -0.022991 0.023138 -0.034408
v -0.022911 0.037021 -0.034288
v -0.022514 0.050904 -0.033694
v -0.022885 0.064788 -0.034250
v -0.022638 0.078671 -0.033881
v -0.022626 0.092554 -0.033863
v -0.022572 0.106437 -0.033782
v -0.022811 0.120320 -0.034139
v -0.022772 0.134203 -0.034081
v -0.022847 0.148086 -0.034193
v -0.022765 0.161969 -0.034070
v -0.022116 0.175852 -0.033099
v -0.022190 0.189735 -0.033210
v -0.022566 0.198990 -0.033773
v -0.022216 0.205932 -0.033248
v -0.021691 0.211716 -0.032463
v -0.020827 0.217501 -0.031169
v -0.019504 0.222129 -0.029190
v -0.018294 0.225599 -0.027379
v -0.018352 0.229070 -0.027466
v -0.017578 0.231847 -0.026307
v -0.016813 0.234161 -0.025162
v -0.016362 0.236012 -0.024488
v -0.000051 0.004500 -0.000062
v -0.009567 0.003500 -0.011657
v -0.017814 0.001200 -0.021706
v -0.025532 -0.000694 -0.031111
v -0.025609 0.000000 -0.031205
v -0.025825 0.001157 -0.031468
v -0.026134 0.003471 -0.031844
v -0.026255 0.006942 -0.031991
v -0.026282 0.013883 -0.032024
v -0.026252 0.023138 -0.031989
v -0.026161 0.037021 -0.031877
v -0.025708 0.050904 -0.031325
v -0.026132 0.064788 -0.031842
v -0.025850 0.078671 -0.031499
v -0.025836 0.092554 -0.031482
v -0.025775 0.106437 -0.031407
v -0.026047 0.120320 -0.031739
v -0.026003 0.134203 -0.031685
v -0.026088 0.148086 -0.031789
v -0.025995 0.161969 -0.031675
v -0.025254 0.175852 -0.030772
v -0.025339 0.189735 -0.030875
v -0.025768 0.198990 -0.031398
v -0.025368 0.205932 -0.030911
v -0.024769 0.211716 -0.030181
v -0.023781 0.217501 -0.028978
v -0.022272 0.222129 -0.027138
v -0.020890 0.225599 -0.025454
v -0.020956 0.229070 -0.025535
v -0.020071 0.231847 -0.024457
v -0.019198 0.234161 -0.023393
v -0.018684 0.236012 -0.022766
v -0.000057 0.004500 -0.000057
v -0.010663 0.003500 -0.010663
v -0.019856 0.001200 -0.019856
v -0.028459 -0.000694 -0.028459
v -0.028544 0.000000 -0.028544
v -0.028785 0.001157 -0.028785
v -0.029129 0.003471 -0.029129
v -0.029264 0.006942 -0.029264
v -0.029294 0.013883 -0.029294
v -0.029262 0.023138 -0.029262
v -0.029160 0.037021 -0.029160
v -0.028654 0.050904 -0.028654
v -0.029127 0.064788 -0.029127
v -0.028813 0.078671 -0.028813
v -0.028798 0.092554 -0.028798
v -0.028729 0.106437 -0.028729
v -0.029033 0.120320 -0.029033
v -0.028984 0.134203 -0.028984
v -0.029079 0.148086 -0.029079
v -0.028975 0.161969 -0.028975
v -0.028148 0.175852 -0.028148
v -0.028243 0.189735 -0.028243
v -0.028721 0.198990 -0.028721
v -0.028275 0.205932 -0.028275
v -0.027608 0.211716 -0.027608
v -0.026507 0.217501 -0.026507
v -0.024824 0.222129 -0.024824
v -0.023284 0.225599 -0.023284
v -0.023358 0.229070 -0.023358
v -0.022372 0.231847 -0.022372
v -0.021399 0.234161 -0.021399
v -0.020825 0.236012 -0.020825
v -0.000062 0.004500 -0.000051
v -0.011657 0.003500 -0.009567
v -0.021706 0.001200 -0.017814
v -0.031111 -0.000694 -0.025532
v -0.031205 0.000000 -0.025609
v -0.031468 0.001157 -0.025825
v -0.031844 0.003471 -0.026134
v -0.031991 0.006942 -0.026255
v -0.032024 0.013883 -0.026282
v -0.031989 0.023138 -0.026252
v -0.031877 0.037021 -0.026161
v -0.031325 0.050904 -0.025708
v -0.031842 0.064788 -0.026132
v -0.031499 0.078671 -0.025850
v -0.031482 0.092554 -0.025836
v -0.031407 0.106437 -0.025775
v -0.031739 0.120320 -0.026047
v -0.031685 0.134203 -0.026003
v -0.031789 0.148086 -0.026088
v -0.031675 0.161969 -0.025995
v -0.030772 0.175852 -0.025254
v -0.030875 0.189735 -0.025339
v -0.031398 0.198990 -0.025768
v -0.030911 0.205932 -0.025368
v -0.030181 0.211716 -0.024769
v -0.028978 0.217501 -0.023781
v -0.027138 0.222129 -0.022272
v -0.025454 0.225599 -0.020890
v -0.025535 0.229070 -0.020956
v -0.024457 0.231847 -0.020071
v -0.023393 0.234161 -0.019198
v -0.022766 0.236012 -0.018684
v -0.000067 0.004500 -0.000044
v -0.012539 0.003500 -0.008378
v -0.023348 0.001200 -0.015600
v -0.033464 -0.000694 -0.022360
v -0.033564 0.000000 -0.022427
v -0.033848 0.001157 -0.022617
v -0.034252 0.003471 -0.022887
v -0.034411 0.006942 -0.022992
v -0.034446 0.013883 -0.023016
v -0.034408 0.023138 -0.022991
v -0.034288 0.037021 -0.022911
v -0.033694 0.050904 -0.022514
v -0.034250 0.064788 -0.022885
v -0.033881 0.078671 -0.022638
v -0.033863 0.092554 -0.022626
v -0.033782 0.106437 -0.022572
v -0.034139 0.120320 -0.022811
v -0.034081 0.134203 -0.022772
v -0.034193 0.148086 -0.022847
v -0.034070 0.161969 -0.022765
v -0.033099 0.175852 -0.022116
v -0.033210 0.189735 -0.022190
v -0.033773 0.198990 -0.022566
v -0.033248 0.205932 -0.022216
v -0.032463 0.211716 -0.021691
v -0.031169 0.217501 -0.020827
v -0.029190 0.222129 -0.019504
v -0.027379 0.225599 -0.018294
v -0.027466 0.229070 -0.018352
v -0.026307 0.231847 -0.017578
v -0.025162 0.234161 -0.016813
v -0.024488 0.236012 -0.016362
v -0.000071 0.004500 -0.000038
v -0.013299 0.003500 -0.007109
v -0.024764 0.001200 -0.013237
v -0.035495 -0.000694 -0.018972
v -0.035601 0.000000 -0.019029
v -0.035902 0.001157 -0.019190
v -0.036331 0.003471 -0.019419
v -0.036499 0.006942 -0.019509
v -0.036536 0.013883 -0.019529
v -0.036496 0.023138 -0.019507
v -0.036369 0.037021 -0.019439
v -0.035738 0.050904 -0.019103
v -0.036328 0.064788 -0.019418
v -0.035936 0.078671 -0.019208
v -0.035917 0.092554 -0.019198
v -0.035832 0.106437 -0.019152
v -0.036211 0.120320 -0.019355
v -0.036149 0.134203 -0.019322
v -0.036268 0.148086 -0.019385
v -0.036138 0.161969 -0.019316
v -0.035107 0.175852 -0.018765
v -0.035225 0.189735 -0.018828
v -0.035822 0.198990 -0.019147
v -0.035266 0.205932 -0.018850
v -0.034433 0.211716 -0.018405
v -0.033060 0.217501 -0.017671
v -0.030962 0.222129 -0.016549
v -0.029041 0.225599 -0.015523
v -0.029133 0.229070 -0.015572
v -0.027903 0.231847 -0.014914
v -0.026689 0.234161 -0.014266
v -0.025974 0.236012 -0.013883
v -0.000074 0.004500 -0.000031
v -0.013932 0.003500 -0.005771
v -0.025943 0.001200 -0.010746
v -0.037183 -0.000694 -0.015402
v -0.037295 0.000000 -0.015448
v -0.037610 0.001157 -0.015579
v -0.038059 0.003471 -0.015765
v -0.038235 0.006942 -0.015837
v -0.038275 0.013883 -0.015854
v -0.038232 0.023138 -0.015836
v -0.038099 0.037021 -0.015781
v -0.037439 0.050904 -0.015508
v -0.038056 0.064788 -0.015763
v -0.037646 0.078671 -0.015594
v -0.037626 0.092554 -0.015585
v -0.037536 0.106437 -0.015548
v -0.037933 0.120320 -0.015713
v -0.037869 0.134203 -0.015686
v -0.037993 0.148086 -0.015737
v -0.037857 0.161969 -0.015681
v -0.036778 0.175852 -0.015234
v -0.036901 0.189735 -0.015285
v -0.037526 0.198990 -0.015544
v -0.036943 0.205932 -0.015302
v -0.036071 0.211716 -0.014941
v -0.034633 0.217501 -0.014346
v -0.032435 0.222129 -0.013435
v -0.030422 0.225599 -0.012601
v -0.030519 0.229070 -0.012641
v -0.029230 0.231847 -0.012108
v -0.027959 0.234161 -0.011581
v -0.027209 0.236012 -0.011271
v -0.000077 0.004500 -0.000023
v -0.014431 0.003500 -0.004377
v -0.026871 0.001200 -0.008151
v -0.038514 -0.000694 -0.011683
v -0.038629 0.000000 -0.011718
v -0.038956 0.001157 -0.011817
v -0.039421 0.003471 -0.011958
v -0.039603 0.006942 -0.012013
v -0.039644 0.013883 -0.012026
v -0.039600 0.023138 -0.012013
v -0.039462 0.037021 -0.011971
v -0.038778 0.050904 -0.011763
v -0.039418 0.064788 -0.011957
v -0.038993 0.078671 -0.011828
v -0.038973 0.092554 -0.011822
v -0.038880 0.106437 -0.011794
v -0.039291 0.120320 -0.011919
v -0.039224 0.134203 -0.011899
v -0.039353 0.148086 -0.011937
v -0.039212 0.161969 -0.011895
v -0.038094 0.175852 -0.011556
v -0.038221 0.189735 -0.011594
v -0.038869 0.198990 -0.011791
v -0.038266 0.205932 -0.011608
v -0.037362 0.211716 -0.011334
v -0.035873 0.217501 -0.010882
v -0.033595 0.222129 -0.010191
v -0.031511 0.225599 -0.009559
v -0.031611 0.229070 -0.009589
v -0.030276 0.231847 -0.009184
v -0.028959 0.234161 -0.008785
v -0.028183 0.236012 -0.008549
v -0.000078 0.004500 -0.000016
v -0.014790 0.003500 -0.002942
v -0.027540 0.001200 -0.005478
v -0.039474 -0.000694 -0.007852
v -0.039592 0.000000 -0.007875
v -0.039927 0.001157 -0.007942
v -0.040404 0.003471 -0.008037
v -0.040590 0.006942 -0.008074
v -0.040632 0.013883 -0.008082
v -0.040587 0.023138 -0.008073
v -0.040446 0.037021 -0.008045
v -0.039745 0.050904 -0.007906
v -0.040400 0.064788 -0.008036
v -0.039965 0.078671 -0.007950
v -0.039944 0.092554 -0.007945
v -0.039848 0.106437 -0.007926
v -0.040270 0.120320 -0.008010
v -0.040202 0.134203 -0.007997
v -0.040333 0.148086 -0.008023
v -0.040189 0.161969 -0.007994
v -0.039043 0.175852 -0.007766
v -0.039174 0.189735 -0.007792
v -0.039838 0.198990 -0.007924
v -0.039219 0.205932 -0.007801
v -0.038293 0.211716 -0.007617
v -0.036767 0.217501 -0.007313
v -0.034432 0.222129 -0.006849
v -0.032296 0.225599 -0.006424
v -0.032399 0.229070 -0.006444
v -0.031031 0.231847 -0.006172
v -0.029681 0.234161 -0.005904
v -0.028885 0.236012 -0.005746
v -0.000080 0.004500 -0.000008
v -0.015007 0.003500 -0.001478
v -0.027945 0.001200 -0.002752
v -0.040053 -0.000694 -0.003945
v -0.040173 0.000000 -0.003957
v -0.040513 0.001157 -0.003990
v -0.040997 0.003471 -0.004038
v -0.041186 0.006942 -0.004056
v -0.041229 0.013883 -0.004061
v -0.041183 0.023138 -0.004056
v -0.041039 0.037021 -0.004042
v -0.040328 0.050904 -0.003972
v -0.040993 0.064788 -0.004037
v -0.040552 0.078671 -0.003994
v -0.040530 0.092554 -0.003992
v -0.040433 0.106437 -0.003982
v -0.040861 0.120320 -0.004024
v -0.040792 0.134203 -0.004018
v -0.040925 0.148086 -0.004031
v -0.040779 0.161969 -0.004016
v -0.039616 0.175852 -0.003902
v -0.039749 0.189735 -0.003915
v -0.040423 0.198990 -0.003981
v -0.039795 0.205932 -0.003919
v -0.038855 0.211716 -0.003827
v -0.037306 0.217501 -0.003674
v -0.034938 0.222129 -0.003441
v -0.032770 0.225599 -0.003228
v -0.032874 0.229070 -0.003238
v -0.031486 0.231847 -0.003101
v -0.030117 0.234161 -0.002966
v -0.029309 0.236012 -0.002887
v -0.000080 0.004500 0.000000
v -0.015080 0.003500 0.000000
v -0.028080 0.001200 0.000000
v -0.040247 -0.000694 0.000000
v -0.040368 0.000000 0.000000
v -0.040709 0.001157 0.000000
v -0.041195 0.003471 0.000000
v -0.041385 0.006942 0.000000
v -0.041428 0.013883 0.000000
v -0.041382 0.023138 0.000000
v -0.041238 0.037021 0.000000
v -0.040523 0.050904 0.000000
v -0.041192 0.064788 0.000000
v -0.040748 0.078671 0.000000
v -0.040726 0.092554 0.000000
v -0.040629 0.106437 0.000000
v -0.041059 0.120320 0.000000
v -0.040989 0.134203 0.000000
v -0.041123 0.148086 0.000000
v -0.040976 0.161969 0.000000
v -0.039808 0.175852 0.000000
v -0.039941 0.189735 0.000000
v -0.040618 0.198990 0.000000
v -0.039987 0.205932 0.000000
v -0.039043 0.211716 0.000000
v -0.037487 0.217501 0.000000
v -0.035107 0.222129 0.000000
v -0.032929 0.225599 0.000000
v -0.033033 0.229070 0.000000
v -0.031639 0.231847 0.000000
v -0.030262 0.234161 0.000000
v -0.029451 0.236012 0.000000
v -0.000080 0.004500 0.000008
v -0.015007 0.003500 0.001478
v -0.027945 0.001200 0.002752
v -0.040053 -0.000694 0.003945
v -0.040173 0.000000 0.003957
v -0.040513 0.001157 0.003990
v -0.040997 0.003471 0.004038
v -0.041186 0.006942 0.004056
v -0.041229 0.013883 0.004061
v -0.041183 0.023138 0.004056
v -0.041039 0.037021 0.004042
v -0.040328 0.050904 0.003972
v -0.040993 0.064788 0.004037
v -0.040552 0.078671 0.003994
v -0.040530 0.092554 0.003992
v -0.040433 0.106437 0.003982
v -0.040861 0.120320 0.004024
v -0.040792 0.134203 0.004018
v -0.040925 0.148086 0.004031
v -0.040779 0.161969 0.004016
v -0.039616 0.175852 0.003902
v -0.039749 0.189735 0.003915
v -0.040423 0.198990 0.003981
v -0.039795 0.205932 0.003919
v -0.038855 0.211716 0.003827
v -0.037306 0.217501 0.003674
v -0.034938 0.222129 0.003441
v -0.032770 0.225599 0.003228
v -0.032874 0.229070 0.003238
v -0.031486 0.231847 0.003101
v -0.030117 0.234161 0.002966
v -0.029309 0.236012 0.002887
v -0.000078 0.004500 0.000016
v -0.014790 0.003500 0.002942
v -0.027540 0.001200 0.005478
v -0.039474 -0.000694 0.007852
v -0.039592 0.000000 0.007875
v -0.039927 0.001157 0.007942
v -0.040404 0.003471 0.008037
v -0.040590 0.006942 0.008074
v -0.040632 0.013883 0.008082
v -0.040587 0.023138 0.008073
v -0.040446 0.037021 0.008045
v -0.039745 0.050904 0.007906
v -0.040400 0.064788 0.008036
v -0.039965 0.078671 0.007950
v -0.039944 0.092554 0.007945
v -0.039848 0.106437 0.007926
v -0.040270 0.120320 0.008010
v -0.040202 0.134203 0.007997
v -0.040333 0.148086 0.008023
v -0.040189 0.161969 0.007994
v -0.039043 0.175852 0.007766
v -0.039174 0.189735 0.007792
v -0.039838 0.198990 0.007924
v -0.039219 0.205932 0.007801
v -0.038293 0.211716 0.007617
v -0.036767 0.217501 0.007313
v -0.034432 0.222129 0.006849
v -0.032296 0.225599 0.006424
v -0.032399 0.229070 0.006444
v -0.031031 0.231847 0.006172
v -0.029681 0.234161 0.005904
v -0.028885 0.236012 0.005746
v -0.000077 0.004500 0.000023
v -0.014431 0.003500 0.004377
v -0.026871 0.001200 0.008151
v -0.038514 -0.000694 0.011683
v -0.038629 0.000000 0.011718
v -0.038956 0.001157 0.011817
v -0.039421 0.003471 0.011958
v -0.039603 0.006942 0.012013
v -0.039644 0.013883 0.012026
v -0.039600 0.023138 0.012013
v -0.039462 0.037021 0.011971
v -0.038778 0.050904 0.011763
v -0.039418 0.064788 0.011957
v -0.038993 0.078671 0.011828
v -0.038973 0.092554 0.011822
v -0.038880 0.106437 0.011794
v -0.039291 0.120320 0.011919
v -0.039224 0.134203 0.011899
v -0.039353 0.148086 0.011937
v -0.039212 0.161969 0.011895
v -0.038094 0.175852 0.011556
v -0.038221 0.189735 0.011594
v -0.038869 0.198990 0.011791
v -0.038266 0.205932 0.011608
v -0.037362 0.211716 0.011334
v -0.035873 0.217501 0.010882
v -0.033595 0.222129 0.010191
v -0.031511 0.225599 0.009559
v -0.031611 0.229070 0.009589
v -0.030276 0.231847 0.009184
v -0.028959 0.234161 0.008785
v -0.028183 0.236012 0.008549
v -0.000074 0.004500 0.000031
v -0.013932 0.003500 0.005771
v -0.025943 0.001200 0.010746
v -0.037183 -0.000694 0.015402
v -0.037295 0.000000 0.015448
v -0.037610 0.001157 0.015579
v -0.038059 0.003471 0.015765
v -0.038235 0.006942 0.015837
v -0.038275 0.013883 0.015854
v -0.038232 0.023138 0.015836
v -0.038099 0.037021 0.015781
v -0.037439 0.050904 0.015508
v -0.038056 0.064788 0.015763
v -0.037646 0.078671 0.015594
v -0.037626 0.092554 0.015585
v -0.037536 0.106437 0.015548
v -0.037933 0.120320 0.015713
v -0.037869 0.134203 0.015686
v -0.037993 0.148086 0.015737
v -0.037857 0.161969 0.015681
v -0.036778 0.175852 0.015234
v -0.036901 0.189735 0.015285
v -0.037526 0.198990 0.015544
v -0.036943 0.205932 0.015302
v -0.036071 0.211716 0.014941
v -0.034633 0.217501 0.014346
v -0.032435 0.222129 0.013435
v -0.030422 0.225599 0.012601
v -0.030519 0.229070 0.012641
v -0.029230 0.231847 0.012108
v -0.027959 0.234161 0.011581
v -0.027209 0.236012 0.011271
v -0.000071 0.004500 0.000038
v -0.013299 0.003500 0.007109
v -0.024764 0.001200 0.013237
v -0.035495 -0.000694 0.018972
v -0.035601 0.000000 0.019029
v -0.035902 0.001157 0.019190
v -0.036331 0.003471 0.019419
v -0.036499 0.006942 0.019509
v -0.036536 0.013883 0.019529
v -0.036496 0.023138 0.019507
v -0.036369 0.037021 0.019439
v -0.035738 0.050904 0.019103
v -0.036328 0.064788 0.019418
v -0.035936 0.078671 0.019208
v -0.035917 0.092554 0.019198
v -0.035832 0.106437 0.019152
v -0.036211 0.120320 0.019355
v -0.036149 0.134203 0.019322
v -0.036268 0.148086 0.019385
v -0.036138 0.161969 0.019316
v -0.035107 0.175852 0.018765
v -0.035225 0.189735 0.018828
v -0.035822 0.198990 0.019147
v -0.035266 0.205932 0.018850
v -0.034433 0.211716 0.018405
v -0.033060 0.217501 0.017671
v -0.030962 0.222129 0.016549
v -0.029041 0.225599 0.015523
v -0.029133 0.229070 0.015572
v -0.027903 0.231847 0.014914
v -0.026689 0.234161 0.014266
v -0.025974 0.236012 0.013883
v -0.000067 0.004500 0.000044
v -0.012539 0.003500 0.008378
v -0.023348 0.001200 0.015600
v -0.033464 -0.000694 0.022360
v -0.033564 0.000000 0.022427
v -0.033848 0.001157 0.022617
v -0.034252 0.003471 0.022887
v -0.034411 0.006942 0.022992
v -0.034446 0.013883 0.023016
v -0.034408 0.023138 0.022991
v -0.034288 0.037021 0.022911
v -0.033694 0.050904 0.022514
v -0.034250 0.064788 0.022885
v -0.033881 0.078671 0.022638
v -0.033863 0.092554 0.022626
v -0.033782 0.106437 0.022572
v -0.034139 0.120320 0.022811
v -0.034081 0.134203 0.022772
v -0.034193 0.148086 0.022847
v -0.034070 0.161969 0.022765
v -0.033099 0.175852 0.022116
v -0.033210 0.189735 0.022190
v -0.033773 0.198990 0.022566
v -0.033248 0.205932 0.022216
v -0.032463 0.211716 0.021691
v -0.031169 0.217501 0.020827
v -0.029190 0.222129 0.019504
v -0.027379 0.225599 0.018294
v -0.027466 0.229070 0.018352
v -0.026307 0.231847 0.017578
v -0.025162 0.234161 0.016813
v -0.024488 0.236012 0.016362
v -0.000062 0.004500 0.000051
v -0.011657 0.003500 0.009567
v -0.021706 0.001200 0.017814
v -0.031111 -0.000694 0.025532
v -0.031205 0.000000 0.025609
v -0.031468 0.001157 0.025825
v -0.031844 0.003471 0.026134
v -0.031991 0.006942 0.026255
v -0.032024 0.013883 0.026282
v -0.031989 0.023138 0.026252
v -0.031877 0.037021 0.026161
v -0.031325 0.050904 0.025708
v -0.031842 0.064788 0.026132
v -0.031499 0.078671 0.025850
v -0.031482 0.092554 0.025836
v -0.031407 0.106437 0.025775
v -0.031739 0.120320 0.026047
v -0.031685 0.134203 0.026003
v -0.031789 0.148086 0.026088
v -0.031675 0.161969 0.025995
v -0.030772 0.175852 0.025254
v -0.030875 0.189735 0.025339
v -0.031398 0.198990 0.025768
v -0.030911 0.205932 0.025368
v -0.030181 0.211716 0.024769
v -0.028978 0.217501 0.023781
v -0.027138 0.222129 0.022272
v -0.025454 0.225599 0.020890
v -0.025535 0.229070 0.020956
v -0.024457 0.231847 0.020071
v -0.023393 0.234161 0.019198
v -0.022766 0.236012 0.018684
v -0.000057 0.004500 0.000057
v -0.010663 0.003500 0.010663
v -0.019856 0.001200 0.019856
v -0.028459 -0.000694 0.028459
v -0.028544 0.000000 0.028544
v -0.028785 0.001157 0.028785
v -0.029129 0.003471 0.029129
v -0.029264 0.006942 0.029264
v -0.029294 0.013883 0.029294
v -0.029262 0.023138 0.029262
v -0.029160 0.037021 0.029160
v -0.028654 0.050904 0.028654
v -0.029127 0.064788 0.029127
v -0.028813 0.078671 0.028813
v -0.028798 0.092554 0.028798
v -0.028729 0.106437 0.028729
v -0.029033 0.120320 0.029033
v -0.028984 0.134203 0.028984
v -0.029079 0.148086 0.029079
v -0.028975 0.161969 0.028975
v -0.028148 0.175852 0.028148
v -0.028243 0.189735 0.028243
v -0.028721 0.198990 0.028721
v -0.028275 0.205932 0.028275
v -0.027608 0.211716 0.027608
v -0.026507 0.217501 0.026507
v -0.024824 0.222129 0.024824
v -0.023284 0.225599 0.023284
v -0.023358 0.229070 0.023358
v -0.022372 0.231847 0.022372
v -0.021399 0.234161 0.021399
v -0.020825 0.236012 0.020825
v -0.000051 0.004500 0.000062
v -0.009567 0.003500 0.011657
v -0.017814 0.001200 0.021706
v -0.025532 -0.000694 0.031111
v -0.025609 0.000000 0.031205
v -0.025825 0.001157 0.031468
v -0.026134 0.003471 0.031844
v -0.026255 0.006942 0.031991
v -0.026282 0.013883 0.032024
v -0.026252 0.023138 0.031989
v -0.026161 0.037021 0.031877
v -0.025708 0.050904 0.031325
v -0.026132 0.064788 0.031842
v -0.025850 0.078671 0.031499
v -0.025836 0.092554 0.031482
v -0.025775 0.106437 0.031407
v -0.026047 0.120320 0.031739
v -0.026003 0.134203 0.031685
v -0.026088 0.148086 0.031789
v -0.025995 0.161969 0.031675
v -0.025254 0.175852 0.030772
v -0.025339 0.189735 0.030875
v -0.025768 0.198990 0.031398
v -0.025368 0.205932 0.030911
v -0.024769 0.211716 0.030181
v -0.023781 0.217501 0.028978
v -0.022272 0.222129 0.027138
v -0.020890 0.225599 0.025454
v -0.020956 0.229070 0.025535
v -0.020071 0.231847 0.024457
v -0.019198 0.234161 0.023393
v -0.018684 0.236012 0.022766
v -0.000044 0.004500 0.000067
v -0.008378 0.003500 0.012539
v -0.015600 0.001200 0.023348
v -0.022360 -0.000694 0.033464
v -0.022427 0.000000 0.033564
v -0.022617 0.001157 0.033848
v -0.022887 0.003471 0.034252
v -0.022992 0.006942 0.034411
v -0.023016 0.013883 0.034446
v -0.022991 0.023138 0.034408
v -0.022911 0.037021 0.034288
v -0.022514 0.050904 0.033694
v -0.022885 0.064788 0.034250
v -0.022638 0.078671 0.033881
v -0.022626 0.092554 0.033863
v -0.022572 0.106437 0.033782
v -0.022811 0.120320 0.034139
v -0.022772 0.134203 0.034081
v -0.022847 0.148086 0.034193
v -0.022765 0.161969 0.034070
v -0.022116 0.175852 0.033099
v -0.022190 0.189735 0.033210
v -0.022566 0.198990 0.033773
v -0.022216 0.205932 0.033248
v -0.021691 0.211716 0.032463
v -0.020827 0.217501 0.031169
v -0.019504 0.222129 0.029190
v -0.018294 0.225599 0.027379
v -0.018352 0.229070 0.027466
v -0.017578 0.231847 0.026307
v -0.016813 0.234161 0.025162
v -0.016362 0.236012 0.024488
v -0.000038 0.004500 0.000071
v -0.007109 0.003500 0.013299
v -0.013237 0.001200 0.024764
v -0.018972 -0.000694 0.035495
v -0.019029 0.000000 0.035601
v -0.019190 0.001157 0.035902
v -0.019419 0.003471 0.036331
v -0.019509 0.006942 0.036499
v -0.019529 0.013883 0.036536
v -0.019507 0.023138 0.036496
v -0.019439 0.037021 0.036369
v -0.019103 0.050904 0.035738
v -0.019418 0.064788 0.036328
v -0.019208 0.078671 0.035936
v -0.019198 0.092554 0.035917
v -0.019152 0.106437 0.035832
v -0.019355 0.120320 0.036211
v -0.019322 0.134203 0.036149
v -0.019385 0.148086 0.036268
v -0.019316 0.161969 0.036138
v -0.018765 0.175852 0.035107
v -0.018828 0.189735 0.035225
v -0.019147 0.198990 0.035822
v -0.018850 0.205932 0.035266
v -0.018405 0.211716 0.034433
v -0.017671 0.217501 0.033060
v -0.016549 0.222129 0.030962
v -0.015523 0.225599 0.029041
v -0.015572 0.229070 0.029133
v -0.014914 0.231847 0.027903
v -0.014266 0.234161 0.026689
v -0.013883 0.236012 0.025974
v -0.000031 0.004500 0.000074
v -0.005771 0.003500 0.013932
v -0.010746 0.001200 0.025943
v -0.015402 -0.000694 0.037183
v -0.015448 0.000000 0.037295
v -0.015579 0.001157 0.037610
v -0.015765 0.003471 0.038059
v -0.015837 0.006942 0.038235
v -0.015854 0.013883 0.038275
v -0.015836 0.023138 0.038232
v -0.015781 0.037021 0.038099
v -0.015508 0.050904 0.037439
v -0.015763 0.064788 0.038056
v -0.015594 0.078671 0.037646
v -0.015585 0.092554 0.037626
v -0.015548 0.106437 0.037536
v -0.015713 0.120320 0.037933
v -0.015686 0.134203 0.037869
v -0.015737 0.148086 0.037993
v -0.015681 0.161969 0.037857
v -0.015234 0.175852 0.036778
v -0.015285 0.189735 0.036901
v -0.015544 0.198990 0.037526
v -0.015302 0.205932 0.036943
v -0.014941 0.211716 0.036071
v -0.014346 0.217501 0.034633
v -0.013435 0.222129 0.032435
v -0.012601 0.225599 0.030422
v -0.012641 0.229070 0.030519
v -0.012108 0.231847 0.029230
v -0.011581 0.234161 0.027959
v -0.011271 0.236012 0.027209
v -0.000023 0.004500 0.000077
v -0.004377 0.003500 0.014431
v -0.008151 0.001200 0.026871
v -0.011683 -0.000694 0.038514
v -0.011718 0.000000 0.038629
v -0.011817 0.001157 0.038956
v -0.011958 0.003471 0.039421
v -0.012013 0.006942 0.039603
v -0.012026 0.013883 0.039644
v -0.012013 0.023138 0.039600
v -0.011971 0.037021 0.039462
v -0.011763 0.050904 0.038778
v -0.011957 0.064788 0.039418
v -0.011828 0.078671 0.038993
v -0.011822 0.092554 0.038973
v -0.011794 0.106437 0.038880
v -0.011919 0.120320 0.039291
v -0.011899 0.134203 0.039224
v -0.011937 0.148086 0.039353
v -0.011895 0.161969 0.039212
v -0.011556 0.175852 0.038094
v -0.011594 0.189735 0.038221
v -0.011791 0.198990 0.038869
v -0.011608 0.205932 0.038266
v -0.011334 0.211716 0.037362
v -0.010882 0.217501 0.035873
v -0.010191 0.222129 0.033595
v -0.009559 0.225599 0.031511
v -0.009589 0.229070 0.031611
v -0.009184 0.231847 0.030276
v -0.008785 0.234161 0.028959
v -0.008549 0.236012 0.028183
v -0.000016 0.004500 0.000078
v -0.002942 0.003500 0.014790
v -0.005478 0.001200 0.027540
v -0.007852 -0.000694 0.039474
v -0.007875 0.000000 0.039592
v -0.007942 0.001157 0.039927
v -0.008037 0.003471 0.040404
v -0.008074 0.006942 0.040590
v -0.008082 0.013883 0.040632
v -0.008073 0.023138 0.040587
v -0.008045 0.037021 0.040446
v -0.007906 0.050904 0.039745
v -0.008036 0.064788 0.040400
v -0.007950 0.078671 0.039965
v -0.007945 0.092554 0.039944
v -0.007926 0.106437 0.039848
v -0.008010 0.120320 0.040270
v -0.007997 0.134203 0.040202
v -0.008023 0.148086 0.040333
v -0.007994 0.161969 0.040189
v -0.007766 0.175852 0.039043
v -0.007792 0.189735 0.039174
v -0.007924 0.198990 0.039838
v -0.007801 0.205932 0.039219
v -0.007617 0.211716 0.038293
v -0.007313 0.217501 0.036767
v -0.006849 0.222129 0.034432
v -0.006424 0.225599 0.032296
v -0.006444 0.229070 0.032399
v -0.006172 0.231847 0.031031
v -0.005904 0.234161 0.029681
v -0.005746 0.236012 0.028885
v -0.000008 0.004500 0.000080
v -0.001478 0.003500 0.015007
v -0.002752 0.001200 0.027945
v -0.003945 -0.000694 0.040053
v -0.003957 0.000000 0.040173
v -0.003990 0.001157 0.040513
v -0.004038 0.003471 0.040997
v -0.004056 0.006942 0.041186
v -0.004061 0.013883 0.041229
v -0.004056 0.023138 0.041183
v -0.004042 0.037021 0.041039
v -0.003972 0.050904 0.040328
v -0.004037 0.064788 0.040993
v -0.003994 0.078671 0.040552
v -0.003992 0.092554 0.040530
v -0.003982 0.106437 0.040433
v -0.004024 0.120320 0.040861
v -0.004018 0.134203 0.040792
v -0.004031 0.148086 0.040925
v -0.004016 0.161969 0.040779
v -0.003902 0.175852 0.039616
v -0.003915 0.189735 0.039749
v -0.003981 0.198990 0.040423
v -0.003919 0.205932 0.039795
v -0.003827 0.211716 0.038855
v -0.003674 0.217501 0.037306
v -0.003441 0.222129 0.034938
v -0.003228 0.225599 0.032770
v -0.003238 0.229070 0.032874
v -0.003101 0.231847 0.031486
v -0.002966 0.234161 0.030117
v -0.002887 0.236012 0.029309
v 0.000000 0.004500 0.000080
v 0.000000 0.003500 0.015080
v 0.000000 0.001200 0.028080
v 0.000000 -0.000694 0.040247
v 0.000000 0.000000 0.040368
v 0.000000 0.001157 0.040709
v 0.000000 0.003471 0.041195
v 0.000000 0.006942 0.041385
v 0.000000 0.013883 0.041428
v 0.000000 0.023138 0.041382
v 0.000000 0.037021 0.041238
v 0.000000 0.050904 0.040523
v 0.000000 0.064788 0.041192
v 0.000000 0.078671 0.040748
v 0.000000 0.092554 0.040726
v 0.000000 0.106437 0.040629
v 0.000000 0.120320 0.041059
v 0.000000 0.134203 0.040989
v 0.000000 0.148086 0.041123
v 0.000000 0.161969 0.040976
v 0.000000 0.175852 0.039808
v 0.000000 0.189735 0.039941
v 0.000000 0.198990 0.040618
v 0.000000 0.205932 0.039987
v 0.000000 0.211716 0.039043
v 0.000000 0.217501 0.037487
v 0.000000 0.222129 0.035107
v 0.000000 0.225599 0.032929
v 0.000000 0.229070 0.033033
v 0.000000 0.231847 0.031639
v 0.000000 0.234161 0.030262
v 0.000000 0.236012 0.029451
v 0.000008 0.004500 0.000080
v 0.001478 0.003500 0.015007
v 0.002752 0.001200 0.027945
v 0.003945 -0.000694 0.040053
v 0.003957 0.000000 0.040173
v 0.003990 0.001157 0.040513
v 0.004038 0.003471 0.040997
v 0.004056 0.006942 0.041186
v 0.004061 0.013883 0.041229
v 0.004056 0.023138 0.041183
v 0.004042 0.037021 0.041039
v 0.003972 0.050904 0.040328
v 0.004037 0.064788 0.040993
v 0.003994 0.078671 0.040552
v 0.003992 0.092554 0.040530
v 0.003982 0.106437 0.040433
v 0.004024 0.120320 0.040861
v 0.004018 0.134203 0.040792
v 0.004031 0.148086 0.040925
v 0.004016 0.161969 0.040779
v 0.003902 0.175852 0.039616
v 0.003915 0.189735 0.039749
v 0.003981 0.198990 0.040423
v 0.003919 0.205932 0.039795
v 0.003827 0.211716 0.038855
v 0.003674 0.217501 0.037306
v 0.003441 0.222129 0.034938
v 0.003228 0.225599 0.032770
v 0.003238 0.229070 0.032874
v 0.003101 0.231847 0.031486
v 0.002966 0.234161 0.030117
v 0.002887 0.236012 0.029309
v 0.000016 0.004500 0.000078
v 0.002942 0.003500 0.014790
v 0.005478 0.001200 0.027540
v 0.007852 -0.000694 0.039474
v 0.007875 0.000000 0.039592
v 0.007942 0.001157 0.039927
v 0.008037 0.003471 0.040404
v 0.008074 0.006942 0.040590
v 0.008082 0.013883 0.040632
v 0.008073 0.023138 0.040587
v 0.008045 0.037021 0.040446
v 0.007906 0.050904 0.039745
v 0.008036 0.064788 0.040400
v 0.007950 0.078671 0.039965
v 0.007945 0.092554 0.039944
v 0.007926 0.106437 0.039848
v 0.008010 0.120320 0.040270
v 0.007997 0.134203 0.040202
v 0.008023 0.148086 0.040333
v 0.007994 0.161969 0.040189
v 0.007766 0.175852 0.039043
v 0.007792 0.189735 0.039174
v 0.007924 0.198990 0.039838
v 0.007801 0.205932 0.039219
v 0.007617 0.211716 0.038293
v 0.007313 0.217501 0.036767
v 0.006849 0.222129 0.034432
v 0.006424 0.225599 0.032296
v 0.006444 0.229070 0.032399
v 0.006172 0.231847 0.031031
v 0.005904 0.234161 0.029681
v 0.005746 0.236012 0.028885
v 0.000023 0.004500 0.000077
v 0.004377 0.003500 0.014431
v 0.008151 0.001200 0.026871
v 0.011683 -0.000694 0.038514
v 0.011718 0.000000 0.038629
v 0.011817 0.001157 0.038956
v 0.011958 0.003471 0.039421
v 0.012013 0.006942 0.039603
v 0.012026 0.013883 0.039644
v 0.012013 0.023138 0.039600
v 0.011971 0.037021 0.039462
v 0.011763 0.050904 0.038778
v 0.011957 0.064788 0.039418
v 0.011828 0.078671 0.038993
v 0.011822 0.092554 0.038973
v 0.011794 0.106437 0.038880
v 0.011919 0.120320 0.039291
v 0.011899 0.134203 0.039224
v 0.011937 0.148086 0.039353
v 0.011895 0.161969 0.039212
v 0.011556 0.175852 0.038094
v 0.011594 0.189735 0.038221
v 0.011791 0.198990 0.038869
v 0.011608 0.205932 0.038266
v 0.011334 0.211716 0.037362
v 0.010882 0.217501 0.035873
v 0.010191 0.222129 0.033595
v 0.009559 0.225599 0.031511
v 0.009589 0.229070 0.031611
v 0.009184 0.231847 0.030276
v 0.008785 0.234161 0.028959
v 0.008549 0.236012 0.028183
v 0.000031 0.004500 0.000074
v 0.005771 0.003500 0.013932
v 0.010746 0.001200 0.025943
v 0.015402 -0.000694 0.037183
v 0.015448 0.000000 0.037295
v 0.015579 0.001157 0.037610
v 0.015765 0.003471 0.038059
v 0.015837 0.006942 0.038235
v 0.015854 0.013883 0.038275
v 0.015836 0.023138 0.038232
v 0.015781 0.037021 0.038099
v 0.015508 0.050904 0.037439
v 0.015763 0.064788 0.038056
v 0.015594 0.078671 0.037646
v 0.015585 0.092554 0.037626
v 0.015548 0.106437 0.037536
v 0.015713 0.120320 0.037933
v 0.015686 0.134203 0.037869
v 0.015737 0.148086 0.037993
v 0.015681 0.161969 0.037857
v 0.015234 0.175852 0.036778
v 0.015285 0.189735 0.036901
v 0.015544 0.198990 0.037526
v 0.015302 0.205932 0.036943
v 0.014941 0.211716 0.036071
v 0.014346 0.217501 0.034633
v 0.013435 0.222129 0.032435
v 0.012601 0.225599 0.030422
v 0.012641 0.229070 0.030519
v 0.012108 0.231847 0.029230
v 0.011581 0.234161 0.027959
v 0.011271 0.236012 0.027209
v 0.000038 0.004500 0.000071
v 0.007109 0.003500 0.013299
v 0.013237 0.001200 0.024764
v 0.018972 -0.000694 0.035495
v 0.019029 0.000000 0.035601
v 0.019190 0.001157 0.035902
v 0.019419 0.003471 0.036331
v 0.019509 0.006942 0.036499
v 0.019529 0.013883 0.036536
v 0.019507 0.023138 0.036496
v 0.019439 0.037021 0.036369
v 0.019103 0.050904 0.035738
v 0.019418 0.064788 0.036328
v 0.019208 0.078671 0.035936
v 0.019198 0.092554 0.035917
v 0.019152 0.106437 0.035832
v 0.019355 0.120320 0.036211
v 0.019322 0.134203 0.036149
v 0.019385 0.148086 0.036268
v 0.019316 0.161969 0.036138
v 0.018765 0.175852 0.035107
v 0.018828 0.189735 0.035225
v 0.019147 0.198990 0.035822
v 0.018850 0.205932 0.035266
v 0.018405 0.211716 0.034433
v 0.017671 0.217501 0.033060
v 0.016549 0.222129 0.030962
v 0.015523 0.225599 0.029041
v 0.015572 0.229070 0.029133
v 0.014914 0.231847 0.027903
v 0.014266 0.234161 0.026689
v 0.013883 0.236012 0.025974
v 0.000044 0.004500 0.000067
v 0.008378 0.003500 0.012539
v 0.015600 0.001200 0.023348
v 0.022360 -0.000694 0.033464
v 0.022427 0.000000 0.033564
v 0.022617 0.001157 0.033848
v 0.022887 0.003471 0.034252
v 0.022992 0.006942 0.034411
v 0.023016 0.013883 0.034446
v 0.022991 0.023138 0.034408
v 0.022911 0.037021 0.034288
v 0.022514 0.050904 0.033694
v 0.022885 0.064788 0.034250
v 0.022638 0.078671 0.033881
v 0.022626 0.092554 0.033863
v 0.022572 0.106437 0.033782
v 0.022811 0.120320 0.034139
v 0.022772 0.134203 0.034081
v 0.022847 0.148086 0.034193
v 0.022765 0.161969 0.034070
v 0.022116 0.175852 0.033099
v 0.022190 0.189735 0.033210
v 0.022566 0.198990 0.033773
v 0.022216 0.205932 0.033248
v 0.021691 0.211716 0.032463
v 0.020827 0.217501 0.031169
v 0.019504 0.222129 0.029190
v 0.018294 0.225599 0.027379
v 0.018352 0.229070 0.027466
v 0.017578 0.231847 0.026307
v 0.016813 0.234161 0.025162
v 0.016362 0.236012 0.024488
v 0.000051 0.004500 0.000062
v 0.009567 0.003500 0.011657
v 0.017814 0.001200 0.021706
v 0.025532 -0.000694 0.031111
v 0.025609 0.000000 0.031205
v 0.025825 0.001157 0.031468
v 0.026134 0.003471 0.031844
v 0.026255 0.006942 0.031991
v 0.026282 0.013883 0.032024
v 0.026252 0.023138 0.031989
v 0.026161 0.037021 0.031877
v 0.025708 0.050904 0.031325
v 0.026132 0.064788 0.031842
v 0.025850 0.078671 0.031499
v 0.025836 0.092554 0.031482
v 0.025775 0.106437 0.031407
v 0.026047 0.120320 0.031739
v 0.026003 0.134203 0.031685
v 0.026088 0.148086 0.031789
v 0.025995 0.161969 0.031675
v 0.025254 0.175852 0.030772
v 0.025339 0.189735 0.030875
v 0.025768 0.198990 0.031398
v 0.025368 0.205932 0.030911
v 0.024769 0.211716 0.030181
v 0.023781 0.217501 0.028978
v 0.022272 0.222129 0.027138
v 0.020890 0.225599 0.025454
v 0.020956 0.229070 0.025535
v 0.020071 0.231847 0.024457
v 0.019198 0.234161 0.023393
v 0.018684 0.236012 0.022766
v 0.000057 0.004500 0.000057
v 0.010663 0.003500 0.010663
v 0.019856 0.001200 0.019856
v 0.028459 -0.000694 0.028459
v 0.028544 0.000000 0.028544
v 0.028785 0.001157 0.028785
v 0.029129 0.003471 0.029129
v 0.029264 0.006942 0.029264
v 0.029294 0.013883 0.029294
v 0.029262 0.023138 0.029262
v 0.029160 0.037021 0.029160
v 0.028654 0.050904 0.028654
v 0.029127 0.064788 0.029127
v 0.028813 0.078671 0.028813
v 0.028798 0.092554 0.028798
v 0.028729 0.106437 0.028729
v 0.029033 0.120320 0.029033
v 0.028984 0.134203 0.028984
v 0.029079 0.148086 0.029079
v 0.028975 0.161969 0.028975
v 0.028148 0.175852 0.028148
v 0.028243 0.189735 0.028243
v 0.028721 0.198990 0.028721
v 0.028275 0.205932 0.028275
v 0.027608 0.211716 0.027608
v 0.026507 0.217501 0.026507
v 0.024824 0.222129 0.024824
v 0.023284 0.225599 0.023284
v 0.023358 0.229070 0.023358
v 0.022372 0.231847 0.022372
v 0.021399 0.234161 0.021399
v 0.020825 0.236012 0.020825
v 0.000062 0.004500 0.000051
v 0.011657 0.003500 0.009567
v 0.021706 0.001200 0.017814
v 0.031111 -0.000694 0.025532
v 0.031205 0.000000 0.025609
v 0.031468 0.001157 0.025825
v 0.031844 0.003471 0.026134
v 0.031991 0.006942 0.026255
v 0.032024 0.013883 0.026282
v 0.031989 0.023138 0.026252
v 0.031877 0.037021 0.026161
v 0.031325 0.050904 0.025708
v 0.031842 0.064788 0.026132
v 0.031499 0.078671 0.025850
v 0.031482 0.092554 0.025836
v 0.031407 0.106437 0.025775
v 0.031739 0.120320 0.026047
v 0.031685 0.134203 0.026003
v 0.031789 0.148086 0.026088
v 0.031675 0.161969 0.025995
v 0.030772 0.175852 0.025254
v 0.030875 0.189735 0.025339
v 0.031398 0.198990 0.025768
v 0.030911 0.205932 0.025368
v 0.030181 0.211716 0.024769
v 0.028978 0.217501 0.023781
v 0.027138 0.222129 0.022272
v 0.025454 0.225599 0.020890
v 0.025535 0.229070 0.020956
v 0.024457 0.231847 0.020071
v 0.023393 0.234161 0.019198
v 0.022766 0.236012 0.018684
v 0.000067 0.004500 0.000044
v 0.012539 0.003500 0.008378
v 0.023348 0.001200 0.015600
v 0.033464 -0.000694 0.022360
v 0.033564 0.000000 0.022427
v 0.033848 0.001157 0.022617
v 0.034252 0.003471 0.022887
v 0.034411 0.006942 0.022992
v 0.034446 0.013883 0.023016
v 0.034408 0.023138 0.022991
v 0.034288 0.037021 0.022911
v 0.033694 0.050904 0.022514
v 0.034250 0.064788 0.022885
v 0.033881 0.078671 0.022638
v 0.033863 0.092554 0.022626
v 0.033782 0.106437 0.022572
v 0.034139 0.120320 0.022811
v 0.034081 0.134203 0.022772
v 0.034193 0.148086 0.022847
v 0.034070 0.161969 0.022765
v 0.033099 0.175852 0.022116
v 0.033210 0.189735 0.022190
v 0.033773 0.198990 0.022566
v 0.033248 0.205932 0.022216
v 0.032463 0.211716 0.021691
v 0.031169 0.217501 0.020827
v 0.029190 0.222129 0.019504
v 0.027379 0.225599 0.018294
v 0.027466 0.229070 0.018352
v 0.026307 0.231847 0.017578
v 0.025162 0.234161 0.016813
v 0.024488 0.236012 0.016362
v 0.000071 0.004500 0.000038
v 0.013299 0.003500 0.007109
v 0.024764 0.001200 0.013237
v 0.035495 -0.000694 0.018972
v 0.035601 0.000000 0.019029
v 0.035902 0.001157 0.019190
v 0.036331 0.003471 0.019419
v 0.036499 0.006942 0.019509
v 0.036536 0.013883 0.019529
v 0.036496 0.023138 0.019507
v 0.036369 0.037021 0.019439
v 0.035738 0.050904 0.019103
v 0.036328 0.064788 0.019418
v 0.035936 0.078671 0.019208
v 0.035917 0.092554 0.019198
v 0.035832 0.106437 0.019152
v 0.036211 0.120320 0.019355
v 0.036149 0.134203 0.019322
v 0.036268 0.148086 0.019385
v 0.036138 0.161969 0.019316
v 0.035107 0.175852 0.018765
v 0.035225 0.189735 0.018828
v 0.035822 0.198990 0.019147
v 0.035266 0.205932 0.018850
v 0.034433 0.211716 0.018405
v 0.033060 0.217501 0.017671
v 0.030962 0.222129 0.016549
v 0.029041 0.225599 0.015523
v 0.029133 0.229070 0.015572
v 0.027903 0.231847 0.014914
v 0.026689 0.234161 0.014266
v 0.025974 0.236012 0.013883
v 0.000074 0.004500 0.000031
v 0.013932 0.003500 0.005771
v 0.025943 0.001200 0.010746
v 0.037183 -0.000694 0.015402
v 0.037295 0.000000 0.015448
v 0.037610 0.001157 0.015579
v 0.038059 0.003471 0.015765
v 0.038235 0.006942 0.015837
v 0.038275 0.013883 0.015854
v 0.038232 0.023138 0.015836
v 0.038099 0.037021 0.015781
v 0.037439 0.050904 0.015508
v 0.038056 0.064788 0.015763
v 0.037646 0.078671 0.015594
v 0.037626 0.092554 0.015585
v 0.037536 0.106437 0.015548
v 0.037933 0.120320 0.015713
v 0.037869 0.134203 0.015686
v 0.037993 0.148086 0.015737
v 0.037857 0.161969 0.015681
v 0.036778 0.175852 0.015234
v 0.036901 0.189735 0.015285
v 0.037526 0.198990 0.015544
v 0.036943 0.205932 0.015302
v 0.036071 0.211716 0.014941
v 0.034633 0.217501 0.014346
v 0.032435 0.222129 0.013435
v 0.030422 0.225599 0.012601
v 0.030519 0.229070 0.012641
v 0.029230 0.231847 0.012108
v 0.027959 0.234161 0.011581
v 0.027209 0.236012 0.011271
v 0.000077 0.004500 0.000023
v 0.014431 0.003500 0.004377
v 0.026871 0.001200 0.008151
v 0.038514 -0.000694 0.011683
v 0.038629 0.000000 0.011718
v 0.038956 0.001157 0.011817
v 0.039421 0.003471 0.011958
v 0.039603 0.006942 0.012013
v 0.039644 0.013883 0.012026
v 0.039600 0.023138 0.012013
v 0.039462 0.037021 0.011971
v 0.038778 0.050904 0.011763
v 0.039418 0.064788 0.011957
v 0.038993 0.078671 0.011828
v 0.038973 0.092554 0.011822
v 0.038880 0.106437 0.011794
v 0.039291 0.120320 0.011919
v 0.039224 0.134203 0.011899
v 0.039353 0.148086 0.011937
v 0.039212 0.161969 0.011895
v 0.038094 0.175852 0.011556
v 0.038221 0.189735 0.011594
v 0.038869 0.198990 0.011791
v 0.038266 0.205932 0.011608
v 0.037362 0.211716 0.011334
v 0.035873 0.217501 0.010882
v 0.033595 0.222129 0.010191
v 0.031511 0.225599 0.009559
v 0.031611 0.229070 0.009589
v 0.030276 0.231847 0.009184
v 0.028959 0.234161 0.008785
v 0.028183 0.236012 0.008549
v 0.000078 0.004500 0.000016
v 0.014790 0.003500 0.002942
v 0.027540 0.001200 0.005478
v 0.039474 -0.000694 0.007852
v 0.039592 0.000000 0.007875
v 0.039927 0.001157 0.007942
v 0.040404 0.003471 0.008037
v 0.040590 0.006942 0.008074
v 0.040632 0.013883 0.008082
v 0.040587 0.023138 0.008073
v 0.040446 0.037021 0.008045
v 0.039745 0.050904 0.007906
v 0.040400 0.064788 0.008036
v 0.039965 0.078671 0.007950
v 0.039944 0.092554 0.007945
v 0.039848 0.106437 0.007926
v 0.040270 0.120320 0.008010
v 0.040202 0.134203 0.007997
v 0.040333 0.148086 0.008023
v 0.040189 0.161969 0.007994
v 0.039043 0.175852 0.007766
v 0.039174 0.189735 0.007792
v 0.039838 0.198990 0.007924
v 0.039219 0.205932 0.007801
v 0.038293 0.211716 0.007617
v 0.036767 0.217501 0.007313
v 0.034432 0.222129 0.006849
v 0.032296 0.225599 0.006424
v 0.032399 0.229070 0.006444
v 0.031031 0.231847 0.006172
v 0.029681 0.234161 0.005904
v 0.028885 0.236012 0.005746
v 0.000080 0.004500 0.000008
v 0.015007 0.003500 0.001478
v 0.027945 0.001200 0.002752
v 0.040053 -0.000694 0.003945
v 0.040173 0.000000 0.003957
v 0.040513 0.001157 0.003990
v 0.040997 0.003471 0.004038
v 0.041186 0.006942 0.004056
v 0.041229 0.013883 0.004061
v 0.041183 0.023138 0.004056
v 0.041039 0.037021 0.004042
v 0.040328 0.050904 0.003972
v 0.040993 0.064788 0.004037
v 0.040552 0.078671 0.003994
v 0.040530 0.092554 0.003992
v 0.040433 0.106437 0.003982
v 0.040861 0.120320 0.004024
v 0.040792 0.134203 0.004018
v 0.040925 0.148086 0.004031
v 0.040779 0.161969 0.004016
v 0.039616 0.175852 0.003902
v 0.039749 0.189735 0.003915
v 0.040423 0.198990 0.003981
v 0.039795 0.205932 0.003919
v 0.038855 0.211716 0.003827
v 0.037306 0.217501 0.003674
v 0.034938 0.222129 0.003441
v 0.032770 0.225599 0.003228
v 0.032874 0.229070 0.003238
v 0.031486 0.231847 0.003101
v 0.030117 0.234161 0.002966
v 0.029309 0.236012 0.002887
v 0.000080 0.004500 0.000000
v 0.015080 0.003500 0.000000
v 0.028080 0.001200 0.000000
v 0.040247 -0.000694 0.000000
v 0.040368 0.000000 0.000000
v 0.040709 0.001157 0.000000
v 0.041195 0.003471 0.000000
v 0.041385 0.006942 0.000000
v 0.041428 0.013883 0.000000
v 0.041382 0.023138 0.000000
v 0.041238 0.037021 0.000000
v 0.040523 0.050904 0.000000
v 0.041192 0.064788 0.000000
v 0.040748 0.078671 0.000000
v 0.040726 0.092554 0.000000
v 0.040629 0.106437 0.000000
v 0.041059 0.120320 0.000000
v 0.040989 0.134203 0.000000
v 0.041123 0.148086 0.000000
v 0.040976 0.161969 0.000000
v 0.039808 0.175852 0.000000
v 0.039941 0.189735 0.000000
v 0.040618 0.198990 0.000000
v 0.039987 0.205932 0.000000
v 0.039043 0.211716 0.000000
v 0.037487 0.217501 0.000000
v 0.035107 0.222129 0.000000
v 0.032929 0.225599 0.000000
v 0.033033 0.229070 0.000000
v 0.031639 0.231847 0.000000
v 0.030262 0.234161 0.000000
v 0.029451 0.236012 0.000000
v 0.000080 0.004500 -0.000008
v 0.015007 0.003500 -0.001478
v 0.027945 0.001200 -0.002752
v 0.040053 -0.000694 -0.003945
v 0.040173 0.000000 -0.003957
v 0.040513 0.001157 -0.003990
v 0.040997 0.003471 -0.004038
v 0.041186 0.006942 -0.004056
v 0.041229 0.013883 -0.004061
v 0.041183 0.023138 -0.004056
v 0.041039 0.037021 -0.004042
v 0.040328 0.050904 -0.003972
v 0.040993 0.064788 -0.004037
v 0.040552 0.078671 -0.003994
v 0.040530 0.092554 -0.003992
v 0.040433 0.106437 -0.003982
v 0.040861 0.120320 -0.004024
v 0.040792 0.134203 -0.004018
v 0.040925 0.148086 -0.004031
v 0.040779 0.161969 -0.004016
v 0.039616 0.175852 -0.003902
v 0.039749 0.189735 -0.003915
v 0.040423 0.198990 -0.003981
v 0.039795 0.205932 -0.003919
v 0.038855 0.211716 -0.003827
v 0.037306 0.217501 -0.003674
v 0.034938 0.222129 -0.003441
v 0.032770 0.225599 -0.003228
v 0.032874 0.229070 -0.003238
v 0.031486 0.231847 -0.003101
v 0.030117 0.234161 -0.002966
v 0.029309 0.236012 -0.002887
v 0.000078 0.004500 -0.000016
v 0.014790 0.003500 -0.002942
v 0.027540 0.001200 -0.005478
v 0.039474 -0.000694 -0.007852
v 0.039592 0.000000 -0.007875
v 0.039927 0.001157 -0.007942
v 0.040404 0.003471 -0.008037
v 0.040590 0.006942 -0.008074
v 0.040632 0.013883 -0.008082
v 0.040587 0.023138 -0.008073
v 0.040446 0.037021 -0.008045
v 0.039745 0.050904 -0.007906
v 0.040400 0.064788 -0.008036
v 0.039965 0.078671 -0.007950
v 0.039944 0.092554 -0.007945
v 0.039848 0.106437 -0.007926
v 0.040270 0.120320 -0.008010
v 0.040202 0.134203 -0.007997
v 0.040333 0.148086 -0.008023
v 0.040189 0.161969 -0.007994
v 0.039043 0.175852 -0.007766
v 0.039174 0.189735 -0.007792
v 0.039838 0.198990 -0.007924
v 0.039219 0.205932 -0.007801
v 0.038293 0.211716 -0.007617
v 0.036767 0.217501 -0.007313
v 0.034432 0.222129 -0.006849
v 0.032296 0.225599 -0.006424
v 0.032399 0.229070 -0.006444
v 0.031031 0.231847 -0.006172
v 0.029681 0.234161 -0.005904
v 0.028885 0.236012 -0.005746
v 0.000077 0.004500 -0.000023
v 0.014431 0.003500 -0.004377
v 0.026871 0.001200 -0.008151
v 0.038514 -0.000694 -0.011683
v 0.038629 0.000000 -0.011718
v 0.038956 0.001157 -0.011817
v 0.039421 0.003471 -0.011958
v 0.039603 0.006942 -0.012013
v 0.039644 0.013883 -0.012026
v 0.039600 0.023138 -0.012013
v 0.039462 0.037021 -0.011971
v 0.038778 0.050904 -0.011763
v 0.039418 0.064788 -0.011957
v 0.038993 0.078671 -0.011828
v 0.038973 0.092554 -0.011822
v 0.038880 0.106437 -0.011794
v 0.039291 0.120320 -0.011919
v 0.039224 0.134203 -0.011899
v 0.039353 0.148086 -0.011937
v 0.039212 0.161969 -0.011895
v 0.038094 0.175852 -0.011556
v 0.038221 0.189735 -0.011594
v 0.038869 0.198990 -0.011791
v 0.038266 0.205932 -0.011608
v 0.037362 0.211716 -0.011334
v 0.035873 0.217501 -0.010882
v 0.033595 0.222129 -0.010191
v 0.031511 0.225599 -0.009559
v 0.031611 0.229070 -0.009589
v 0.030276 0.231847 -0.009184
v 0.028959 0.234161 -0.008785
v 0.028183 0.236012 -0.008549
v 0.000074 0.004500 -0.000031
v 0.013932 0.003500 -0.005771
v 0.025943 0.001200 -0.010746
v 0.037183 -0.000694 -0.015402
v 0.037295 0.000000 -0.015448
v 0.037610 0.001157 -0.015579
v 0.038059 0.003471 -0.015765
v 0.038235 0.006942 -0.015837
v 0.038275 0.013883 -0.015854
v 0.038232 0.023138 -0.015836
v 0.038099 0.037021 -0.015781
v 0.037439 0.050904 -0.015508
v 0.038056 0.064788 -0.015763
v 0.037646 0.078671 -0.015594
v 0.037626 0.092554 -0.015585
v 0.037536 0.106437 -0.015548
v 0.037933 0.120320 -0.015713
v 0.037869 0.134203 -0.015686
v 0.037993 0.148086 -0.015737
v 0.037857 0.161969 -0.015681
v 0.036778 0.175852 -0.015234
v 0.036901 0.189735 -0.015285
v 0.037526 0.198990 -0.015544
v 0.036943 0.205932 -0.015302
v 0.036071 0.211716 -0.014941
v 0.034633 0.217501 -0.014346
v 0.032435 0.222129 -0.013435
v 0.030422 0.225599 -0.012601
v 0.030519 0.229070 -0.012641
v 0.029230 0.231847 -0.012108
v 0.027959 0.234161 -0.011581
v 0.027209 0.236012 -0.011271
v 0.000071 0.004500 -0.000038
v 0.013299 0.003500 -0.007109
v 0.024764 0.001200 -0.013237
v 0.035495 -0.000694 -0.018972
v 0.035601 0.000000 -0.019029
v 0.035902 0.001157 -0.019190
v 0.036331 0.003471 -0.019419
v 0.036499 0.006942 -0.019509
v 0.036536 0.013883 -0.019529
v 0.036496 0.023138 -0.019507
v 0.036369 0.037021 -0.019439
v 0.035738 0.050904 -0.019103
v 0.036328 0.064788 -0.019418
v 0.035936 0.078671 -0.019208
v 0.035917 0.092554 -0.019198
v 0.035832 0.106437 -0.019152
v 0.036211 0.120320 -0.019355
v 0.036149 0.134203 -0.019322
v 0.036268 0.148086 -0.019385
v 0.036138 0.161969 -0.019316
v 0.035107 0.175852 -0.018765
v 0.035225 0.189735 -0.018828
v 0.035822 0.198990 -0.019147
v 0.035266 0.205932 -0.018850
v 0.034433 0.211716 -0.018405
v 0.033060 0.217501 -0.017671
v 0.030962 0.222129 -0.016549
v 0.029041 0.225599 -0.015523
v 0.029133 0.229070 -0.015572
v 0.027903 0.231847 -0.014914
v 0.026689 0.234161 -0.014266
v 0.025974 0.236012 -0.013883
v 0.000067 0.004500 -0.000044
v 0.012539 0.003500 -0.008378
v 0.023348 0.001200 -0.015600
v 0.033464 -0.000694 -0.022360
v 0.033564 0.000000 -0.022427
v 0.033848 0.001157 -0.022617
v 0.034252 0.003471 -0.022887
v 0.034411 0.006942 -0.022992
v 0.034446 0.013883 -0.023016
v 0.034408 0.023138 -0.022991
v 0.034288 0.037021 -0.022911
v 0.033694 0.050904 -0.022514
v 0.034250 0.064788 -0.022885
v 0.033881 0.078671 -0.022638
v 0.033863 0.092554 -0.022626
v 0.033782 0.106437 -0.022572
v 0.034139 0.120320 -0.022811
v 0.034081 0.134203 -0.022772
v 0.034193 0.148086 -0.022847
v 0.034070 0.161969 -0.022765
v 0.033099 0.175852 -0.022116
v 0.033210 0.189735 -0.022190
v 0.033773 0.198990 -0.022566
v 0.033248 0.205932 -0.022216
v 0.032463 0.211716 -0.021691
v 0.031169 0.217501 -0.020827
v 0.029190 0.222129 -0.019504
v 0.027379 0.225599 -0.018294
v 0.027466 0.229070 -0.018352
v 0.026307 0.231847 -0.017578
v 0.025162 0.234161 -0.016813
v 0.024488 0.236012 -0.016362
v 0.000062 0.004500 -0.000051
v 0.011657 0.003500 -0.009567
v 0.021706 0.001200 -0.017814
v 0.031111 -0.000694 -0.025532
v 0.031205 0.000000 -0.025609
v 0.031468 0.001157 -0.025825
v 0.031844 0.003471 -0.026134
v 0.031991 0.006942 -0.026255
v 0.032024 0.013883 -0.026282
v 0.031989 0.023138 -0.026252
v 0.031877 0.037021 -0.026161
v 0.031325 0.050904 -0.025708
v 0.031842 0.064788 -0.026132
v 0.031499 0.078671 -0.025850
v 0.031482 0.092554 -0.025836
v 0.031407 0.106437 -0.025775
v 0.031739 0.120320 -0.026047
v 0.031685 0.134203 -0.026003
v 0.031789 0.148086 -0.026088
v 0.031675 0.161969 -0.025995
v 0.030772 0.175852 -0.025254
v 0.030875 0.189735 -0.025339
v 0.031398 0.198990 -0.025768
v 0.030911 0.205932 -0.025368
v 0.030181 0.211716 -0.024769
v 0.028978 0.217501 -0.023781
v 0.027138 0.222129 -0.022272
v 0.025454 0.225599 -0.020890
v 0.025535 0.229070 -0.020956
v 0.024457 0.231847 -0.020071
v 0.023393 0.234161 -0.019198
v 0.022766 0.236012 -0.018684
v 0.000057 0.004500 -0.000057
v 0.010663 0.003500 -0.010663
v 0.019856 0.001200 -0.019856
v 0.028459 -0.000694 -0.028459
v 0.028544 0.000000 -0.028544
v 0.028785 0.001157 -0.028785
v 0.029129 0.003471 -0.029129
v 0.029264 0.006942 -0.029264
v 0.029294 0.013883 -0.029294
v 0.029262 0.023138 -0.029262
v 0.029160 0.037021 -0.029160
v 0.028654 0.050904 -0.028654
v 0.029127 0.064788 -0.029127
v 0.028813 0.078671 -0.028813
v 0.028798 0.092554 -0.028798
v 0.028729 0.106437 -0.028729
v 0.029033 0.120320 -0.029033
v 0.028984 0.134203 -0.028984
v 0.029079 0.148086 -0.029079
v 0.028975 0.161969 -0.028975
v 0.028148 0.175852 -0.028148
v 0.028243 0.189735 -0.028243
v 0.028721 0.198990 -0.028721
v 0.028275 0.205932 -0.028275
v 0.027608 0.211716 -0.027608
v 0.026507 0.217501 -0.026507
v 0.024824 0.222129 -0.024824
v 0.023284 0.225599 -0.023284
v 0.023358 0.229070 -0.023358
v 0.022372 0.231847 -0.022372
v 0.021399 0.234161 -0.021399
v 0.020825 0.236012 -0.020825
v 0.000051 0.004500 -0.000062
v 0.009567 0.003500 -0.011657
v 0.017814 0.001200 -0.021706
v 0.025532 -0.000694 -0.031111
v 0.025609 0.000000 -0.031205
v 0.025825 0.001157 -0.031468
v 0.026134 0.003471 -0.031844
v 0.026255 0.006942 -0.031991
v 0.026282 0.013883 -0.032024
v 0.026252 0.023138 -0.031989
v 0.026161 0.037021 -0.031877
v 0.025708 0.050904 -0.031325
v 0.026132 0.064788 -0.031842
v 0.025850 0.078671 -0.031499
v 0.025836 0.092554 -0.031482
v 0.025775 0.106437 -0.031407
v 0.026047 0.120320 -0.031739
v 0.026003 0.134203 -0.031685
v 0.026088 0.148086 -0.031789
v 0.025995 0.161969 -0.031675
v 0.025254 0.175852 -0.030772
v 0.025339 0.189735 -0.030875
v 0.025768 0.198990 -0.031398
v 0.025368 0.205932 -0.030911
v 0.024769 0.211716 -0.030181
v 0.023781 0.217501 -0.028978
v 0.022272 0.222129 -0.027138
v 0.020890 0.225599 -0.025454
v 0.020956 0.229070 -0.025535
v 0.020071 0.231847 -0.024457
v 0.019198 0.234161 -0.023393
v 0.018684 0.236012 -0.022766
v 0.000044 0.004500 -0.000067
v 0.008378 0.003500 -0.012539
v 0.015600 0.001200 -0.023348
v 0.022360 -0.000694 -0.033464
v 0.022427 0.000000 -0.033564
v 0.022617 0.001157 -0.033848
v 0.022887 0.003471 -0.034252
v 0.022992 0.006942 -0.034411
v 0.023016 0.013883 -0.034446
v 0.022991 0.023138 -0.034408
v 0.022911 0.037021 -0.034288
v 0.022514 0.050904 -0.033694
v 0.022885 0.064788 -0.034250
v 0.022638 0.078671 -0.033881
v 0.022626 0.092554 -0.033863
v 0.022572 0.106437 -0.033782
v 0.022811 0.120320 -0.034139
v 0.022772 0.134203 -0.034081
v 0.022847 0.148086 -0.034193
v 0.022765 0.161969 -0.034070
v 0.022116 0.175852 -0.033099
v 0.022190 0.189735 -0.033210
v 0.022566 0.198990 -0.033773
v 0.022216 0.205932 -0.033248
v 0.021691 0.211716 -0.032463
v 0.020827 0.217501 -0.031169
v 0.019504 0.222129 -0.029190
v 0.018294 0.225599 -0.027379
v 0.018352 0.229070 -0.027466
v 0.017578 0.231847 -0.026307
v 0.016813 0.234161 -0.025162
v 0.016362 0.236012 -0.024488
v 0.000038 0.004500 -0.000071
v 0.007109 0.003500 -0.013299
v 0.013237 0.001200 -0.024764
v 0.018972 -0.000694 -0.035495
v 0.019029 0.000000 -0.035601
v 0.019190 0.001157 -0.035902
v 0.019419 0.003471 -0.036331
v 0.019509 0.006942 -0.036499
v 0.019529 0.013883 -0.036536
v 0.019507 0.023138 -0.036496
v 0.019439 0.037021 -0.036369
v 0.019103 0.050904 -0.035738
v 0.019418 0.064788 -0.036328
v 0.019208 0.078671 -0.035936
v 0.019198 0.092554 -0.035917
v 0.019152 0.106437 -0.035832
v 0.019355 0.120320 -0.036211
v 0.019322 0.134203 -0.036149
v 0.019385 0.148086 -0.036268
v 0.019316 0.161969 -0.036138
v 0.018765 0.175852 -0.035107
v 0.018828 0.189735 -0.035225
v 0.019147 0.198990 -0.035822
v 0.018850 0.205932 -0.035266
v 0.018405 0.211716 -0.034433
v 0.017671 0.217501 -0.033060
v 0.016549 0.222129 -0.030962
v 0.015523 0.225599 -0.029041
v 0.015572 0.229070 -0.029133
v 0.014914 0.231847 -0.027903
v 0.014266 0.234161 -0.026689
v 0.013883 0.236012 -0.025974
v 0.000031 0.004500 -0.000074
v 0.005771 0.003500 -0.013932
v 0.010746 0.001200 -0.025943
v 0.015402 -0.000694 -0.037183
v 0.015448 0.000000 -0.037295
v 0.015579 0.001157 -0.037610
v 0.015765 0.003471 -0.038059
v 0.015837 0.006942 -0.038235
v 0.015854 0.013883 -0.038275
v 0.015836 0.023138 -0.038232
v 0.015781 0.037021 -0.038099
v 0.015508 0.050904 -0.037439
v 0.015763 0.064788 -0.038056
v 0.015594 0.078671 -0.037646
v 0.015585 0.092554 -0.037626
v 0.015548 0.106437 -0.037536
v 0.015713 0.120320 -0.037933
v 0.015686 0.134203 -0.037869
v 0.015737 0.148086 -0.037993
v 0.015681 0.161969 -0.037857
v 0.015234 0.175852 -0.036778
v 0.015285 0.189735 -0.036901
v 0.015544 0.198990 -0.037526
v 0.015302 0.205932 -0.036943
v 0.014941 0.211716 -0.036071
v 0.014346 0.217501 -0.034633
v 0.013435 0.222129 -0.032435
v 0.012601 0.225599 -0.030422
v 0.012641 0.229070 -0.030519
v 0.012108 0.231847 -0.029230
v 0.011581 0.234161 -0.027959
v 0.011271 0.236012 -0.027209
v 0.000023 0.004500 -0.000077
v 0.004377 0.003500 -0.014431
v 0.008151 0.001200 -0.026871
v 0.011683 -0.000694 -0.038514
v 0.011718 0.000000 -0.038629
v 0.011817 0.001157 -0.038956
v 0.011958 0.003471 -0.039421
v 0.012013 0.006942 -0.039603
v 0.012026 0.013883 -0.039644
v 0.012013 0.023138 -0.039600
v 0.011971 0.037021 -0.039462
v 0.011763 0.050904 -0.038778
v 0.011957 0.064788 -0.039418
v 0.011828 0.078671 -0.038993
v 0.011822 0.092554 -0.038973
v 0.011794 0.106437 -0.038880
v 0.011919 0.120320 -0.039291
v 0.011899 0.134203 -0.039224
v 0.011937 0.148086 -0.039353
v 0.011895 0.161969 -0.039212
v 0.011556 0.175852 -0.038094
v 0.011594 0.189735 -0.038221
v 0.011791 0.198990 -0.038869
v 0.011608 0.205932 -0.038266
v 0.011334 0.211716 -0.037362
v 0.010882 0.217501 -0.035873
v 0.010191 0.222129 -0.033595
v 0.009559 0.225599 -0.031511
v 0.009589 0.229070 -0.031611
v 0.009184 0.231847 -0.030276
v 0.008785 0.234161 -0.028959
v 0.008549 0.236012 -0.028183
v 0.000016 0.004500 -0.000078
v 0.002942 0.003500 -0.014790
v 0.005478 0.001200 -0.027540
v 0.007852 -0.000694 -0.039474
v 0.007875 0.000000 -0.039592
v 0.007942 0.001157 -0.039927
v 0.008037 0.003471 -0.040404
v 0.008074 0.006942 -0.040590
v 0.008082 0.013883 -0.040632
v 0.008073 0.023138 -0.040587
v 0.008045 0.037021 -0.040446
v 0.007906 0.050904 -0.039745
v 0.008036 0.064788 -0.040400
v 0.007950 0.078671 -0.039965
v 0.007945 0.092554 -0.039944
v 0.007926 0.106437 -0.039848
v 0.008010 0.120320 -0.040270
v 0.007997 0.134203 -0.040202
v 0.008023 0.148086 -0.040333
v 0.007994 0.161969 -0.040189
v 0.007766 0.175852 -0.039043
v 0.007792 0.189735 -0.039174
v 0.007924 0.198990 -0.039838
v 0.007801 0.205932 -0.039219
v 0.007617 0.211716 -0.038293
v 0.007313 0.217501 -0.036767
v 0.006849 0.222129 -0.034432
v 0.006424 0.225599 -0.032296
v 0.006444 0.229070 -0.032399
v 0.006172 0.231847 -0.031031
v 0.005904 0.234161 -0.029681
v 0.005746 0.236012 -0.028885
v 0.000008 0.004500 -0.000080
v 0.001478 0.003500 -0.015007
v 0.002752 0.001200 -0.027945
v 0.003945 -0.000694 -0.040053
v 0.003957 0.000000 -0.040173
v 0.003990 0.001157 -0.040513
v 0.004038 0.003471 -0.040997
v 0.004056 0.006942 -0.041186
v 0.004061 0.013883 -0.041229
v 0.004056 0.023138 -0.041183
v 0.004042 0.037021 -0.041039
v 0.003972 0.050904 -0.040328
v 0.004037 0.064788 -0.040993
v 0.003994 0.078671 -0.040552
v 0.003992 0.092554 -0.040530
v 0.003982 0.106437 -0.040433
v 0.004024 0.120320 -0.040861
v 0.004018 0.134203 -0.040792
v 0.004031 0.148086 -0.040925
v 0.004016 0.161969 -0.040779
v 0.003902 0.175852 -0.039616
v 0.003915 0.189735 -0.039749
v 0.003981 0.198990 -0.040423
v 0.003919 0.205932 -0.039795
v 0.003827 0.211716 -0.038855
v 0.003674 0.217501 -0.037306
v 0.003441 0.222129 -0.034938
v 0.003228 0.225599 -0.032770
v 0.003238 0.229070 -0.032874
v 0.003101 0.231847 -0.031486
v 0.002966 0.234161 -0.030117
v 0.002887 0.236012 -0.029309
v 0.000000 0.004500 -0.000080
v 0.000000 0.003500 -0.015080
v 0.000000 0.001200 -0.028080
v 0.000000 -0.000694 -0.040247
v 0.000000 0.000000 -0.040368
v 0.000000 0.001157 -0.040709
v 0.000000 0.003471 -0.041195
v 0.000000 0.006942 -0.041385
v 0.000000 0.013883 -0.041428
v 0.000000 0.023138 -0.041382
v 0.000000 0.037021 -0.041238
v 0.000000 0.050904 -0.040523
v 0.000000 0.064788 -0.041192
v 0.000000 0.078671 -0.040748
v 0.000000 0.092554 -0.040726
v 0.000000 0.106437 -0.040629
v 0.000000 0.120320 -0.041059
v 0.000000 0.134203 -0.040989
v 0.000000 0.148086 -0.041123
v 0.000000 0.161969 -0.040976
v 0.000000 0.175852 -0.039808
v 0.000000 0.189735 -0.039941
v 0.000000 0.198990 -0.040618
v 0.000000 0.205932 -0.039987
v 0.000000 0.211716 -0.039043
v 0.000000 0.217501 -0.037487
v 0.000000 0.222129 -0.035107
v 0.000000 0.225599 -0.032929
v 0.000000 0.229070 -0.033033
v 0.000000 0.231847 -0.031639
v 0.000000 0.234161 -0.030262
v 0.000000 0.236012 -0.029451
v -0.000000 0.253012 -0.019900
v -0.000000 0.255512 -0.019900
v -0.000000 0.256512 -0.020200
v -0.000000 0.266012 -0.020200
v -0.000000 0.268012 -0.018000
v -0.000976 0.253012 -0.019876
v -0.000976 0.255512 -0.019876
v -0.001016 0.256512 -0.020675
v -0.001016 0.266012 -0.020675
v -0.000883 0.268012 -0.017978
v -0.001951 0.253012 -0.019804
v -0.001951 0.255512 -0.019804
v -0.001980 0.256512 -0.020103
v -0.001980 0.266012 -0.020103
v -0.001764 0.268012 -0.017913
v -0.002920 0.253012 -0.019685
v -0.002920 0.255512 -0.019685
v -0.003037 0.256512 -0.020476
v -0.003037 0.266012 -0.020476
v -0.002641 0.268012 -0.017805
v -0.003882 0.253012 -0.019518
v -0.003882 0.255512 -0.019518
v -0.003941 0.256512 -0.019812
v -0.003941 0.266012 -0.019812
v -0.003512 0.268012 -0.017654
v -0.004835 0.253012 -0.019304
v -0.004835 0.255512 -0.019304
v -0.005030 0.256512 -0.020080
v -0.005030 0.266012 -0.020080
v -0.004374 0.268012 -0.017461
v -0.005777 0.253012 -0.019043
v -0.005777 0.255512 -0.019043
v -0.005864 0.256512 -0.019330
v -0.005864 0.266012 -0.019330
v -0.005225 0.268012 -0.017225
v -0.006704 0.253012 -0.018737
v -0.006704 0.255512 -0.018737
v -0.006974 0.256512 -0.019490
v -0.006974 0.266012 -0.019490
v -0.006064 0.268012 -0.016948
v -0.007615 0.253012 -0.018385
v -0.007615 0.255512 -0.018385
v -0.007730 0.256512 -0.018662
v -0.007730 0.266012 -0.018662
v -0.006888 0.268012 -0.016630
v -0.008508 0.253012 -0.017989
v -0.008508 0.255512 -0.017989
v -0.008850 0.256512 -0.018713
v -0.008850 0.266012 -0.018713
v -0.007696 0.268012 -0.016272
v -0.009381 0.253012 -0.017550
v -0.009381 0.255512 -0.017550
v -0.009522 0.256512 -0.017815
v -0.009522 0.266012 -0.017815
v -0.008485 0.268012 -0.015875
v -0.010231 0.253012 -0.017069
v -0.010231 0.255512 -0.017069
v -0.010642 0.256512 -0.017755
v -0.010642 0.266012 -0.017755
v -0.009254 0.268012 -0.015439
v -0.011056 0.253012 -0.016546
v -0.011056 0.255512 -0.016546
v -0.011223 0.256512 -0.016796
v -0.011223 0.266012 -0.016796
v -0.010000 0.268012 -0.014966
v -0.011854 0.253012 -0.015984
v -0.011854 0.255512 -0.015984
v -0.012331 0.256512 -0.016626
v -0.012331 0.266012 -0.016626
v -0.010723 0.268012 -0.014458
v -0.012624 0.253012 -0.015383
v -0.012624 0.255512 -0.015383
v -0.012815 0.256512 -0.015615
v -0.012815 0.266012 -0.015615
v -0.011419 0.268012 -0.013914
v -0.013364 0.253012 -0.014745
v -0.013364 0.255512 -0.014745
v -0.013901 0.256512 -0.015338
v -0.013901 0.266012 -0.015338
v -0.012088 0.268012 -0.013337
v -0.014071 0.253012 -0.014071
v -0.014071 0.255512 -0.014071
v -0.014284 0.256512 -0.014284
v -0.014284 0.266012 -0.014284
v -0.012728 0.268012 -0.012728
v -0.014745 0.253012 -0.013364
v -0.014745 0.255512 -0.013364
v -0.015338 0.256512 -0.013901
v -0.015338 0.266012 -0.013901
v -0.013337 0.268012 -0.012088
v -0.015383 0.253012 -0.012624
v -0.015383 0.255512 -0.012624
v -0.015615 0.256512 -0.012815
v -0.015615 0.266012 -0.012815
v -0.013914 0.268012 -0.011419
v -0.015984 0.253012 -0.011854
v -0.015984 0.255512 -0.011854
v -0.016626 0.256512 -0.012331
v -0.016626 0.266012 -0.012331
v -0.014458 0.268012 -0.010723
v -0.016546 0.253012 -0.011056
v -0.016546 0.255512 -0.011056
v -0.016796 0.256512 -0.011223
v -0.016796 0.266012 -0.011223
v -0.014966 0.268012 -0.010000
v -0.017069 0.253012 -0.010231
v -0.017069 0.255512 -0.010231
v -0.017755 0.256512 -0.010642
v -0.017755 0.266012 -0.010642
v -0.015439 0.268012 -0.009254
v -0.017550 0.253012 -0.009381
v -0.017550 0.255512 -0.009381
v -0.017815 0.256512 -0.009522
v -0.017815 0.266012 -0.009522
v -0.015875 0.268012 -0.008485
v -0.017989 0.253012 -0.008508
v -0.017989 0.255512 -0.008508
v -0.018713 0.256512 -0.008850
v -0.018713 0.266012 -0.008850
v -0.016272 0.268012 -0.007696
v -0.018385 0.253012 -0.007615
v -0.018385 0.255512 -0.007615
v -0.018662 0.256512 -0.007730
v -0.018662 0.266012 -0.007730
v -0.016630 0.268012 -0.006888
v -0.018737 0.253012 -0.006704
v -0.018737 0.255512 -0.006704
v -0.019490 0.256512 -0.006974
v -0.019490 0.266012 -0.006974
v -0.016948 0.268012 -0.006064
v -0.019043 0.253012 -0.005777
v -0.019043 0.255512 -0.005777
v -0.019330 0.256512 -0.005864
v -0.019330 0.266012 -0.005864
v -0.017225 0.268012 -0.005225
v -0.019304 0.253012 -0.004835
v -0.019304 0.255512 -0.004835
v -0.020080 0.256512 -0.005030
v -0.020080 0.266012 -0.005030
v -0.017461 0.268012 -0.004374
v -0.019518 0.253012 -0.003882
v -0.019518 0.255512 -0.003882
v -0.019812 0.256512 -0.003941
v -0.019812 0.266012 -0.003941
v -0.017654 0.268012 -0.003512
v -0.019685 0.253012 -0.002920
v -0.019685 0.255512 -0.002920
v -0.020476 0.256512 -0.003037
v -0.020476 0.266012 -0.003037
v -0.017805 0.268012 -0.002641
v -0.019804 0.253012 -0.001951
v -0.019804 0.255512 -0.001951
v -0.020103 0.256512 -0.001980
v -0.020103 0.266012 -0.001980
v -0.017913 0.268012 -0.001764
v -0.019876 0.253012 -0.000976
v -0.019876 0.255512 -0.000976
v -0.020675 0.256512 -0.001016
v -0.020675 0.266012 -0.001016
v -0.017978 0.268012 -0.000883
v -0.019900 0.253012 0.000000
v -0.019900 0.255512 0.000000
v -0.020200 0.256512 0.000000
v -0.020200 0.266012 0.000000
v -0.018000 0.268012 0.000000
v -0.019876 0.253012 0.000976
v -0.019876 0.255512 0.000976
v -0.020675 0.256512 0.001016
v -0.020675 0.266012 0.001016
v -0.017978 0.268012 0.000883
v -0.019804 0.253012 0.001951
v -0.019804 0.255512 0.001951
v -0.020103 0.256512 0.001980
v -0.020103 0.266012 0.001980
v -0.017913 0.268012 0.001764
v -0.019685 0.253012 0.002920
v -0.019685 0.255512 0.002920
v -0.020476 0.256512 0.003037
v -0.020476 0.266012 0.003037
v -0.017805 0.268012 0.002641
v -0.019518 0.253012 0.003882
v -0.019518 0.255512 0.003882
v -0.019812 0.256512 0.003941
v -0.019812 0.266012 0.003941
v -0.017654 0.268012 0.003512
v -0.019304 0.253012 0.004835
v -0.019304 0.255512 0.004835
v -0.020080 0.256512 0.005030
v -0.020080 0.266012 0.005030
v -0.017461 0.268012 0.004374
v -0.019043 0.253012 0.005777
v -0.019043 0.255512 0.005777
v -0.019330 0.256512 0.005864
v -0.019330 0.266012 0.005864
v -0.017225 0.268012 0.005225
v -0.018737 0.253012 0.006704
v -0.018737 0.255512 0.006704
v -0.019490 0.256512 0.006974
v -0.019490 0.266012 0.006974
v -0.016948 0.268012 0.006064
v -0.018385 0.253012 0.007615
v -0.018385 0.255512 0.007615
v -0.018662 0.256512 0.007730
v -0.018662 0.266012 0.007730
v -0.016630 0.268012 0.006888
v -0.017989 0.253012 0.008508
v -0.017989 0.255512 0.008508
v -0.018713 0.256512 0.008850
v -0.018713 0.266012 0.008850
v -0.016272 0.268012 0.007696
v -0.017550 0.253012 0.009381
v -0.017550 0.255512 0.009381
v -0.017815 0.256512 0.009522
v -0.017815 0.266012 0.009522
v -0.015875 0.268012 0.008485
v -0.017069 0.253012 0.010231
v -0.017069 0.255512 0.010231
v -0.017755 0.256512 0.010642
v -0.017755 0.266012 0.010642
v -0.015439 0.268012 0.009254
v -0.016546 0.253012 0.011056
v -0.016546 0.255512 0.011056
v -0.016796 0.256512 0.011223
v -0.016796 0.266012 0.011223
v -0.014966 0.268012 0.010000
v -0.015984 0.253012 0.011854
v -0.015984 0.255512 0.011854
v -0.016626 0.256512 0.012331
v -0.016626 0.266012 0.012331
v -0.014458 0.268012 0.010723
v -0.015383 0.253012 0.012624
v -0.015383 0.255512 0.012624
v -0.015615 0.256512 0.012815
v -0.015615 0.266012 0.012815
v -0.013914 0.268012 0.011419
v -0.014745 0.253012 0.013364
v -0.014745 0.255512 0.013364
v -0.015338 0.256512 0.013901
v -0.015338 0.266012 0.013901
v -0.013337 0.268012 0.012088
v -0.014071 0.253012 0.014071
v -0.014071 0.255512 0.014071
v -0.014284 0.256512 0.014284
v -0.014284 0.266012 0.014284
v -0.012728 0.268012 0.012728
v -0.013364 0.253012 0.014745
v -0.013364 0.255512 0.014745
v -0.013901 0.256512 0.015338
v -0.013901 0.266012 0.015338
v -0.012088 0.268012 0.013337
v -0.012624 0.253012 0.015383
v -0.012624 0.255512 0.015383
v -0.012815 0.256512 0.015615
v -0.012815 0.266012 0.015615
v -0.011419 0.268012 0.013914
v -0.011854 0.253012 0.015984
v -0.011854 0.255512 0.015984
v -0.012331 0.256512 0.016626
v -0.012331 0.266012 0.016626
v -0.010723 0.268012 0.014458
v -0.011056 0.253012 0.016546
v -0.011056 0.255512 0.016546
v -0.011223 0.256512 0.016796
v -0.011223 0.266012 0.016796
v -0.010000 0.268012 0.014966
v -0.010231 0.253012 0.017069
v -0.010231 0.255512 0.017069
v -0.010642 0.256512 0.017755
v -0.010642 0.266012 0.017755
v -0.009254 0.268012 0.015439
v -0.009381 0.253012 0.017550
v -0.009381 0.255512 0.017550
v -0.009522 0.256512 0.017815
v -0.009522 0.266012 0.017815
v -0.008485 0.268012 0.015875
v -0.008508 0.253012 0.017989
v -0.008508 0.255512 0.017989
v -0.008850 0.256512 0.018713
v -0.008850 0.266012 0.018713
v -0.007696 0.268012 0.016272
v -0.007615 0.253012 0.018385
v -0.007615 0.255512 0.018385
v -0.007730 0.256512 0.018662
v -0.007730 0.266012 0.018662
v -0.006888 0.268012 0.016630
v -0.006704 0.253012 0.018737
v -0.006704 0.255512 0.018737
v -0.006974 0.256512 0.019490
v -0.006974 0.266012 0.019490
v -0.006064 0.268012 0.016948
v -0.005777 0.253012 0.019043
v -0.005777 0.255512 0.019043
v -0.005864 0.256512 0.019330
v -0.005864 0.266012 0.019330
v -0.005225 0.268012 0.017225
v -0.004835 0.253012 0.019304
v -0.004835 0.255512 0.019304
v -0.005030 0.256512 0.020080
v -0.005030 0.266012 0.020080
v -0.004374 0.268012 0.017461
v -0.003882 0.253012 0.019518
v -0.003882 0.255512 0.019518
v -0.003941 0.256512 0.019812
v -0.003941 0.266012 0.019812
v -0.003512 0.268012 0.017654
v -0.002920 0.253012 0.019685
v -0.002920 0.255512 0.019685
v -0.003037 0.256512 0.020476
v -0.003037 0.266012 0.020476
v -0.002641 0.268012 0.017805
v -0.001951 0.253012 0.019804
v -0.001951 0.255512 0.019804
v -0.001980 0.256512 0.020103
v -0.001980 0.266012 0.020103
v -0.001764 0.268012 0.017913
v -0.000976 0.253012 0.019876
v -0.000976 0.255512 0.019876
v -0.001016 0.256512 0.020675
v -0.001016 0.266012 0.020675
v -0.000883 0.268012 0.017978
v 0.000000 0.253012 0.019900
v 0.000000 0.255512 0.019900
v 0.000000 0.256512 0.020200
v 0.000000 0.266012 0.020200
v 0.000000 0.268012 0.018000
v 0.000976 0.253012 0.019876
v 0.000976 0.255512 0.019876
v 0.001016 0.256512 0.020675
v 0.001016 0.266012 0.020675
v 0.000883 0.268012 0.017978
v 0.001951 0.253012 0.019804
v 0.001951 0.255512 0.019804
v 0.001980 0.256512 0.020103
v 0.001980 0.266012 0.020103
v 0.001764 0.268012 0.017913
v 0.002920 0.253012 0.019685
v 0.002920 0.255512 0.019685
v 0.003037 0.256512 0.020476
v 0.003037 0.266012 0.020476
v 0.002641 0.268012 0.017805
v 0.003882 0.253012 0.019518
v 0.003882 0.255512 0.019518
v 0.003941 0.256512 0.019812
v 0.003941 0.266012 0.019812
v 0.003512 0.268012 0.017654
v 0.004835 0.253012 0.019304
v 0.004835 0.255512 0.019304
v 0.005030 0.256512 0.020080
v 0.005030 0.266012 0.020080
v 0.004374 0.268012 0.017461
v 0.005777 0.253012 0.019043
v 0.005777 0.255512 0.019043
v 0.005864 0.256512 0.019330
v 0.005864 0.266012 0.019330
v 0.005225 0.268012 0.017225
v 0.006704 0.253012 0.018737
v 0.006704 0.255512 0.018737
v 0.006974 0.256512 0.019490
v 0.006974 0.266012 0.019490
v 0.006064 0.268012 0.016948
v 0.007615 0.253012 0.018385
v 0.007615 0.255512 0.018385
v 0.007730 0.256512 0.018662
v 0.007730 0.266012 0.018662
v 0.006888 0.268012 0.016630
v 0.008508 0.253012 0.017989
v 0.008508 0.255512 0.017989
v 0.008850 0.256512 0.018713
v 0.008850 0.266012 0.018713
v 0.007696 0.268012 0.016272
v 0.009381 0.253012 0.017550
v 0.009381 0.255512 0.017550
v 0.009522 0.256512 0.017815
v 0.009522 0.266012 0.017815
v 0.008485 0.268012 0.015875
v 0.010231 0.253012 0.017069
v 0.010231 0.255512 0.017069
v 0.010642 0.256512 0.017755
v 0.010642 0.266012 0.017755
v 0.009254 0.268012 0.015439
v 0.011056 0.253012 0.016546
v 0.011056 0.255512 0.016546
v 0.011223 0.256512 0.016796
v 0.011223 0.266012 0.016796
v 0.010000 0.268012 0.014966
v 0.011854 0.253012 0.015984
v 0.011854 0.255512 0.015984
v 0.012331 0.256512 0.016626
v 0.012331 0.266012 0.016626
v 0.010723 0.268012 0.014458
v 0.012624 0.253012 0.015383
v 0.012624 0.255512 0.015383
v 0.012815 0.256512 0.015615
v 0.012815 0.266012 0.015615
v 0.011419 0.268012 0.013914
v 0.013364 0.253012 0.014745
v 0.013364 0.255512 0.014745
v 0.013901 0.256512 0.015338
v 0.013901 0.266012 0.015338
v 0.012088 0.268012 0.013337
v 0.014071 0.253012 0.014071
v 0.014071 0.255512 0.014071
v 0.014284 0.256512 0.014284
v 0.014284 0.266012 0.014284
v 0.012728 0.268012 0.012728
v 0.014745 0.253012 0.013364
v 0.014745 0.255512 0.013364
v 0.015338 0.256512 0.013901
v 0.015338 0.266012 0.013901
v 0.013337 0.268012 0.012088
v 0.015383 0.253012 0.012624
v 0.015383 0.255512 0.012624
v 0.015615 0.256512 0.012815
v 0.015615 0.266012 0.012815
v 0.013914 0.268012 0.011419
v 0.015984 0.253012 0.011854
v 0.015984 0.255512 0.011854
v 0.016626 0.256512 0.012331
v 0.016626 0.266012 0.012331
v 0.014458 0.268012 0.010723
v 0.016546 0.253012 0.011056
v 0.016546 0.255512 0.011056
v 0.016796 0.256512 0.011223
v 0.016796 0.266012 0.011223
v 0.014966 0.268012 0.010000
v 0.017069 0.253012 0.010231
v 0.017069 0.255512 0.010231
v 0.017755 0.256512 0.010642
v 0.017755 0.266012 0.010642
v 0.015439 0.268012 0.009254
v 0.017550 0.253012 0.009381
v 0.017550 0.255512 0.009381
v 0.017815 0.256512 0.009522
v 0.017815 0.266012 0.009522
v 0.015875 0.268012 0.008485
v 0.017989 0.253012 0.008508
v 0.017989 0.255512 0.008508
v 0.018713 0.256512 0.008850
v 0.018713 0.266012 0.008850
v 0.016272 0.268012 0.007696
v 0.018385 0.253012 0.007615
v 0.018385 0.255512 0.007615
v 0.018662 0.256512 0.007730
v 0.018662 0.266012 0.007730
v 0.016630 0.268012 0.006888
v 0.018737 0.253012 0.006704
v 0.018737 0.255512 0.006704
v 0.019490 0.256512 0.006974
v 0.019490 0.266012 0.006974
v 0.016948 0.268012 0.006064
v 0.019043 0.253012 0.005777
v 0.019043 0.255512 0.005777
v 0.019330 0.256512 0.005864
v 0.019330 0.266012 0.005864
v 0.017225 0.268012 0.005225
v 0.019304 0.253012 0.004835
v 0.019304 0.255512 0.004835
v 0.020080 0.256512 0.005030
v 0.020080 0.266012 0.005030
v 0.017461 0.268012 0.004374
v 0.019518 0.253012 0.003882
v 0.019518 0.255512 0.003882
v 0.019812 0.256512 0.003941
v 0.019812 0.266012 0.003941
v 0.017654 0.268012 0.003512
v 0.019685 0.253012 0.002920
v 0.019685 0.255512 0.002920
v 0.020476 0.256512 0.003037
v 0.020476 0.266012 0.003037
v 0.017805 0.268012 0.002641
v 0.019804 0.253012 0.001951
v 0.019804 0.255512 0.001951
v 0.020103 0.256512 0.001980
v 0.020103 0.266012 0.001980
v 0.017913 0.268012 0.001764
v 0.019876 0.253012 0.000976
v 0.019876 0.255512 0.000976
v 0.020675 0.256512 0.001016
v 0.020675 0.266012 0.001016
v 0.017978 0.268012 0.000883
v 0.019900 0.253012 0.000000
v 0.019900 0.255512 0.000000
v 0.020200 0.256512 0.000000
v 0.020200 0.266012 0.000000
v 0.018000 0.268012 0.000000
v 0.019876 0.253012 -0.000976
v 0.019876 0.255512 -0.000976
v 0.020675 0.256512 -0.001016
v 0.020675 0.266012 -0.001016
v 0.017978 0.268012 -0.000883
v 0.019804 0.253012 -0.001951
v 0.019804 0.255512 -0.001951
v 0.020103 0.256512 -0.001980
v 0.020103 0.266012 -0.001980
v 0.017913 0.268012 -0.001764
v 0.019685 0.253012 -0.002920
v 0.019685 0.255512 -0.002920
v 0.020476 0.256512 -0.003037
v 0.020476 0.266012 -0.003037
v 0.017805 0.268012 -0.002641
v 0.019518 0.253012 -0.003882
v 0.019518 0.255512 -0.003882
v 0.019812 0.256512 -0.003941
v 0.019812 0.266012 -0.003941
v 0.017654 0.268012 -0.003512
v 0.019304 0.253012 -0.004835
v 0.019304 0.255512 -0.004835
v 0.020080 0.256512 -0.005030
v 0.020080 0.266012 -0.005030
v 0.017461 0.268012 -0.004374
v 0.019043 0.253012 -0.005777
v 0.019043 0.255512 -0.005777
v 0.019330 0.256512 -0.005864
v 0.019330 0.266012 -0.005864
v 0.017225 0.268012 -0.005225
v 0.018737 0.253012 -0.006704
v 0.018737 0.255512 -0.006704
v 0.019490 0.256512 -0.006974
v 0.019490 0.266012 -0.006974
v 0.016948 0.268012 -0.006064
v 0.018385 0.253012 -0.007615
v 0.018385 0.255512 -0.007615
v 0.018662 0.256512 -0.007730
v 0.018662 0.266012 -0.007730
v 0.016630 0.268012 -0.006888
v 0.017989 0.253012 -0.008508
v 0.017989 0.255512 -0.008508
v 0.018713 0.256512 -0.008850
v 0.018713 0.266012 -0.008850
v 0.016272 0.268012 -0.007696
v 0.017550 0.253012 -0.009381
v 0.017550 0.255512 -0.009381
v 0.017815 0.256512 -0.009522
v 0.017815 0.266012 -0.009522
v 0.015875 0.268012 -0.008485
v 0.017069 0.253012 -0.010231
v 0.017069 0.255512 -0.010231
v 0.017755 0.256512 -0.010642
v 0.017755 0.266012 -0.010642
v 0.015439 0.268012 -0.009254
v 0.016546 0.253012 -0.011056
v 0.016546 0.255512 -0.011056
v 0.016796 0.256512 -0.011223
v 0.016796 0.266012 -0.011223
v 0.014966 0.268012 -0.010000
v 0.015984 0.253012 -0.011854
v 0.015984 0.255512 -0.011854
v 0.016626 0.256512 -0.012331
v 0.016626 0.266012 -0.012331
v 0.014458 0.268012 -0.010723
v 0.015383 0.253012 -0.012624
v 0.015383 0.255512 -0.012624
v 0.015615 0.256512 -0.012815
v 0.015615 0.266012 -0.012815
v 0.013914 0.268012 -0.011419
v 0.014745 0.253012 -0.013364
v 0.014745 0.255512 -0.013364
v 0.015338 0.256512 -0.013901
v 0.015338 0.266012 -0.013901
v 0.013337 0.268012 -0.012088
v 0.014071 0.253012 -0.014071
v 0.014071 0.255512 -0.014071
v 0.014284 0.256512 -0.014284
v 0.014284 0.266012 -0.014284
v 0.012728 0.268012 -0.012728
v 0.013364 0.253012 -0.014745
v 0.013364 0.255512 -0.014745
v 0.013901 0.256512 -0.015338
v 0.013901 0.266012 -0.015338
v 0.012088 0.268012 -0.013337
v 0.012624 0.253012 -0.015383
v 0.012624 0.255512 -0.015383
v 0.012815 0.256512 -0.015615
v 0.012815 0.266012 -0.015615
v 0.011419 0.268012 -0.013914
v 0.011854 0.253012 -0.015984
v 0.011854 0.255512 -0.015984
v 0.012331 0.256512 -0.016626
v 0.012331 0.266012 -0.016626
v 0.010723 0.268012 -0.014458
v 0.011056 0.253012 -0.016546
v 0.011056 0.255512 -0.016546
v 0.011223 0.256512 -0.016796
v 0.011223 0.266012 -0.016796
v 0.010000 0.268012 -0.014966
v 0.010231 0.253012 -0.017069
v 0.010231 0.255512 -0.017069
v 0.010642 0.256512 -0.017755
v 0.010642 0.266012 -0.017755
v 0.009254 0.268012 -0.015439
v 0.009381 0.253012 -0.017550
v 0.009381 0.255512 -0.017550
v 0.009522 0.256512 -0.017815
v 0.009522 0.266012 -0.017815
v 0.008485 0.268012 -0.015875
v 0.008508 0.253012 -0.017989
v 0.008508 0.255512 -0.017989
v 0.008850 0.256512 -0.018713
v 0.008850 0.266012 -0.018713
v 0.007696 0.268012 -0.016272
v 0.007615 0.253012 -0.018385
v 0.007615 0.255512 -0.018385
v 0.007730 0.256512 -0.018662
v 0.007730 0.266012 -0.018662
v 0.006888 0.268012 -0.016630
v 0.006704 0.253012 -0.018737
v 0.006704 0.255512 -0.018737
v 0.006974 0.256512 -0.019490
v 0.006974 0.266012 -0.019490
v 0.006064 0.268012 -0.016948
v 0.005777 0.253012 -0.019043
v 0.005777 0.255512 -0.019043
v 0.005864 0.256512 -0.019330
v 0.005864 0.266012 -0.019330
v 0.005225 0.268012 -0.017225
v 0.004835 0.253012 -0.019304
v 0.004835 0.255512 -0.019304
v 0.005030 0.256512 -0.020080
v 0.005030 0.266012 -0.020080
v 0.004374 0.268012 -0.017461
v 0.003882 0.253012 -0.019518
v 0.003882 0.255512 -0.019518
v 0.003941 0.256512 -0.019812
v 0.003941 0.266012 -0.019812
v 0.003512 0.268012 -0.017654
v 0.002920 0.253012 -0.019685
v 0.002920 0.255512 -0.019685
v 0.003037 0.256512 -0.020476
v 0.003037 0.266012 -0.020476
v 0.002641 0.268012 -0.017805
v 0.001951 0.253012 -0.019804
v 0.001951 0.255512 -0.019804
v 0.001980 0.256512 -0.020103
v 0.001980 0.266012 -0.020103
v 0.001764 0.268012 -0.017913
v 0.000976 0.253012 -0.019876
v 0.000976 0.255512 -0.019876
v 0.001016 0.256512 -0.020675
v 0.001016 0.266012 -0.020675
v 0.000883 0.268012 -0.017978
v 0.000000 0.253012 -0.019900
v 0.000000 0.255512 -0.019900
v 0.000000 0.256512 -0.020200
v 0.000000 0.266012 -0.020200
v 0.000000 0.268012 -0.018000
v 0.000000 0.268812 0.000000
vt 0.000000 0.017045
vt 0.000000 0.013257
vt 0.000000 0.004545
vt 0.000000 0.000000
vt 0.000000 0.000000
vt 0.000000 0.004382
vt 0.000000 0.013146
vt 0.000000 0.026292
vt 0.000000 0.052585
vt 0.000000 0.087642
vt 0.000000 0.140227
vt 0.000000 0.192811
vt 0.000000 0.245396
vt 0.000000 0.297981
vt 0.000000 0.350566
vt 0.000000 0.403151
vt 0.000000 0.455736
vt 0.000000 0.508321
vt 0.000000 0.560906
vt 0.000000 0.613491
vt 0.000000 0.666076
vt 0.000000 0.718661
vt 0.000000 0.753718
vt 0.000000 0.780010
vt 0.000000 0.801920
vt 0.000000 0.823831
vt 0.000000 0.841359
vt 0.000000 0.854505
vt 0.000000 0.867652
vt 0.000000 0.878169
vt 0.000000 0.886933
vt 0.000000 0.893944
vt 0.000000 0.910989
vt 0.000000 0.926140
vt 0.000000 0.939397
vt 0.000000 0.954547
vt 0.000000 0.964017
vt 0.000000 0.973486
vt 0.000000 0.979168
vt 0.000000 1.000000
vt 0.015625 0.017045
vt 0.015625 0.013257
vt 0.015625 0.004545
vt 0.015625 0.000000
vt 0.015625 0.000000
vt 0.015625 0.004382
vt 0.015625 0.013146
vt 0.015625 0.026292
vt 0.015625 0.052585
vt 0.015625 0.087642
vt 0.015625 0.140227
vt 0.015625 0.192811
vt 0.015625 0.245396
vt 0.015625 0.297981
vt 0.015625 0.350566
vt 0.015625 0.403151
vt 0.015625 0.455736
vt 0.015625 0.508321
vt 0.015625 0.560906
vt 0.015625 0.613491
vt 0.015625 0.666076
vt 0.015625 0.718661
vt 0.015625 0.753718
vt 0.015625 0.780010
vt 0.015625 0.801920
vt 0.015625 0.823831
vt 0.015625 0.841359
vt 0.015625 0.854505
vt 0.015625 0.867652
vt 0.015625 0.878169
vt 0.015625 0.886933
vt 0.015625 0.893944
vt 0.015625 0.910989
vt 0.015625 0.926140
vt 0.015625 0.939397
vt 0.015625 0.954547
vt 0.015625 0.964017
vt 0.015625 0.973486
vt 0.015625 0.979168
vt 0.015625 1.000000
vt 0.031250 0.017045
vt 0.031250 0.013257
vt 0.031250 0.004545
vt 0.031250 0.000000
vt 0.031250 0.000000
vt 0.031250 0.004382
vt 0.031250 0.013146
vt 0.031250 0.026292
vt 0.031250 0.052585
vt 0.031250 0.087642
vt 0.031250 0.140227
vt 0.031250 0.192811
vt 0.031250 0.245396
vt 0.031250 0.297981
vt 0.031250 0.350566
vt 0.031250 0.403151
vt 0.031250 0.455736
vt 0.031250 0.508321
vt 0.031250 0.560906
vt 0.031250 0.613491
vt 0.031250 0.666076
vt 0.031250 0.718661
vt 0.031250 0.753718
vt 0.031250 0.780010
vt 0.031250 0.801920
vt 0.031250 0.823831
vt 0.031250 0.841359
vt 0.031250 0.854505
vt 0.031250 0.867652
vt 0.031250 0.878169
vt 0.031250 0.886933
vt 0.031250 0.893944
vt 0.031250 0.910989
vt 0.031250 0.926140
vt 0.031250 0.939397
vt 0.031250 0.954547
vt 0.031250 0.964017
vt 0.031250 0.973486
vt 0.031250 0.979168
vt 0.031250 1.000000
vt 0.046875 0.017045
vt 0.046875 0.013257
vt 0.046875 0.004545
vt 0.046875 0.000000
vt 0.046875 0.000000
vt 0.046875 0.004382
vt 0.046875 0.013146
vt 0.046875 0.026292
vt 0.046875 0.052585
vt 0.046875 0.087642
vt 0.046875 0.140227
vt 0.046875 0.192811
vt 0.046875 0.245396
vt 0.046875 0.297981
vt 0.046875 0.350566
vt 0.046875 0.403151
vt 0.046875 0.455736
vt 0.046875 0.508321
vt 0.046875 0.560906
vt 0.046875 0.613491
vt 0.046875 0.666076
vt 0.046875 0.718661
vt 0.046875 0.753718
vt 0.046875 0.780010
vt 0.046875 0.801920
vt 0.046875 0.823831
vt 0.046875 0.841359
vt 0.046875 0.854505
vt 0.046875 0.867652
vt 0.046875 0.878169
vt 0.046875 0.886933
vt 0.046875 0.893944
vt 0.046875 0.910989
vt 0.046875 0.926140
vt 0.046875 0.939397
vt 0.046875 0.954547
vt 0.046875 0.964017
vt 0.046875 0.973486
vt 0.046875 0.979168
vt 0.046875 1.000000
vt 0.062500 0.017045
vt 0.062500 0.013257
vt 0.062500 0.004545
vt 0.062500 0.000000
vt 0.062500 0.000000
vt 0.062500 0.004382
vt 0.062500 0.013146
vt 0.062500 0.026292
vt 0.062500 0.052585
vt 0.062500 0.087642
vt 0.062500 0.140227
vt 0.062500 0.192811
vt 0.062500 0.245396
vt 0.062500 0.297981
vt 0.062500 0.350566
vt 0.062500 0.403151
vt 0.062500 0.455736
vt 0.062500 0.508321
vt 0.062500 0.560906
vt 0.062500 0.613491
vt 0.062500 0.666076
vt 0.062500 0.718661
vt 0.062500 0.753718
vt 0.062500 0.780010
vt 0.062500 0.801920
vt 0.062500 0.823831
vt 0.062500 0.841359
vt 0.062500 0.854505
vt 0.062500 0.867652
vt 0.062500 0.878169
vt 0.062500 0.886933
vt 0.062500 0.893944
vt 0.062500 0.910989
vt 0.062500 0.926140
vt 0.062500 0.939397
vt 0.062500 0.954547
vt 0.062500 0.964017
vt 0.062500 0.973486
vt 0.062500 0.979168
vt 0.062500 1.000000
vt 0.078125 0.017045
vt 0.078125 0.013257
vt 0.078125 0.004545
vt 0.078125 0.000000
vt 0.078125 0.000000
vt 0.078125 0.004382
vt 0.078125 0.013146
vt 0.078125 0.026292
vt 0.078125 0.052585
vt 0.078125 0.087642
vt 0.078125 0.140227
vt 0.078125 0.192811
vt 0.078125 0.245396
vt 0.078125 0.297981
vt 0.078125 0.350566
vt 0.078125 0.403151
vt 0.078125 0.455736
vt 0.078125 0.508321
vt 0.078125 0.560906
vt 0.078125 0.613491
vt 0.078125 0.666076
vt 0.078125 0.718661
vt 0.078125 0.753718
vt 0.078125 0.780010
vt 0.078125 0.801920
vt 0.078125 0.823831
vt 0.078125 0.841359
vt 0.078125 0.854505
vt 0.078125 0.867652
vt 0.078125 0.878169
vt 0.078125 0.886933
vt 0.078125 0.893944
vt 0.078125 0.910989
vt 0.078125 0.926140
vt 0.078125 0.939397
vt 0.078125 0.954547
vt 0.078125 0.964017
vt 0.078125 0.973486
vt 0.078125 0.979168
vt 0.078125 1.000000
vt 0.093750 0.017045
vt 0.093750 0.013257
vt 0.093750 0.004545
vt 0.093750 0.000000
vt 0.093750 0.000000
vt 0.093750 0.004382
vt 0.093750 0.013146
vt 0.093750 0.026292
vt 0.093750 0.052585
vt 0.093750 0.087642
vt 0.093750 0.140227
vt 0.093750 0.192811
vt 0.093750 0.245396
vt 0.093750 0.297981
vt 0.093750 0.350566
vt 0.093750 0.403151
vt 0.093750 0.455736
vt 0.093750 0.508321
vt 0.093750 0.560906
vt 0.093750 0.613491
vt 0.093750 0.666076
vt 0.093750 0.718661
vt 0.093750 0.753718
vt 0.093750 0.780010
vt 0.093750 0.801920
vt 0.093750 0.823831
vt 0.093750 0.841359
vt 0.093750 0.854505
vt 0.093750 0.867652
vt 0.093750 0.878169
vt 0.093750 0.886933
vt 0.093750 0.893944
vt 0.093750 0.910989
vt 0.093750 0.926140
vt 0.093750 0.939397
vt 0.093750 0.954547
vt 0.093750 0.964017
vt 0.093750 0.973486
vt 0.093750 0.979168
vt 0.093750 1.000000
vt 0.109375 0.017045
vt 0.109375 0.013257
vt 0.109375 0.004545
vt 0.109375 0.000000
vt 0.109375 0.000000
vt 0.109375 0.004382
vt 0.109375 0.013146
vt 0.109375 0.026292
vt 0.109375 0.052585
vt 0.109375 0.087642
vt 0.109375 0.140227
vt 0.109375 0.192811
vt 0.109375 0.245396
vt 0.109375 0.297981
vt 0.109375 0.350566
vt 0.109375 0.403151
vt 0.109375 0.455736
vt 0.109375 0.508321
vt 0.109375 0.560906
vt 0.109375 0.613491
vt 0.109375 0.666076
vt 0.109375 0.718661
vt 0.109375 0.753718
vt 0.109375 0.780010
vt 0.109375 0.801920
vt 0.109375 0.823831
vt 0.109375 0.841359
vt 0.109375 0.854505
vt 0.109375 0.867652
vt 0.109375 0.878169
vt 0.109375 0.886933
vt 0.109375 0.893944
vt 0.109375 0.910989
vt 0.109375 0.926140
vt 0.109375 0.939397
vt 0.109375 0.954547
vt 0.109375 0.964017
vt 0.109375 0.973486
vt 0.109375 0.979168
vt 0.109375 1.000000
vt 0.125000 0.017045
vt 0.125000 0.013257
vt 0.125000 0.004545
vt 0.125000 0.000000
vt 0.125000 0.000000
vt 0.125000 0.004382
vt 0.125000 0.013146
vt 0.125000 0.026292
vt 0.125000 0.052585
vt 0.125000 0.087642
vt 0.125000 0.140227
vt 0.125000 0.192811
vt 0.125000 0.245396
vt 0.125000 0.297981
vt 0.125000 0.350566
vt 0.125000 0.403151
vt 0.125000 0.455736
vt 0.125000 0.508321
vt 0.125000 0.560906
vt 0.125000 0.613491
vt 0.125000 0.666076
vt 0.125000 0.718661
vt 0.125000 0.753718
vt 0.125000 0.780010
vt 0.125000 0.801920
vt 0.125000 0.823831
vt 0.125000 0.841359
vt 0.125000 0.854505
vt 0.125000 0.867652
vt 0.125000 0.878169
vt 0.125000 0.886933
vt 0.125000 0.893944
vt 0.125000 0.910989
vt 0.125000 0.926140
vt 0.125000 0.939397
vt 0.125000 0.954547
vt 0.125000 0.964017
vt 0.125000 0.973486
vt 0.125000 0.979168
vt 0.125000 1.000000
vt 0.140625 0.017045
vt 0.140625 0.013257
vt 0.140625 0.004545
vt 0.140625 0.000000
vt 0.140625 0.000000
vt 0.140625 0.004382
vt 0.140625 0.013146
vt 0.140625 0.026292
vt 0.140625 0.052585
vt 0.140625 0.087642
vt 0.140625 0.140227
vt 0.140625 0.192811
vt 0.140625 0.245396
vt 0.140625 0.297981
vt 0.140625 0.350566
vt 0.140625 0.403151
vt 0.140625 0.455736
vt 0.140625 0.508321
vt 0.140625 0.560906
vt 0.140625 0.613491
vt 0.140625 0.666076
vt 0.140625 0.718661
vt 0.140625 0.753718
vt 0.140625 0.780010
vt 0.140625 0.801920
vt 0.140625 0.823831
vt 0.140625 0.841359
vt 0.140625 0.854505
vt 0.140625 0.867652
vt 0.140625 0.878169
vt 0.140625 0.886933
vt 0.140625 0.893944
vt 0.140625 0.910989
vt 0.140625 0.926140
vt 0.140625 0.939397
vt 0.140625 0.954547
vt 0.140625 0.964017
vt 0.140625 0.973486
vt 0.140625 0.979168
vt 0.140625 1.000000
vt 0.156250 0.017045
vt 0.156250 0.013257
vt 0.156250 0.004545
vt 0.156250 0.000000
vt 0.156250 0.000000
vt 0.156250 0.004382
vt 0.156250 0.013146
vt 0.156250 0.026292
vt 0.156250 0.052585
vt 0.156250 0.087642
vt 0.156250 0.140227
vt 0.156250 0.192811
vt 0.156250 0.245396
vt 0.156250 0.297981
vt 0.156250 0.350566
vt 0.156250 0.403151
vt 0.156250 0.455736
vt 0.156250 0.508321
vt 0.156250 0.560906
vt 0.156250 0.613491
vt 0.156250 0.666076
vt 0.156250 0.718661
vt 0.156250 0.753718
vt 0.156250 0.780010
vt 0.156250 0.801920
vt 0.156250 0.823831
vt 0.156250 0.841359
vt 0.156250 0.854505
vt 0.156250 0.867652
vt 0.156250 0.878169
vt 0.156250 0.886933
vt 0.156250 0.893944
vt 0.156250 0.910989
vt 0.156250 0.926140
vt 0.156250 0.939397
vt 0.156250 0.954547
vt 0.156250 0.964017
vt 0.156250 0.973486
vt 0.156250 0.979168
vt 0.156250 1.000000
vt 0.171875 0.017045
vt 0.171875 0.013257
vt 0.171875 0.004545
vt 0.171875 0.000000
vt 0.171875 0.000000
vt 0.171875 0.004382
vt 0.171875 0.013146
vt 0.171875 0.026292
vt 0.171875 0.052585
vt 0.171875 0.087642
vt 0.171875 0.140227
vt 0.171875 0.192811
vt 0.171875 0.245396
vt 0.171875 0.297981
vt 0.171875 0.350566
vt 0.171875 0.403151
vt 0.171875 0.455736
vt 0.171875 0.508321
vt 0.171875 0.560906
vt 0.171875 0.613491
vt 0.171875 0.666076
vt 0.171875 0.718661
vt 0.171875 0.753718
vt 0.171875 0.780010
vt 0.171875 0.801920
vt 0.171875 0.823831
vt 0.171875 0.841359
vt 0.171875 0.854505
vt 0.171875 0.867652
vt 0.171875 0.878169
vt 0.171875 0.886933
vt 0.171875 0.893944
vt 0.171875 0.910989
vt 0.171875 0.926140
vt 0.171875 0.939397
vt 0.171875 0.954547
vt 0.171875 0.964017
vt 0.171875 0.973486
vt 0.171875 0.979168
vt 0.171875 1.000000
vt 0.187500 0.017045
vt 0.187500 0.013257
vt 0.187500 0.004545
vt 0.187500 0.000000
vt 0.187500 0.000000
vt 0.187500 0.004382
vt 0.187500 0.013146
vt 0.187500 0.026292
vt 0.187500 0.052585
vt 0.187500 0.087642
vt 0.187500 0.140227
vt 0.187500 0.192811
vt 0.187500 0.245396
vt 0.187500 0.297981
vt 0.187500 0.350566
vt 0.187500 0.403151
vt 0.187500 0.455736
vt 0.187500 0.508321
vt 0.187500 0.560906
vt 0.187500 0.613491
vt 0.187500 0.666076
vt 0.187500 0.718661
vt 0.187500 0.753718
vt 0.187500 0.780010
vt 0.187500 0.801920
vt 0.187500 0.823831
vt 0.187500 0.841359
vt 0.187500 0.854505
vt 0.187500 0.867652
vt 0.187500 0.878169
vt 0.187500 0.886933
vt 0.187500 0.893944
vt 0.187500 0.910989
vt 0.187500 0.926140
vt 0.187500 0.939397
vt 0.187500 0.954547
vt 0.187500 0.964017
vt 0.187500 0.973486
vt 0.187500 0.979168
vt 0.187500 1.000000
vt 0.203125 0.017045
vt 0.203125 0.013257
vt 0.203125 0.004545
vt 0.203125 0.000000
vt 0.203125 0.000000
vt 0.203125 0.004382
vt 0.203125 0.013146
vt 0.203125 0.026292
vt 0.203125 0.052585
vt 0.203125 0.087642
vt 0.203125 0.140227
vt 0.203125 0.192811
vt 0.203125 0.245396
vt 0.203125 0.297981
vt 0.203125 0.350566
vt 0.203125 0.403151
vt 0.203125 0.455736
vt 0.203125 0.508321
vt 0.203125 0.560906
vt 0.203125 0.613491
vt 0.203125 0.666076
vt 0.203125 0.718661
vt 0.203125 0.753718
vt 0.203125 0.780010
vt 0.203125 0.801920
vt 0.203125 0.823831
vt 0.203125 0.841359
vt 0.203125 0.854505
vt 0.203125 0.867652
vt 0.203125 0.878169
vt 0.203125 0.886933
vt 0.203125 0.893944
vt 0.203125 0.910989
vt 0.203125 0.926140
vt 0.203125 0.939397
vt 0.203125 0.954547
vt 0.203125 0.964017
vt 0.203125 0.973486
vt 0.203125 0.979168
vt 0.203125 1.000000
vt 0.218750 0.017045
vt 0.218750 0.013257
vt 0.218750 0.004545
vt 0.218750 0.000000
vt 0.218750 0.000000
vt 0.218750 0.004382
vt 0.218750 0.013146
vt 0.218750 0.026292
vt 0.218750 0.052585
vt 0.218750 0.087642
vt 0.218750 0.140227
vt 0.218750 0.192811
vt 0.218750 0.245396
vt 0.218750 0.297981
vt 0.218750 0.350566
vt 0.218750 0.403151
vt 0.218750 0.455736
vt 0.218750 0.508321
vt 0.218750 0.560906
vt 0.218750 0.613491
vt 0.218750 0.666076
vt 0.218750 0.718661
vt 0.218750 0.753718
vt 0.218750 0.780010
vt 0.218750 0.801920
vt 0.218750 0.823831
vt 0.218750 0.841359
vt 0.218750 0.854505
vt 0.218750 0.867652
vt 0.218750 0.878169
vt 0.218750 0.886933
vt 0.218750 0.893944
vt 0.218750 0.910989
vt 0.218750 0.926140
vt 0.218750 0.939397
vt 0.218750 0.954547
vt 0.218750 0.964017
vt 0.218750 0.973486
vt 0.218750 0.979168
vt 0.218750 1.000000
vt 0.234375 0.017045
vt 0.234375 0.013257
vt 0.234375 0.004545
vt 0.234375 0.000000
vt 0.234375 0.000000
vt 0.234375 0.004382
vt 0.234375 0.013146
vt 0.234375 0.026292
vt 0.234375 0.052585
vt 0.234375 0.087642
vt 0.234375 0.140227
vt 0.234375 0.192811
vt 0.234375 0.245396
vt 0.234375 0.297981
vt 0.234375 0.350566
vt 0.234375 0.403151
vt 0.234375 0.455736
vt 0.234375 0.508321
vt 0.234375 0.560906
vt 0.234375 0.613491
vt 0.234375 0.666076
vt 0.234375 0.718661
vt 0.234375 0.753718
vt 0.234375 0.780010
vt 0.234375 0.801920
vt 0.234375 0.823831
vt 0.234375 0.841359
vt 0.234375 0.854505
vt 0.234375 0.867652
vt 0.234375 0.878169
vt 0.234375 0.886933
vt 0.234375 0.893944
vt 0.234375 0.910989
vt 0.234375 0.926140
vt 0.234375 0.939397
vt 0.234375 0.954547
vt 0.234375 0.964017
vt 0.234375 0.973486
vt 0.234375 0.979168
vt 0.234375 1.000000
vt 0.250000 0.017045
vt 0.250000 0.013257
vt 0.250000 0.004545
vt 0.250000 0.000000
vt 0.250000 0.000000
vt 0.250000 0.004382
vt 0.250000 0.013146
vt 0.250000 0.026292
vt 0.250000 0.052585
vt 0.250000 0.087642
vt 0.250000 0.140227
vt 0.250000 0.192811
vt 0.250000 0.245396
vt 0.250000 0.297981
vt 0.250000 0.350566
vt 0.250000 0.403151
vt 0.250000 0.455736
vt 0.250000 0.508321
vt 0.250000 0.560906
vt 0.250000 0.613491
vt 0.250000 0.666076
vt 0.250000 0.718661
vt 0.250000 0.753718
vt 0.250000 0.780010
vt 0.250000 0.801920
vt 0.250000 0.823831
vt 0.250000 0.841359
vt 0.250000 0.854505
vt 0.250000 0.867652
vt 0.250000 0.878169
vt 0.250000 0.886933
vt 0.250000 0.893944
vt 0.250000 0.910989
vt 0.250000 0.926140
vt 0.250000 0.939397
vt 0.250000 0.954547
vt 0.250000 0.964017
vt 0.250000 0.973486
vt 0.250000 0.979168
vt 0.250000 1.000000
vt 0.265625 0.017045
vt 0.265625 0.013257
vt 0.265625 0.004545
vt 0.265625 0.000000
vt 0.265625 0.000000
vt 0.265625 0.004382
vt 0.265625 0.013146
vt 0.265625 0.026292
vt 0.265625 0.052585
vt 0.265625 0.087642
vt 0.265625 0.140227
vt 0.265625 0.192811
vt 0.265625 0.245396
vt 0.265625 0.297981
vt 0.265625 0.350566
vt 0.265625 0.403151
vt 0.265625 0.455736
vt 0.265625 0.508321
vt 0.265625 0.560906
vt 0.265625 0.613491
vt 0.265625 0.666076
vt 0.265625 0.718661
vt 0.265625 0.753718
vt 0.265625 0.780010
vt 0.265625 0.801920
vt 0.265625 0.823831
vt 0.265625 0.841359
vt 0.265625 0.854505
vt 0.265625 0.867652
vt 0.265625 0.878169
vt 0.265625 0.886933
vt 0.265625 0.893944
vt 0.265625 0.910989
vt 0.265625 0.926140
vt 0.265625 0.939397
vt 0.265625 0.954547
vt 0.265625 0.964017
vt 0.265625 0.973486
vt 0.265625 0.979168
vt 0.265625 1.000000
vt 0.281250 0.017045
vt 0.281250 0.013257
vt 0.281250 0.004545
vt 0.281250 0.000000
vt 0.281250 0.000000
vt 0.281250 0.004382
vt 0.281250 0.013146
vt 0.281250 0.026292
vt 0.281250 0.052585
vt 0.281250 0.087642
vt 0.281250 0.140227
vt 0.281250 0.192811
vt 0.281250 0.245396
vt 0.281250 0.297981
vt 0.281250 0.350566
vt 0.281250 0.403151
vt 0.281250 0.455736
vt 0.281250 0.508321
vt 0.281250 0.560906
vt 0.281250 0.613491
vt 0.281250 0.666076
vt 0.281250 0.718661
vt 0.281250 0.753718
vt 0.281250 0.780010
vt 0.281250 0.801920
vt 0.281250 0.823831
vt 0.281250 0.841359
vt 0.281250 0.854505
vt 0.281250 0.867652
vt 0.281250 0.878169
vt 0.281250 0.886933
vt 0.281250 0.893944
vt 0.281250 0.910989
vt 0.281250 0.926140
vt 0.281250 0.939397
vt 0.281250 0.954547
vt 0.281250 0.964017
vt 0.281250 0.973486
vt 0.281250 0.979168
vt 0.281250 1.000000
vt 0.296875 0.017045
vt 0.296875 0.013257
vt 0.296875 0.004545
vt 0.296875 0.000000
vt 0.296875 0.000000
vt 0.296875 0.004382
vt 0.296875 0.013146
vt 0.296875 0.026292
vt 0.296875 0.052585
vt 0.296875 0.087642
vt 0.296875 0.140227
vt 0.296875 0.192811
vt 0.296875 0.245396
vt 0.296875 0.297981
vt 0.296875 0.350566
vt 0.296875 0.403151
vt 0.296875 0.455736
vt 0.296875 0.508321
vt 0.296875 0.560906
vt 0.296875 0.613491
vt 0.296875 0.666076
vt 0.296875 0.718661
vt 0.296875 0.753718
vt 0.296875 0.780010
vt 0.296875 0.801920
vt 0.296875 0.823831
vt 0.296875 0.841359
vt 0.296875 0.854505
vt 0.296875 0.867652
vt 0.296875 0.878169
vt 0.296875 0.886933
vt 0.296875 0.893944
vt 0.296875 0.910989
vt 0.296875 0.926140
vt 0.296875 0.939397
vt 0.296875 0.954547
vt 0.296875 0.964017
vt 0.296875 0.973486
vt 0.296875 0.979168
vt 0.296875 1.000000
vt 0.312500 0.017045
vt 0.312500 0.013257
vt 0.312500 0.004545
vt 0.312500 0.000000
vt 0.312500 0.000000
vt 0.312500 0.004382
vt 0.312500 0.013146
vt 0.312500 0.026292
vt 0.312500 0.052585
vt 0.312500 0.087642
vt 0.312500 0.140227
vt 0.312500 0.192811
vt 0.312500 0.245396
vt 0.312500 0.297981
vt 0.312500 0.350566
vt 0.312500 0.403151
vt 0.312500 0.455736
vt 0.312500 0.508321
vt 0.312500 0.560906
vt 0.312500 0.613491
vt 0.312500 0.666076
vt 0.312500 0.718661
vt 0.312500 0.753718
vt 0.312500 0.780010
vt 0.312500 0.801920
vt 0.312500 0.823831
vt 0.312500 0.841359
vt 0.312500 0.854505
vt 0.312500 0.867652
vt 0.312500 0.878169
vt 0.312500 0.886933
vt 0.312500 0.893944
vt 0.312500 0.910989
vt 0.312500 0.926140
vt 0.312500 0.939397
vt 0.312500 0.954547
vt 0.312500 0.964017
vt 0.312500 0.973486
vt 0.312500 0.979168
vt 0.312500 1.000000
vt 0.328125 0.017045
vt 0.328125 0.013257
vt 0.328125 0.004545
vt 0.328125 0.000000
vt 0.328125 0.000000
vt 0.328125 0.004382
vt 0.328125 0.013146
vt 0.328125 0.026292
vt 0.328125 0.052585
vt 0.328125 0.087642
vt 0.328125 0.140227
vt 0.328125 0.192811
vt 0.328125 0.245396
vt 0.328125 0.297981
vt 0.328125 0.350566
vt 0.328125 0.403151
vt 0.328125 0.455736
vt 0.328125 0.508321
vt 0.328125 0.560906
vt 0.328125 0.613491
vt 0.328125 0.666076
vt 0.328125 0.718661
vt 0.328125 0.753718
vt 0.328125 0.780010
vt 0.328125 0.801920
vt 0.328125 0.823831
vt 0.328125 0.841359
vt 0.328125 0.854505
vt 0.328125 0.867652
vt 0.328125 0.878169
vt 0.328125 0.886933
vt 0.328125 0.893944
vt 0.328125 0.910989
vt 0.328125 0.926140
vt 0.328125 0.939397
vt 0.328125 0.954547
vt 0.328125 0.964017
vt 0.328125 0.973486
vt 0.328125 0.979168
vt 0.328125 1.000000
vt 0.343750 0.017045
vt 0.343750 0.013257
vt 0.343750 0.004545
vt 0.343750 0.000000
vt 0.343750 0.000000
vt 0.343750 0.004382
vt 0.343750 0.013146
vt 0.343750 0.026292
vt 0.343750 0.052585
vt 0.343750 0.087642
vt 0.343750 0.140227
vt 0.343750 0.192811
vt 0.343750 0.245396
vt 0.343750 0.297981
vt 0.343750 0.350566
vt 0.343750 0.403151
vt 0.343750 0.455736
vt 0.343750 0.508321
vt 0.343750 0.560906
vt 0.343750 0.613491
vt 0.343750 0.666076
vt 0.343750 0.718661
vt 0.343750 0.753718
vt 0.343750 0.780010
vt 0.343750 0.801920
vt 0.343750 0.823831
vt 0.343750 0.841359
vt 0.343750 0.854505
vt 0.343750 0.867652
vt 0.343750 0.878169
vt 0.343750 0.886933
vt 0.343750 0.893944
vt 0.343750 0.910989
vt 0.343750 0.926140
vt 0.343750 0.939397
vt 0.343750 0.954547
vt 0.343750 0.964017
vt 0.343750 0.973486
vt 0.343750 0.979168
vt 0.343750 1.000000
vt 0.359375 0.017045
vt 0.359375 0.013257
vt 0.359375 0.004545
vt 0.359375 0.000000
vt 0.359375 0.000000
vt 0.359375 0.004382
vt 0.359375 0.013146
vt 0.359375 0.026292
vt 0.359375 0.052585
vt 0.359375 0.087642
vt 0.359375 0.140227
vt 0.359375 0.192811
vt 0.359375 0.245396
vt 0.359375 0.297981
vt 0.359375 0.350566
vt 0.359375 0.403151
vt 0.359375 0.455736
vt 0.359375 0.508321
vt 0.359375 0.560906
vt 0.359375 0.613491
vt 0.359375 0.666076
vt 0.359375 0.718661
vt 0.359375 0.753718
vt 0.359375 0.780010
vt 0.359375 0.801920
vt 0.359375 0.823831
vt 0.359375 0.841359
vt 0.359375 0.854505
vt 0.359375 0.867652
vt 0.359375 0.878169
vt 0.359375 0.886933
vt 0.359375 0.893944
vt 0.359375 0.910989
vt 0.359375 0.926140
vt 0.359375 0.939397
vt 0.359375 0.954547
vt 0.359375 0.964017
vt 0.359375 0.973486
vt 0.359375 0.979168
vt 0.359375 1.000000
vt 0.375000 0.017045
vt 0.375000 0.013257
vt 0.375000 0.004545
vt 0.375000 0.000000
vt 0.375000 0.000000
vt 0.375000 0.004382
vt 0.375000 0.013146
vt 0.375000 0.026292
vt 0.375000 0.052585
vt 0.375000 0.087642
vt 0.375000 0.140227
vt 0.375000 0.192811
vt 0.375000 0.245396
vt 0.375000 0.297981
vt 0.375000 0.350566
vt 0.375000 0.403151
vt 0.375000 0.455736
vt 0.375000 0.508321
vt 0.375000 0.560906
vt 0.375000 0.613491
vt 0.375000 0.666076
vt 0.375000 0.718661
vt 0.375000 0.753718
vt 0.375000 0.780010
vt 0.375000 0.801920
vt 0.375000 0.823831
vt 0.375000 0.841359
vt 0.375000 0.854505
vt 0.375000 0.867652
vt 0.375000 0.878169
vt 0.375000 0.886933
vt 0.375000 0.893944
vt 0.375000 0.910989
vt 0.375000 0.926140
vt 0.375000 0.939397
vt 0.375000 0.954547
vt 0.375000 0.964017
vt 0.375000 0.973486
vt 0.375000 0.979168
vt 0.375000 1.000000
vt 0.390625 0.017045
vt 0.390625 0.013257
vt 0.390625 0.004545
vt 0.390625 0.000000
vt 0.390625 0.000000
vt 0.390625 0.004382
vt 0.390625 0.013146
vt 0.390625 0.026292
vt 0.390625 0.052585
vt 0.390625 0.087642
vt 0.390625 0.140227
vt 0.390625 0.192811
vt 0.390625 0.245396
vt 0.390625 0.297981
vt 0.390625 0.350566
vt 0.390625 0.403151
vt 0.390625 0.455736
vt 0.390625 0.508321
vt 0.390625 0.560906
vt 0.390625 0.613491
vt 0.390625 0.666076
vt 0.390625 0.718661
vt 0.390625 0.753718
vt 0.390625 0.780010
vt 0.390625 0.801920
vt 0.390625 0.823831
vt 0.390625 0.841359
vt 0.390625 0.854505
vt 0.390625 0.867652
vt 0.390625 0.878169
vt 0.390625 0.886933
vt 0.390625 0.893944
vt 0.390625 0.910989
vt 0.390625 0.926140
vt 0.390625 0.939397
vt 0.390625 0.954547
vt 0.390625 0.964017
vt 0.390625 0.973486
vt 0.390625 0.979168
vt 0.390625 1.000000
vt 0.406250 0.017045
vt 0.406250 0.013257
vt 0.406250 0.004545
vt 0.406250 0.000000
vt 0.406250 0.000000
vt 0.406250 0.004382
vt 0.406250 0.013146
vt 0.406250 0.026292
vt 0.406250 0.052585
vt 0.406250 0.087642
vt 0.406250 0.140227
vt 0.406250 0.192811
vt 0.406250 0.245396
vt 0.406250 0.297981
vt 0.406250 0.350566
vt 0.406250 0.403151
vt 0.406250 0.455736
vt 0.406250 0.508321
vt 0.406250 0.560906
vt 0.406250 0.613491
vt 0.406250 0.666076
vt 0.406250 0.718661
vt 0.406250 0.753718
vt 0.406250 0.780010
vt 0.406250 0.801920
vt 0.406250 0.823831
vt 0.406250 0.841359
vt 0.406250 0.854505
vt 0.406250 0.867652
vt 0.406250 0.878169
vt 0.406250 0.886933
vt 0.406250 0.893944
vt 0.406250 0.910989
vt 0.406250 0.926140
vt 0.406250 0.939397
vt 0.406250 0.954547
vt 0.406250 0.964017
vt 0.406250 0.973486
vt 0.406250 0.979168
vt 0.406250 1.000000
vt 0.421875 0.017045
vt 0.421875 0.013257
vt 0.421875 0.004545
vt 0.421875 0.000000
vt 0.421875 0.000000
vt 0.421875 0.004382
vt 0.421875 0.013146
vt 0.421875 0.026292
vt 0.421875 0.052585
vt 0.421875 0.087642
vt 0.421875 0.140227
vt 0.421875 0.192811
vt 0.421875 0.245396
vt 0.421875 0.297981
vt 0.421875 0.350566
vt 0.421875 0.403151
vt 0.421875 0.455736
vt 0.421875 0.508321
vt 0.421875 0.560906
vt 0.421875 0.613491
vt 0.421875 0.666076
vt 0.421875 0.718661
vt 0.421875 0.753718
vt 0.421875 0.780010
vt 0.421875 0.801920
vt 0.421875 0.823831
vt 0.421875 0.841359
vt 0.421875 0.854505
vt 0.421875 0.867652
vt 0.421875 0.878169
vt 0.421875 0.886933
vt 0.421875 0.893944
vt 0.421875 0.910989
vt 0.421875 0.926140
vt 0.421875 0.939397
vt 0.421875 0.954547
vt 0.421875 0.964017
vt 0.421875 0.973486
vt 0.421875 0.979168
vt 0.421875 1.000000
vt 0.437500 0.017045
vt 0.437500 0.013257
vt 0.437500 0.004545
vt 0.437500 0.000000
vt 0.437500 0.000000
vt 0.437500 0.004382
vt 0.437500 0.013146
vt 0.437500 0.026292
vt 0.437500 0.052585
vt 0.437500 0.087642
vt 0.437500 0.140227
vt 0.437500 0.192811
vt 0.437500 0.245396
vt 0.437500 0.297981
vt 0.437500 0.350566
vt 0.437500 0.403151
vt 0.437500 0.455736
vt 0.437500 0.508321
vt 0.437500 0.560906
vt 0.437500 0.613491
vt 0.437500 0.666076
vt 0.437500 0.718661
vt 0.437500 0.753718
vt 0.437500 0.780010
vt 0.437500 0.801920
vt 0.437500 0.823831
vt 0.437500 0.841359
vt 0.437500 0.854505
vt 0.437500 0.867652
vt 0.437500 0.878169
vt 0.437500 0.886933
vt 0.437500 0.893944
vt 0.437500 0.910989
vt 0.437500 0.926140
vt 0.437500 0.939397
vt 0.437500 0.954547
vt 0.437500 0.964017
vt 0.437500 0.973486
vt 0.437500 0.979168
vt 0.437500 1.000000
vt 0.453125 0.017045
vt 0.453125 0.013257
vt 0.453125 0.004545
vt 0.453125 0.000000
vt 0.453125 0.000000
vt 0.453125 0.004382
vt 0.453125 0.013146
vt 0.453125 0.026292
vt 0.453125 0.052585
vt 0.453125 0.087642
vt 0.453125 0.140227
vt 0.453125 0.192811
vt 0.453125 0.245396
vt 0.453125 0.297981
vt 0.453125 0.350566
vt 0.453125 0.403151
vt 0.453125 0.455736
vt 0.453125 0.508321
vt 0.453125 0.560906
vt 0.453125 0.613491
vt 0.453125 0.666076
vt 0.453125 0.718661
vt 0.453125 0.753718
vt 0.453125 0.780010
vt 0.453125 0.801920
vt 0.453125 0.823831
vt 0.453125 0.841359
vt 0.453125 0.854505
vt 0.453125 0.867652
vt 0.453125 0.878169
vt 0.453125 0.886933
vt 0.453125 0.893944
vt 0.453125 0.910989
vt 0.453125 0.926140
vt 0.453125 0.939397
vt 0.453125 0.954547
vt 0.453125 0.964017
vt 0.453125 0.973486
vt 0.453125 0.979168
vt 0.453125 1.000000
vt 0.468750 0.017045
vt 0.468750 0.013257
vt 0.468750 0.004545
vt 0.468750 0.000000
vt 0.468750 0.000000
vt 0.468750 0.004382
vt 0.468750 0.013146
vt 0.468750 0.026292
vt 0.468750 0.052585
vt 0.468750 0.087642
vt 0.468750 0.140227
vt 0.468750 0.192811
vt 0.468750 0.245396
vt 0.468750 0.297981
vt 0.468750 0.350566
vt 0.468750 0.403151
vt 0.468750 0.455736
vt 0.468750 0.508321
vt 0.468750 0.560906
vt 0.468750 0.613491
vt 0.468750 0.666076
vt 0.468750 0.718661
vt 0.468750 0.753718
vt 0.468750 0.780010
vt 0.468750 0.801920
vt 0.468750 0.823831
vt 0.468750 0.841359
vt 0.468750 0.854505
vt 0.468750 0.867652
vt 0.468750 0.878169
vt 0.468750 0.886933
vt 0.468750 0.893944
vt 0.468750 0.910989
vt 0.468750 0.926140
vt 0.468750 0.939397
vt 0.468750 0.954547
vt 0.468750 0.964017
vt 0.468750 0.973486
vt 0.468750 0.979168
vt 0.468750 1.000000
vt 0.484375 0.017045
vt 0.484375 0.013257
vt 0.484375 0.004545
vt 0.484375 0.000000
vt 0.484375 0.000000
vt 0.484375 0.004382
vt 0.484375 0.013146
vt 0.484375 0.026292
vt 0.484375 0.052585
vt 0.484375 0.087642
vt 0.484375 0.140227
vt 0.484375 0.192811
vt 0.484375 0.245396
vt 0.484375 0.297981
vt 0.484375 0.350566
vt 0.484375 0.403151
vt 0.484375 0.455736
vt 0.484375 0.508321
vt 0.484375 0.560906
vt 0.484375 0.613491
vt 0.484375 0.666076
vt 0.484375 0.718661
vt 0.484375 0.753718
vt 0.484375 0.780010
vt 0.484375 0.801920
vt 0.484375 0.823831
vt 0.484375 0.841359
vt 0.484375 0.854505
vt 0.484375 0.867652
vt 0.484375 0.878169
vt 0.484375 0.886933
vt 0.484375 0.893944
vt 0.484375 0.910989
vt 0.484375 0.926140
vt 0.484375 0.939397
vt 0.484375 0.954547
vt 0.484375 0.964017
vt 0.484375 0.973486
vt 0.484375 0.979168
vt 0.484375 1.000000
vt 0.500000 0.017045
vt 0.500000 0.013257
vt 0.500000 0.004545
vt 0.500000 0.000000
vt 0.500000 0.000000
vt 0.500000 0.004382
vt 0.500000 0.013146
vt 0.500000 0.026292
vt 0.500000 0.052585
vt 0.500000 0.087642
vt 0.500000 0.140227
vt 0.500000 0.192811
vt 0.500000 0.245396
vt 0.500000 0.297981
vt 0.500000 0.350566
vt 0.500000 0.403151
vt 0.500000 0.455736
vt 0.500000 0.508321
vt 0.500000 0.560906
vt 0.500000 0.613491
vt 0.500000 0.666076
vt 0.500000 0.718661
vt 0.500000 0.753718
vt 0.500000 0.780010
vt 0.500000 0.801920
vt 0.500000 0.823831
vt 0.500000 0.841359
vt 0.500000 0.854505
vt 0.500000 0.867652
vt 0.500000 0.878169
vt 0.500000 0.886933
vt 0.500000 0.893944
vt 0.500000 0.910989
vt 0.500000 0.926140
vt 0.500000 0.939397
vt 0.500000 0.954547
vt 0.500000 0.964017
vt 0.500000 0.973486
vt 0.500000 0.979168
vt 0.500000 1.000000
vt 0.515625 0.017045
vt 0.515625 0.013257
vt 0.515625 0.004545
vt 0.515625 0.000000
vt 0.515625 0.000000
vt 0.515625 0.004382
vt 0.515625 0.013146
vt 0.515625 0.026292
vt 0.515625 0.052585
vt 0.515625 0.087642
vt 0.515625 0.140227
vt 0.515625 0.192811
vt 0.515625 0.245396
vt 0.515625 0.297981
vt 0.515625 0.350566
vt 0.515625 0.403151
vt 0.515625 0.455736
vt 0.515625 0.508321
vt 0.515625 0.560906
vt 0.515625 0.613491
vt 0.515625 0.666076
vt 0.515625 0.718661
vt 0.515625 0.753718
vt 0.515625 0.780010
vt 0.515625 0.801920
vt 0.515625 0.823831
vt 0.515625 0.841359
vt 0.515625 0.854505
vt 0.515625 0.867652
vt 0.515625 0.878169
vt 0.515625 0.886933
vt 0.515625 0.893944
vt 0.515625 0.910989
vt 0.515625 0.926140
vt 0.515625 0.939397
vt 0.515625 0.954547
vt 0.515625 0.964017
vt 0.515625 0.973486
vt 0.515625 0.979168
vt 0.515625 1.000000
vt 0.531250 0.017045
vt 0.531250 0.013257
vt 0.531250 0.004545
vt 0.531250 0.000000
vt 0.531250 0.000000
vt 0.531250 0.004382
vt 0.531250 0.013146
vt 0.531250 0.026292
vt 0.531250 0.052585
vt 0.531250 0.087642
vt 0.531250 0.140227
vt 0.531250 0.192811
vt 0.531250 0.245396
vt 0.531250 0.297981
vt 0.531250 0.350566
vt 0.531250 0.403151
vt 0.531250 0.455736
vt 0.531250 0.508321
vt 0.531250 0.560906
vt 0.531250 0.613491
vt 0.531250 0.666076
vt 0.531250 0.718661
vt 0.531250 0.753718
vt 0.531250 0.780010
vt 0.531250 0.801920
vt 0.531250 0.823831
vt 0.531250 0.841359
vt 0.531250 0.854505
vt 0.531250 0.867652
vt 0.531250 0.878169
vt 0.531250 0.886933
vt 0.531250 0.893944
vt 0.531250 0.910989
vt 0.531250 0.926140
vt 0.531250 0.939397
vt 0.531250 0.954547
vt 0.531250 0.964017
vt 0.531250 0.973486
vt 0.531250 0.979168
vt 0.531250 1.000000
vt 0.546875 0.017045
vt 0.546875 0.013257
vt 0.546875 0.004545
vt 0.546875 0.000000
vt 0.546875 0.000000
vt 0.546875 0.004382
vt 0.546875 0.013146
vt 0.546875 0.026292
vt 0.546875 0.052585
vt 0.546875 0.087642
vt 0.546875 0.140227
vt 0.546875 0.192811
vt 0.546875 0.245396
vt 0.546875 0.297981
vt 0.546875 0.350566
vt 0.546875 0.403151
vt 0.546875 0.455736
vt 0.546875 0.508321
vt 0.546875 0.560906
vt 0.546875 0.613491
vt 0.546875 0.666076
vt 0.546875 0.718661
vt 0.546875 0.753718
vt 0.546875 0.780010
vt 0.546875 0.801920
vt 0.546875 0.823831
vt 0.546875 0.841359
vt 0.546875 0.854505
vt 0.546875 0.867652
vt 0.546875 0.878169
vt 0.546875 0.886933
vt 0.546875 0.893944
vt 0.546875 0.910989
vt 0.546875 0.926140
vt 0.546875 0.939397
vt 0.546875 0.954547
vt 0.546875 0.964017
vt 0.546875 0.973486
vt 0.546875 0.979168
vt 0.546875 1.000000
vt 0.562500 0.017045
vt 0.562500 0.013257
vt 0.562500 0.004545
vt 0.562500 0.000000
vt 0.562500 0.000000
vt 0.562500 0.004382
vt 0.562500 0.013146
vt 0.562500 0.026292
vt 0.562500 0.052585
vt 0.562500 0.087642
vt 0.562500 0.140227
vt 0.562500 0.192811
vt 0.562500 0.245396
vt 0.562500 0.297981
vt 0.562500 0.350566
vt 0.562500 0.403151
vt 0.562500 0.455736
vt 0.562500 0.508321
vt 0.562500 0.560906
vt 0.562500 0.613491
vt 0.562500 0.666076
vt 0.562500 0.718661
vt 0.562500 0.753718
vt 0.562500 0.780010
vt 0.562500 0.801920
vt 0.562500 0.823831
vt 0.562500 0.841359
vt 0.562500 0.854505
vt 0.562500 0.867652
vt 0.562500 0.878169
vt 0.562500 0.886933
vt 0.562500 0.893944
vt 0.562500 0.910989
vt 0.562500 0.926140
vt 0.562500 0.939397
vt 0.562500 0.954547
vt 0.562500 0.964017
vt 0.562500 0.973486
vt 0.562500 0.979168
vt 0.562500 1.000000
vt 0.578125 0.017045
vt 0.578125 0.013257
vt 0.578125 0.004545
vt 0.578125 0.000000
vt 0.578125 0.000000
vt 0.578125 0.004382
vt 0.578125 0.013146
vt 0.578125 0.026292
vt 0.578125 0.052585
vt 0.578125 0.087642
vt 0.578125 0.140227
vt 0.578125 0.192811
vt 0.578125 0.245396
vt 0.578125 0.297981
vt 0.578125 0.350566
vt 0.578125 0.403151
vt 0.578125 0.455736
vt 0.578125 0.508321
vt 0.578125 0.560906
vt 0.578125 0.613491
vt 0.578125 0.666076
vt 0.578125 0.718661
vt 0.578125 0.753718
vt 0.578125 0.780010
vt 0.578125 0.801920
vt 0.578125 0.823831
vt 0.578125 0.841359
vt 0.578125 0.854505
vt 0.578125 0.867652
vt 0.578125 0.878169
vt 0.578125 0.886933
vt 0.578125 0.893944
vt 0.578125 0.910989
vt 0.578125 0.926140
vt 0.578125 0.939397
vt 0.578125 0.954547
vt 0.578125 0.964017
vt 0.578125 0.973486
vt 0.578125 0.979168
vt 0.578125 1.000000
vt 0.593750 0.017045
vt 0.593750 0.013257
vt 0.593750 0.004545
vt 0.593750 0.000000
vt 0.593750 0.000000
vt 0.593750 0.004382
vt 0.593750 0.013146
vt 0.593750 0.026292
vt 0.593750 0.052585
vt 0.593750 0.087642
vt 0.593750 0.140227
vt 0.593750 0.192811
vt 0.593750 0.245396
vt 0.593750 0.297981
vt 0.593750 0.350566
vt 0.593750 0.403151
vt 0.593750 0.455736
vt 0.593750 0.508321
vt 0.593750 0.560906
vt 0.593750 0.613491
vt 0.593750 0.666076
vt 0.593750 0.718661
vt 0.593750 0.753718
vt 0.593750 0.780010
vt 0.593750 0.801920
vt 0.593750 0.823831
vt 0.593750 0.841359
vt 0.593750 0.854505
vt 0.593750 0.867652
vt 0.593750 0.878169
vt 0.593750 0.886933
vt 0.593750 0.893944
vt 0.593750 0.910989
vt 0.593750 0.926140
vt 0.593750 0.939397
vt 0.593750 0.954547
vt 0.593750 0.964017
vt 0.593750 0.973486
vt 0.593750 0.979168
vt 0.593750 1.000000
vt 0.609375 0.017045
vt 0.609375 0.013257
vt 0.609375 0.004545
vt 0.609375 0.000000
vt 0.609375 0.000000
vt 0.609375 0.004382
vt 0.609375 0.013146
vt 0.609375 0.026292
vt 0.609375 0.052585
vt 0.609375 0.087642
vt 0.609375 0.140227
vt 0.609375 0.192811
vt 0.609375 0.245396
vt 0.609375 0.297981
vt 0.609375 0.350566
vt 0.609375 0.403151
vt 0.609375 0.455736
vt 0.609375 0.508321
vt 0.609375 0.560906
vt 0.609375 0.613491
vt 0.609375 0.666076
vt 0.609375 0.718661
vt 0.609375 0.753718
vt 0.609375 0.780010
vt 0.609375 0.801920
vt 0.609375 0.823831
vt 0.609375 0.841359
vt 0.609375 0.854505
vt 0.609375 0.867652
vt 0.609375 0.878169
vt 0.609375 0.886933
vt 0.609375 0.893944
vt 0.609375 0.910989
vt 0.609375 0.926140
vt 0.609375 0.939397
vt 0.609375 0.954547
vt 0.609375 0.964017
vt 0.609375 0.973486
vt 0.609375 0.979168
vt 0.609375 1.000000
vt 0.625000 0.017045
vt 0.625000 0.013257
vt 0.625000 0.004545
vt 0.625000 0.000000
vt 0.625000 0.000000
vt 0.625000 0.004382
vt 0.625000 0.013146
vt 0.625000 0.026292
vt 0.625000 0.052585
vt 0.625000 0.087642
vt 0.625000 0.140227
vt 0.625000 0.192811
vt 0.625000 0.245396
vt 0.625000 0.297981
vt 0.625000 0.350566
vt 0.625000 0.403151
vt 0.625000 0.455736
vt 0.625000 0.508321
vt 0.625000 0.560906
vt 0.625000 0.613491
vt 0.625000 0.666076
vt 0.625000 0.718661
vt 0.625000 0.753718
vt 0.625000 0.780010
vt 0.625000 0.801920
vt 0.625000 0.823831
vt 0.625000 0.841359
vt 0.625000 0.854505
vt 0.625000 0.867652
vt 0.625000 0.878169
vt 0.625000 0.886933
vt 0.625000 0.893944
vt 0.625000 0.910989
vt 0.625000 0.926140
vt 0.625000 0.939397
vt 0.625000 0.954547
vt 0.625000 0.964017
vt 0.625000 0.973486
vt 0.625000 0.979168
vt 0.625000 1.000000
vt 0.640625 0.017045
vt 0.640625 0.013257
vt 0.640625 0.004545
vt 0.640625 0.000000
vt 0.640625 0.000000
vt 0.640625 0.004382
vt 0.640625 0.013146
vt 0.640625 0.026292
vt 0.640625 0.052585
vt 0.640625 0.087642
vt 0.640625 0.140227
vt 0.640625 0.192811
vt 0.640625 0.245396
vt 0.640625 0.297981
vt 0.640625 0.350566
vt 0.640625 0.403151
vt 0.640625 0.455736
vt 0.640625 0.508321
vt 0.640625 0.560906
vt 0.640625 0.613491
vt 0.640625 0.666076
vt 0.640625 0.718661
vt 0.640625 0.753718
vt 0.640625 0.780010
vt 0.640625 0.801920
vt 0.640625 0.823831
vt 0.640625 0.841359
vt 0.640625 0.854505
vt 0.640625 0.867652
vt 0.640625 0.878169
vt 0.640625 0.886933
vt 0.640625 0.893944
vt 0.640625 0.910989
vt 0.640625 0.926140
vt 0.640625 0.939397
vt 0.640625 0.954547
vt 0.640625 0.964017
vt 0.640625 0.973486
vt 0.640625 0.979168
vt 0.640625 1.000000
vt 0.656250 0.017045
vt 0.656250 0.013257
vt 0.656250 0.004545
vt 0.656250 0.000000
vt 0.656250 0.000000
vt 0.656250 0.004382
vt 0.656250 0.013146
vt 0.656250 0.026292
vt 0.656250 0.052585
vt 0.656250 0.087642
vt 0.656250 0.140227
vt 0.656250 0.192811
vt 0.656250 0.245396
vt 0.656250 0.297981
vt 0.656250 0.350566
vt 0.656250 0.403151
vt 0.656250 0.455736
vt 0.656250 0.508321
vt 0.656250 0.560906
vt 0.656250 0.613491
vt 0.656250 0.666076
vt 0.656250 0.718661
vt 0.656250 0.753718
vt 0.656250 0.780010
vt 0.656250 0.801920
vt 0.656250 0.823831
vt 0.656250 0.841359
vt 0.656250 0.854505
vt 0.656250 0.867652
vt 0.656250 0.878169
vt 0.656250 0.886933
vt 0.656250 0.893944
vt 0.656250 0.910989
vt 0.656250 0.926140
vt 0.656250 0.939397
vt 0.656250 0.954547
vt 0.656250 0.964017
vt 0.656250 0.973486
vt 0.656250 0.979168
vt 0.656250 1.000000
vt 0.671875 0.017045
vt 0.671875 0.013257
vt 0.671875 0.004545
vt 0.671875 0.000000
vt 0.671875 0.000000
vt 0.671875 0.004382
vt 0.671875 0.013146
vt 0.671875 0.026292
vt 0.671875 0.052585
vt 0.671875 0.087642
vt 0.671875 0.140227
vt 0.671875 0.192811
vt 0.671875 0.245396
vt 0.671875 0.297981
vt 0.671875 0.350566
vt 0.671875 0.403151
vt 0.671875 0.455736
vt 0.671875 0.508321
vt 0.671875 0.560906
vt 0.671875 0.613491
vt 0.671875 0.666076
vt 0.671875 0.718661
vt 0.671875 0.753718
vt 0.671875 0.780010
vt 0.671875 0.801920
vt 0.671875 0.823831
vt 0.671875 0.841359
vt 0.671875 0.854505
vt 0.671875 0.867652
vt 0.671875 0.878169
vt 0.671875 0.886933
vt 0.671875 0.893944
vt 0.671875 0.910989
vt 0.671875 0.926140
vt 0.671875 0.939397
vt 0.671875 0.954547
vt 0.671875 0.964017
vt 0.671875 0.973486
vt 0.671875 0.979168
vt 0.671875 1.000000
vt 0.687500 0.017045
vt 0.687500 0.013257
vt 0.687500 0.004545
vt 0.687500 0.000000
vt 0.687500 0.000000
vt 0.687500 0.004382
vt 0.687500 0.013146
vt 0.687500 0.026292
vt 0.687500 0.052585
vt 0.687500 0.087642
vt 0.687500 0.140227
vt 0.687500 0.192811
vt 0.687500 0.245396
vt 0.687500 0.297981
vt 0.687500 0.350566
vt 0.687500 0.403151
vt 0.687500 0.455736
vt 0.687500 0.508321
vt 0.687500 0.560906
vt 0.687500 0.613491
vt 0.687500 0.666076
vt 0.687500 0.718661
vt 0.687500 0.753718
vt 0.687500 0.780010
vt 0.687500 0.801920
vt 0.687500 0.823831
vt 0.687500 0.841359
vt 0.687500 0.854505
vt 0.687500 0.867652
vt 0.687500 0.878169
vt 0.687500 0.886933
vt 0.687500 0.893944
vt 0.687500 0.910989
vt 0.687500 0.926140
vt 0.687500 0.939397
vt 0.687500 0.954547
vt 0.687500 0.964017
vt 0.687500 0.973486
vt 0.687500 0.979168
vt 0.687500 1.000000
vt 0.703125 0.017045
vt 0.703125 0.013257
vt 0.703125 0.004545
vt 0.703125 0.000000
vt 0.703125 0.000000
vt 0.703125 0.004382
vt 0.703125 0.013146
vt 0.703125 0.026292
vt 0.703125 0.052585
vt 0.703125 0.087642
vt 0.703125 0.140227
vt 0.703125 0.192811
vt 0.703125 0.245396
vt 0.703125 0.297981
vt 0.703125 0.350566
vt 0.703125 0.403151
vt 0.703125 0.455736
vt 0.703125 0.508321
vt 0.703125 0.560906
vt 0.703125 0.613491
vt 0.703125 0.666076
vt 0.703125 0.718661
vt 0.703125 0.753718
vt 0.703125 0.780010
vt 0.703125 0.801920
vt 0.703125 0.823831
vt 0.703125 0.841359
vt 0.703125 0.854505
vt 0.703125 0.867652
vt 0.703125 0.878169
vt 0.703125 0.886933
vt 0.703125 0.893944
vt 0.703125 0.910989
vt 0.703125 0.926140
vt 0.703125 0.939397
vt 0.703125 0.954547
vt 0.703125 0.964017
vt 0.703125 0.973486
vt 0.703125 0.979168
vt 0.703125 1.000000
vt 0.718750 0.017045
vt 0.718750 0.013257
vt 0.718750 0.004545
vt 0.718750 0.000000
vt 0.718750 0.000000
vt 0.718750 0.004382
vt 0.718750 0.013146
vt 0.718750 0.026292
vt 0.718750 0.052585
vt 0.718750 0.087642
vt 0.718750 0.140227
vt 0.718750 0.192811
vt 0.718750 0.245396
vt 0.718750 0.297981
vt 0.718750 0.350566
vt 0.718750 0.403151
vt 0.718750 0.455736
vt 0.718750 0.508321
vt 0.718750 0.560906
vt 0.718750 0.613491
vt 0.718750 0.666076
vt 0.718750 0.718661
vt 0.718750 0.753718
vt 0.718750 0.780010
vt 0.718750 0.801920
vt 0.718750 0.823831
vt 0.718750 0.841359
vt 0.718750 0.854505
vt 0.718750 0.867652
vt 0.718750 0.878169
vt 0.718750 0.886933
vt 0.718750 0.893944
vt 0.718750 0.910989
vt 0.718750 0.926140
vt 0.718750 0.939397
vt 0.718750 0.954547
vt 0.718750 0.964017
vt 0.718750 0.973486
vt 0.718750 0.979168
vt 0.718750 1.000000
vt 0.734375 0.017045
vt 0.734375 0.013257
vt 0.734375 0.004545
vt 0.734375 0.000000
vt 0.734375 0.000000
vt 0.734375 0.004382
vt 0.734375 0.013146
vt 0.734375 0.026292
vt 0.734375 0.052585
vt 0.734375 0.087642
vt 0.734375 0.140227
vt 0.734375 0.192811
vt 0.734375 0.245396
vt 0.734375 0.297981
vt 0.734375 0.350566
vt 0.734375 0.403151
vt 0.734375 0.455736
vt 0.734375 0.508321
vt 0.734375 0.560906
vt 0.734375 0.613491
vt 0.734375 0.666076
vt 0.734375 0.718661
vt 0.734375 0.753718
vt 0.734375 0.780010
vt 0.734375 0.801920
vt 0.734375 0.823831
vt 0.734375 0.841359
vt 0.734375 0.854505
vt 0.734375 0.867652
vt 0.734375 0.878169
vt 0.734375 0.886933
vt 0.734375 0.893944
vt 0.734375 0.910989
vt 0.734375 0.926140
vt 0.734375 0.939397
vt 0.734375 0.954547
vt 0.734375 0.964017
vt 0.734375 0.973486
vt 0.734375 0.979168
vt 0.734375 1.000000
vt 0.750000 0.017045
vt 0.750000 0.013257
vt 0.750000 0.004545
vt 0.750000 0.000000
vt 0.750000 0.000000
vt 0.750000 0.004382
vt 0.750000 0.013146
vt 0.750000 0.026292
vt 0.750000 0.052585
vt 0.750000 0.087642
vt 0.750000 0.140227
vt 0.750000 0.192811
vt 0.750000 0.245396
vt 0.750000 0.297981
vt 0.750000 0.350566
vt 0.750000 0.403151
vt 0.750000 0.455736
vt 0.750000 0.508321
vt 0.750000 0.560906
vt 0.750000 0.613491
vt 0.750000 0.666076
vt 0.750000 0.718661
vt 0.750000 0.753718
vt 0.750000 0.780010
vt 0.750000 0.801920
vt 0.750000 0.823831
vt 0.750000 0.841359
vt 0.750000 0.854505
vt 0.750000 0.867652
vt 0.750000 0.878169
vt 0.750000 0.886933
vt 0.750000 0.893944
vt 0.750000 0.910989
vt 0.750000 0.926140
vt 0.750000 0.939397
vt 0.750000 0.954547
vt 0.750000 0.964017
vt 0.750000 0.973486
vt 0.750000 0.979168
vt 0.750000 1.000000
vt 0.765625 0.017045
vt 0.765625 0.013257
vt 0.765625 0.004545
vt 0.765625 0.000000
vt 0.765625 0.000000
vt 0.765625 0.004382
vt 0.765625 0.013146
vt 0.765625 0.026292
vt 0.765625 0.052585
vt 0.765625 0.087642
vt 0.765625 0.140227
vt 0.765625 0.192811
vt 0.765625 0.245396
vt 0.765625 0.297981
vt 0.765625 0.350566
vt 0.765625 0.403151
vt 0.765625 0.455736
vt 0.765625 0.508321
vt 0.765625 0.560906
vt 0.765625 0.613491
vt 0.765625 0.666076
vt 0.765625 0.718661
vt 0.765625 0.753718
vt 0.765625 0.780010
vt 0.765625 0.801920
vt 0.765625 0.823831
vt 0.765625 0.841359
vt 0.765625 0.854505
vt 0.765625 0.867652
vt 0.765625 0.878169
vt 0.765625 0.886933
vt 0.765625 0.893944
vt 0.765625 0.910989
vt 0.765625 0.926140
vt 0.765625 0.939397
vt 0.765625 0.954547
vt 0.765625 0.964017
vt 0.765625 0.973486
vt 0.765625 0.979168
vt 0.765625 1.000000
vt 0.781250 0.017045
vt 0.781250 0.013257
vt 0.781250 0.004545
vt 0.781250 0.000000
vt 0.781250 0.000000
vt 0.781250 0.004382
vt 0.781250 0.013146
vt 0.781250 0.026292
vt 0.781250 0.052585
vt 0.781250 0.087642
vt 0.781250 0.140227
vt 0.781250 0.192811
vt 0.781250 0.245396
vt 0.781250 0.297981
vt 0.781250 0.350566
vt 0.781250 0.403151
vt 0.781250 0.455736
vt 0.781250 0.508321
vt 0.781250 0.560906
vt 0.781250 0.613491
vt 0.781250 0.666076
vt 0.781250 0.718661
vt 0.781250 0.753718
vt 0.781250 0.780010
vt 0.781250 0.801920
vt 0.781250 0.823831
vt 0.781250 0.841359
vt 0.781250 0.854505
vt 0.781250 0.867652
vt 0.781250 0.878169
vt 0.781250 0.886933
vt 0.781250 0.893944
vt 0.781250 0.910989
vt 0.781250 0.926140
vt 0.781250 0.939397
vt 0.781250 0.954547
vt 0.781250 0.964017
vt 0.781250 0.973486
vt 0.781250 0.979168
vt 0.781250 1.000000
vt 0.796875 0.017045
vt 0.796875 0.013257
vt 0.796875 0.004545
vt 0.796875 0.000000
vt 0.796875 0.000000
vt 0.796875 0.004382
vt 0.796875 0.013146
vt 0.796875 0.026292
vt 0.796875 0.052585
vt 0.796875 0.087642
vt 0.796875 0.140227
vt 0.796875 0.192811
vt 0.796875 0.245396
vt 0.796875 0.297981
vt 0.796875 0.350566
vt 0.796875 0.403151
vt 0.796875 0.455736
vt 0.796875 0.508321
vt 0.796875 0.560906
vt 0.796875 0.613491
vt 0.796875 0.666076
vt 0.796875 0.718661
vt 0.796875 0.753718
vt 0.796875 0.780010
vt 0.796875 0.801920
vt 0.796875 0.823831
vt 0.796875 0.841359
vt 0.796875 0.854505
vt 0.796875 0.867652
vt 0.796875 0.878169
vt 0.796875 0.886933
vt 0.796875 0.893944
vt 0.796875 0.910989
vt 0.796875 0.926140
vt 0.796875 0.939397
vt 0.796875 0.954547
vt 0.796875 0.964017
vt 0.796875 0.973486
vt 0.796875 0.979168
vt 0.796875 1.000000
vt 0.812500 0.017045
vt 0.812500 0.013257
vt 0.812500 0.004545
vt 0.812500 0.000000
vt 0.812500 0.000000
vt 0.812500 0.004382
vt 0.812500 0.013146
vt 0.812500 0.026292
vt 0.812500 0.052585
vt 0.812500 0.087642
vt 0.812500 0.140227
vt 0.812500 0.192811
vt 0.812500 0.245396
vt 0.812500 0.297981
vt 0.812500 0.350566
vt 0.812500 0.403151
vt 0.812500 0.455736
vt 0.812500 0.508321
vt 0.812500 0.560906
vt 0.812500 0.613491
vt 0.812500 0.666076
vt 0.812500 0.718661
vt 0.812500 0.753718
vt 0.812500 0.780010
vt 0.812500 0.801920
vt 0.812500 0.823831
vt 0.812500 0.841359
vt 0.812500 0.854505
vt 0.812500 0.867652
vt 0.812500 0.878169
vt 0.812500 0.886933
vt 0.812500 0.893944
vt 0.812500 0.910989
vt 0.812500 0.926140
vt 0.812500 0.939397
vt 0.812500 0.954547
vt 0.812500 0.964017
vt 0.812500 0.973486
vt 0.812500 0.979168
vt 0.812500 1.000000
vt 0.828125 0.017045
vt 0.828125 0.013257
vt 0.828125 0.004545
vt 0.828125 0.000000
vt 0.828125 0.000000
vt 0.828125 0.004382
vt 0.828125 0.013146
vt 0.828125 0.026292
vt 0.828125 0.052585
vt 0.828125 0.087642
vt 0.828125 0.140227
vt 0.828125 0.192811
vt 0.828125 0.245396
vt 0.828125 0.297981
vt 0.828125 0.350566
vt 0.828125 0.403151
vt 0.828125 0.455736
vt 0.828125 0.508321
vt 0.828125 0.560906
vt 0.828125 0.613491
vt 0.828125 0.666076
vt 0.828125 0.718661
vt 0.828125 0.753718
vt 0.828125 0.780010
vt 0.828125 0.801920
vt 0.828125 0.823831
vt 0.828125 0.841359
vt 0.828125 0.854505
vt 0.828125 0.867652
vt 0.828125 0.878169
vt 0.828125 0.886933
vt 0.828125 0.893944
vt 0.828125 0.910989
vt 0.828125 0.926140
vt 0.828125 0.939397
vt 0.828125 0.954547
vt 0.828125 0.964017
vt 0.828125 0.973486
vt 0.828125 0.979168
vt 0.828125 1.000000
vt 0.843750 0.017045
vt 0.843750 0.013257
vt 0.843750 0.004545
vt 0.843750 0.000000
vt 0.843750 0.000000
vt 0.843750 0.004382
vt 0.843750 0.013146
vt 0.843750 0.026292
vt 0.843750 0.052585
vt 0.843750 0.087642
vt 0.843750 0.140227
vt 0.843750 0.192811
vt 0.843750 0.245396
vt 0.843750 0.297981
vt 0.843750 0.350566
vt 0.843750 0.403151
vt 0.843750 0.455736
vt 0.843750 0.508321
vt 0.843750 0.560906
vt 0.843750 0.613491
vt 0.843750 0.666076
vt 0.843750 0.718661
vt 0.843750 0.753718
vt 0.843750 0.780010
vt 0.843750 0.801920
vt 0.843750 0.823831
vt 0.843750 0.841359
vt 0.843750 0.854505
vt 0.843750 0.867652
vt 0.843750 0.878169
vt 0.843750 0.886933
vt 0.843750 0.893944
vt 0.843750 0.910989
vt 0.843750 0.926140
vt 0.843750 0.939397
vt 0.843750 0.954547
vt 0.843750 0.964017
vt 0.843750 0.973486
vt 0.843750 0.979168
vt 0.843750 1.000000
vt 0.859375 0.017045
vt 0.859375 0.013257
vt 0.859375 0.004545
vt 0.859375 0.000000
vt 0.859375 0.000000
vt 0.859375 0.004382
vt 0.859375 0.013146
vt 0.859375 0.026292
vt 0.859375 0.052585
vt 0.859375 0.087642
vt 0.859375 0.140227
vt 0.859375 0.192811
vt 0.859375 0.245396
vt 0.859375 0.297981
vt 0.859375 0.350566
vt 0.859375 0.403151
vt 0.859375 0.455736
vt 0.859375 0.508321
vt 0.859375 0.560906
vt 0.859375 0.613491
vt 0.859375 0.666076
vt 0.859375 0.718661
vt 0.859375 0.753718
vt 0.859375 0.780010
vt 0.859375 0.801920
vt 0.859375 0.823831
vt 0.859375 0.841359
vt 0.859375 0.854505
vt 0.859375 0.867652
vt 0.859375 0.878169
vt 0.859375 0.886933
vt 0.859375 0.893944
vt 0.859375 0.910989
vt 0.859375 0.926140
vt 0.859375 0.939397
vt 0.859375 0.954547
vt 0.859375 0.964017
vt 0.859375 0.973486
vt 0.859375 0.979168
vt 0.859375 1.000000
vt 0.875000 0.017045
vt 0.875000 0.013257
vt 0.875000 0.004545
vt 0.875000 0.000000
vt 0.875000 0.000000
vt 0.875000 0.004382
vt 0.875000 0.013146
vt 0.875000 0.026292
vt 0.875000 0.052585
vt 0.875000 0.087642
vt 0.875000 0.140227
vt 0.875000 0.192811
vt 0.875000 0.245396
vt 0.875000 0.297981
vt 0.875000 0.350566
vt 0.875000 0.403151
vt 0.875000 0.455736
vt 0.875000 0.508321
vt 0.875000 0.560906
vt 0.875000 0.613491
vt 0.875000 0.666076
vt 0.875000 0.718661
vt 0.875000 0.753718
vt 0.875000 0.780010
vt 0.875000 0.801920
vt 0.875000 0.823831
vt 0.875000 0.841359
vt 0.875000 0.854505
vt 0.875000 0.867652
vt 0.875000 0.878169
vt 0.875000 0.886933
vt 0.875000 0.893944
vt 0.875000 0.910989
vt 0.875000 0.926140
vt 0.875000 0.939397
vt 0.875000 0.954547
vt 0.875000 0.964017
vt 0.875000 0.973486
vt 0.875000 0.979168
vt 0.875000 1.000000
vt 0.890625 0.017045
vt 0.890625 0.013257
vt 0.890625 0.004545
vt 0.890625 0.000000
vt 0.890625 0.000000
vt 0.890625 0.004382
vt 0.890625 0.013146
vt 0.890625 0.026292
vt 0.890625 0.052585
vt 0.890625 0.087642
vt 0.890625 0.140227
vt 0.890625 0.192811
vt 0.890625 0.245396
vt 0.890625 0.297981
vt 0.890625 0.350566
vt 0.890625 0.403151
vt 0.890625 0.455736
vt 0.890625 0.508321
vt 0.890625 0.560906
vt 0.890625 0.613491
vt 0.890625 0.666076
vt 0.890625 0.718661
vt 0.890625 0.753718
vt 0.890625 0.780010
vt 0.890625 0.801920
vt 0.890625 0.823831
vt 0.890625 0.841359
vt 0.890625 0.854505
vt 0.890625 0.867652
vt 0.890625 0.878169
vt 0.890625 0.886933
vt 0.890625 0.893944
vt 0.890625 0.910989
vt 0.890625 0.926140
vt 0.890625 0.939397
vt 0.890625 0.954547
vt 0.890625 0.964017
vt 0.890625 0.973486
vt 0.890625 0.979168
vt 0.890625 1.000000
vt 0.906250 0.017045
vt 0.906250 0.013257
vt 0.906250 0.004545
vt 0.906250 0.000000
vt 0.906250 0.000000
vt 0.906250 0.004382
vt 0.906250 0.013146
vt 0.906250 0.026292
vt 0.906250 0.052585
vt 0.906250 0.087642
vt 0.906250 0.140227
vt 0.906250 0.192811
vt 0.906250 0.245396
vt 0.906250 0.297981
vt 0.906250 0.350566
vt 0.906250 0.403151
vt 0.906250 0.455736
vt 0.906250 0.508321
vt 0.906250 0.560906
vt 0.906250 0.613491
vt 0.906250 0.666076
vt 0.906250 0.718661
vt 0.906250 0.753718
vt 0.906250 0.780010
vt 0.906250 0.801920
vt 0.906250 0.823831
vt 0.906250 0.841359
vt 0.906250 0.854505
vt 0.906250 0.867652
vt 0.906250 0.878169
vt 0.906250 0.886933
vt 0.906250 0.893944
vt 0.906250 0.910989
vt 0.906250 0.926140
vt 0.906250 0.939397
vt 0.906250 0.954547
vt 0.906250 0.964017
vt 0.906250 0.973486
vt 0.906250 0.979168
vt 0.906250 1.000000
vt 0.921875 0.017045
vt 0.921875 0.013257
vt 0.921875 0.004545
vt 0.921875 0.000000
vt 0.921875 0.000000
vt 0.921875 0.004382
vt 0.921875 0.013146
vt 0.921875 0.026292
vt 0.921875 0.052585
vt 0.921875 0.087642
vt 0.921875 0.140227
vt 0.921875 0.192811
vt 0.921875 0.245396
vt 0.921875 0.297981
vt 0.921875 0.350566
vt 0.921875 0.403151
vt 0.921875 0.455736
vt 0.921875 0.508321
vt 0.921875 0.560906
vt 0.921875 0.613491
vt 0.921875 0.666076
vt 0.921875 0.718661
vt 0.921875 0.753718
vt 0.921875 0.780010
vt 0.921875 0.801920
vt 0.921875 0.823831
vt 0.921875 0.841359
vt 0.921875 0.854505
vt 0.921875 0.867652
vt 0.921875 0.878169
vt 0.921875 0.886933
vt 0.921875 0.893944
vt 0.921875 0.910989
vt 0.921875 0.926140
vt 0.921875 0.939397
vt 0.921875 0.954547
vt 0.921875 0.964017
vt 0.921875 0.973486
vt 0.921875 0.979168
vt 0.921875 1.000000
vt 0.937500 0.017045
vt 0.937500 0.013257
vt 0.937500 0.004545
vt 0.937500 0.000000
vt 0.937500 0.000000
vt 0.937500 0.004382
vt 0.937500 0.013146
vt 0.937500 0.026292
vt 0.937500 0.052585
vt 0.937500 0.087642
vt 0.937500 0.140227
vt 0.937500 0.192811
vt 0.937500 0.245396
vt 0.937500 0.297981
vt 0.937500 0.350566
vt 0.937500 0.403151
vt 0.937500 0.455736
vt 0.937500 0.508321
vt 0.937500 0.560906
vt 0.937500 0.613491
vt 0.937500 0.666076
vt 0.937500 0.718661
vt 0.937500 0.753718
vt 0.937500 0.780010
vt 0.937500 0.801920
vt 0.937500 0.823831
vt 0.937500 0.841359
vt 0.937500 0.854505
vt 0.937500 0.867652
vt 0.937500 0.878169
vt 0.937500 0.886933
vt 0.937500 0.893944
vt 0.937500 0.910989
vt 0.937500 0.926140
vt 0.937500 0.939397
vt 0.937500 0.954547
vt 0.937500 0.964017
vt 0.937500 0.973486
vt 0.937500 0.979168
vt 0.937500 1.000000
vt 0.953125 0.017045
vt 0.953125 0.013257
vt 0.953125 0.004545
vt 0.953125 0.000000
vt 0.953125 0.000000
vt 0.953125 0.004382
vt 0.953125 0.013146
vt 0.953125 0.026292
vt 0.953125 0.052585
vt 0.953125 0.087642
vt 0.953125 0.140227
vt 0.953125 0.192811
vt 0.953125 0.245396
vt 0.953125 0.297981
vt 0.953125 0.350566
vt 0.953125 0.403151
vt 0.953125 0.455736
vt 0.953125 0.508321
vt 0.953125 0.560906
vt 0.953125 0.613491
vt 0.953125 0.666076
vt 0.953125 0.718661
vt 0.953125 0.753718
vt 0.953125 0.780010
vt 0.953125 0.801920
vt 0.953125 0.823831
vt 0.953125 0.841359
vt 0.953125 0.854505
vt 0.953125 0.867652
vt 0.953125 0.878169
vt 0.953125 0.886933
vt 0.953125 0.893944
vt 0.953125 0.910989
vt 0.953125 0.926140
vt 0.953125 0.939397
vt 0.953125 0.954547
vt 0.953125 0.964017
vt 0.953125 0.973486
vt 0.953125 0.979168
vt 0.953125 1.000000
vt 0.968750 0.017045
vt 0.968750 0.013257
vt 0.968750 0.004545
vt 0.968750 0.000000
vt 0.968750 0.000000
vt 0.968750 0.004382
vt 0.968750 0.013146
vt 0.968750 0.026292
vt 0.968750 0.052585
vt 0.968750 0.087642
vt 0.968750 0.140227
vt 0.968750 0.192811
vt 0.968750 0.245396
vt 0.968750 0.297981
vt 0.968750 0.350566
vt 0.968750 0.403151
vt 0.968750 0.455736
vt 0.968750 0.508321
vt 0.968750 0.560906
vt 0.968750 0.613491
vt 0.968750 0.666076
vt 0.968750 0.718661
vt 0.968750 0.753718
vt 0.968750 0.780010
vt 0.968750 0.801920
vt 0.968750 0.823831
vt 0.968750 0.841359
vt 0.968750 0.854505
vt 0.968750 0.867652
vt 0.968750 0.878169
vt 0.968750 0.886933
vt 0.968750 0.893944
vt 0.968750 0.910989
vt 0.968750 0.926140
vt 0.968750 0.939397
vt 0.968750 0.954547
vt 0.968750 0.964017
vt 0.968750 0.973486
vt 0.968750 0.979168
vt 0.968750 1.000000
vt 0.984375 0.017045
vt 0.984375 0.013257
vt 0.984375 0.004545
vt 0.984375 0.000000
vt 0.984375 0.000000
vt 0.984375 0.004382
vt 0.984375 0.013146
vt 0.984375 0.026292
vt 0.984375 0.052585
vt 0.984375 0.087642
vt 0.984375 0.140227
vt 0.984375 0.192811
vt 0.984375 0.245396
vt 0.984375 0.297981
vt 0.984375 0.350566
vt 0.984375 0.403151
vt 0.984375 0.455736
vt 0.984375 0.508321
vt 0.984375 0.560906
vt 0.984375 0.613491
vt 0.984375 0.666076
vt 0.984375 0.718661
vt 0.984375 0.753718
vt 0.984375 0.780010
vt 0.984375 0.801920
vt 0.984375 0.823831
vt 0.984375 0.841359
vt 0.984375 0.854505
vt 0.984375 0.867652
vt 0.984375 0.878169
vt 0.984375 0.886933
vt 0.984375 0.893944
vt 0.984375 0.910989
vt 0.984375 0.926140
vt 0.984375 0.939397
vt 0.984375 0.954547
vt 0.984375 0.964017
vt 0.984375 0.973486
vt 0.984375 0.979168
vt 0.984375 1.000000
vt 1.000000 0.017045
vt 1.000000 0.013257
vt 1.000000 0.004545
vt 1.000000 0.000000
vt 1.000000 0.000000
vt 1.000000 0.004382
vt 1.000000 0.013146
vt 1.000000 0.026292
vt 1.000000 0.052585
vt 1.000000 0.087642
vt 1.000000 0.140227
vt 1.000000 0.192811
vt 1.000000 0.245396
vt 1.000000 0.297981
vt 1.000000 0.350566
vt 1.000000 0.403151
vt 1.000000 0.455736
vt 1.000000 0.508321
vt 1.000000 0.560906
vt 1.000000 0.613491
vt 1.000000 0.666076
vt 1.000000 0.718661
vt 1.000000 0.753718
vt 1.000000 0.780010
vt 1.000000 0.801920
vt 1.000000 0.823831
vt 1.000000 0.841359
vt 1.000000 0.854505
vt 1.000000 0.867652
vt 1.000000 0.878169
vt 1.000000 0.886933
vt 1.000000 0.893944
vt 1.000000 0.910989
vt 1.000000 0.926140
vt 1.000000 0.939397
vt 1.000000 0.954547
vt 1.000000 0.964017
vt 1.000000 0.973486
vt 1.000000 0.979168
vt 1.000000 1.000000
vt 0.000000 0.000000
vt 0.000000 0.000000
vt 0.000000 0.000000
vt 0.000000 0.000000
vt 0.000000 0.000000
vt 0.000000 0.000000
vt 0.000000 0.000000
vt 0.000000 0.010546
vt 0.000000 0.040529
vt 0.000000 0.080507
vt 0.000000 0.140474
vt 0.000000 0.200441
vt 0.000000 0.260408
vt 0.000000 0.320375
vt 0.000000 0.380342
vt 0.000000 0.440309
vt 0.000000 0.500276
vt 0.000000 0.560243
vt 0.000000 0.620210
vt 0.000000 0.680176
vt 0.000000 0.740143
vt 0.000000 0.800110
vt 0.000000 0.840088
vt 0.000000 0.870072
vt 0.000000 0.895058
vt 0.000000 0.920044
vt 0.000000 0.940033
vt 0.000000 0.955025
vt 0.000000 0.970017
vt 0.000000 0.982010
vt 0.000000 0.992004
vt 0.000000 1.000000
vt 0.015625 0.000000
vt 0.015625 0.000000
vt 0.015625 0.000000
vt 0.015625 0.000000
vt 0.015625 0.000000
vt 0.015625 0.000000
vt 0.015625 0.000000
vt 0.015625 0.010546
vt 0.015625 0.040529
vt 0.015625 0.080507
vt 0.015625 0.140474
vt 0.015625 0.200441
vt 0.015625 0.260408
vt 0.015625 0.320375
vt 0.015625 0.380342
vt 0.015625 0.440309
vt 0.015625 0.500276
vt 0.015625 0.560243
vt 0.015625 0.620210
vt 0.015625 0.680176
vt 0.015625 0.740143
vt 0.015625 0.800110
vt 0.015625 0.840088
vt 0.015625 0.870072
vt 0.015625 0.895058
vt 0.015625 0.920044
vt 0.015625 0.940033
vt 0.015625 0.955025
vt 0.015625 0.970017
vt 0.015625 0.982010
vt 0.015625 0.992004
vt 0.015625 1.000000
vt 0.031250 0.000000
vt 0.031250 0.000000
vt 0.031250 0.000000
vt 0.031250 0.000000
vt 0.031250 0.000000
vt 0.031250 0.000000
vt 0.031250 0.000000
vt 0.031250 0.010546
vt 0.031250 0.040529
vt 0.031250 0.080507
vt 0.031250 0.140474
vt 0.031250 0.200441
vt 0.031250 0.260408
vt 0.031250 0.320375
vt 0.031250 0.380342
vt 0.031250 0.440309
vt 0.031250 0.500276
vt 0.031250 0.560243
vt 0.031250 0.620210
vt 0.031250 0.680176
vt 0.031250 0.740143
vt 0.031250 0.800110
vt 0.031250 0.840088
vt 0.031250 0.870072
vt 0.031250 0.895058
vt 0.031250 0.920044
vt 0.031250 0.940033
vt 0.031250 0.955025
vt 0.031250 0.970017
vt 0.031250 0.982010
vt 0.031250 0.992004
vt 0.031250 1.000000
vt 0.046875 0.000000
vt 0.046875 0.000000
vt 0.046875 0.000000
vt 0.046875 0.000000
vt 0.046875 0.000000
vt 0.046875 0.000000
vt 0.046875 0.000000
vt 0.046875 0.010546
vt 0.046875 0.040529
vt 0.046875 0.080507
vt 0.046875 0.140474
vt 0.046875 0.200441
vt 0.046875 0.260408
vt 0.046875 0.320375
vt 0.046875 0.380342
vt 0.046875 0.440309
vt 0.046875 0.500276
vt 0.046875 0.560243
vt 0.046875 0.620210
vt 0.046875 0.680176
vt 0.046875 0.740143
vt 0.046875 0.800110
vt 0.046875 0.840088
vt 0.046875 0.870072
vt 0.046875 0.895058
vt 0.046875 0.920044
vt 0.046875 0.940033
vt 0.046875 0.955025
vt 0.046875 0.970017
vt 0.046875 0.982010
vt 0.046875 0.992004
vt 0.046875 1.000000
vt 0.062500 0.000000
vt 0.062500 0.000000
vt 0.062500 0.000000
vt 0.062500 0.000000
vt 0.062500 0.000000
vt 0.062500 0.000000
vt 0.062500 0.000000
vt 0.062500 0.010546
vt 0.062500 0.040529
vt 0.062500 0.080507
vt 0.062500 0.140474
vt 0.062500 0.200441
vt 0.062500 0.260408
vt 0.062500 0.320375
vt 0.062500 0.380342
vt 0.062500 0.440309
vt 0.062500 0.500276
vt 0.062500 0.560243
vt 0.062500 0.620210
vt 0.062500 0.680176
vt 0.062500 0.740143
vt 0.062500 0.800110
vt 0.062500 0.840088
vt 0.062500 0.870072
vt 0.062500 0.895058
vt 0.062500 0.920044
vt 0.062500 0.940033
vt 0.062500 0.955025
vt 0.062500 0.970017
vt 0.062500 0.982010
vt 0.062500 0.992004
vt 0.062500 1.000000
vt 0.078125 0.000000
vt 0.078125 0.000000
vt 0.078125 0.000000
vt 0.078125 0.000000
vt 0.078125 0.000000
vt 0.078125 0.000000
vt 0.078125 0.000000
vt 0.078125 0.010546
vt 0.078125 0.040529
vt 0.078125 0.080507
vt 0.078125 0.140474
vt 0.078125 0.200441
vt 0.078125 0.260408
vt 0.078125 0.320375
vt 0.078125 0.380342
vt 0.078125 0.440309
vt 0.078125 0.500276
vt 0.078125 0.560243
vt 0.078125 0.620210
vt 0.078125 0.680176
vt 0.078125 0.740143
vt 0.078125 0.800110
vt 0.078125 0.840088
vt 0.078125 0.870072
vt 0.078125 0.895058
vt 0.078125 0.920044
vt 0.078125 0.940033
vt 0.078125 0.955025
vt 0.078125 0.970017
vt 0.078125 0.982010
vt 0.078125 0.992004
vt 0.078125 1.000000
vt 0.093750 0.000000
vt 0.093750 0.000000
vt 0.093750 0.000000
vt 0.093750 0.000000
vt 0.093750 0.000000
vt 0.093750 0.000000
vt 0.093750 0.000000
vt 0.093750 0.010546
vt 0.093750 0.040529
vt 0.093750 0.080507
vt 0.093750 0.140474
vt 0.093750 0.200441
vt 0.093750 0.260408
vt 0.093750 0.320375
vt 0.093750 0.380342
vt 0.093750 0.440309
vt 0.093750 0.500276
vt 0.093750 0.560243
vt 0.093750 0.620210
vt 0.093750 0.680176
vt 0.093750 0.740143
vt 0.093750 0.800110
vt 0.093750 0.840088
vt 0.093750 0.870072
vt 0.093750 0.895058
vt 0.093750 0.920044
vt 0.093750 0.940033
vt 0.093750 0.955025
vt 0.093750 0.970017
vt 0.093750 0.982010
vt 0.093750 0.992004
vt 0.093750 1.000000
vt 0.109375 0.000000
vt 0.109375 0.000000
vt 0.109375 0.000000
vt 0.109375 0.000000
vt 0.109375 0.000000
vt 0.109375 0.000000
vt 0.109375 0.000000
vt 0.109375 0.010546
vt 0.109375 0.040529
vt 0.109375 0.080507
vt 0.109375 0.140474
vt 0.109375 0.200441
vt 0.109375 0.260408
vt 0.109375 0.320375
vt 0.109375 0.380342
vt 0.109375 0.440309
vt 0.109375 0.500276
vt 0.109375 0.560243
vt 0.109375 0.620210
vt 0.109375 0.680176
vt 0.109375 0.740143
vt 0.109375 0.800110
vt 0.109375 0.840088
vt 0.109375 0.870072
vt 0.109375 0.895058
vt 0.109375 0.920044
vt 0.109375 0.940033
vt 0.109375 0.955025
vt 0.109375 0.970017
vt 0.109375 0.982010
vt 0.109375 0.992004
vt 0.109375 1.000000
vt 0.125000 0.000000
vt 0.125000 0.000000
vt 0.125000 0.000000
vt 0.125000 0.000000
vt 0.125000 0.000000
vt 0.125000 0.000000
vt 0.125000 0.000000
vt 0.125000 0.010546
vt 0.125000 0.040529
vt 0.125000 0.080507
vt 0.125000 0.140474
vt 0.125000 0.200441
vt 0.125000 0.260408
vt 0.125000 0.320375
vt 0.125000 0.380342
vt 0.125000 0.440309
vt 0.125000 0.500276
vt 0.125000 0.560243
vt 0.125000 0.620210
vt 0.125000 0.680176
vt 0.125000 0.740143
vt 0.125000 0.800110
vt 0.125000 0.840088
vt 0.125000 0.870072
vt 0.125000 0.895058
vt 0.125000 0.920044
vt 0.125000 0.940033
vt 0.125000 0.955025
vt 0.125000 0.970017
vt 0.125000 0.982010
vt 0.125000 0.992004
vt 0.125000 1.000000
vt 0.140625 0.000000
vt 0.140625 0.000000
vt 0.140625 0.000000
vt 0.140625 0.000000
vt 0.140625 0.000000
vt 0.140625 0.000000
vt 0.140625 0.000000
vt 0.140625 0.010546
vt 0.140625 0.040529
vt 0.140625 0.080507
vt 0.140625 0.140474
vt 0.140625 0.200441
vt 0.140625 0.260408
vt 0.140625 0.320375
vt 0.140625 0.380342
vt 0.140625 0.440309
vt 0.140625 0.500276
vt 0.140625 0.560243
vt 0.140625 0.620210
vt 0.140625 0.680176
vt 0.140625 0.740143
vt 0.140625 0.800110
vt 0.140625 0.840088
vt 0.140625 0.870072
vt 0.140625 0.895058
vt 0.140625 0.920044
vt 0.140625 0.940033
vt 0.140625 0.955025
vt 0.140625 0.970017
vt 0.140625 0.982010
vt 0.140625 0.992004
vt 0.140625 1.000000
vt 0.156250 0.000000
vt 0.156250 0.000000
vt 0.156250 0.000000
vt 0.156250 0.000000
vt 0.156250 0.000000
vt 0.156250 0.000000
vt 0.156250 0.000000
vt 0.156250 0.010546
vt 0.156250 0.040529
vt 0.156250 0.080507
vt 0.156250 0.140474
vt 0.156250 0.200441
vt 0.156250 0.260408
vt 0.156250 0.320375
vt 0.156250 0.380342
vt 0.156250 0.440309
vt 0.156250 0.500276
vt 0.156250 0.560243
vt 0.156250 0.620210
vt 0.156250 0.680176
vt 0.156250 0.740143
vt 0.156250 0.800110
vt 0.156250 0.840088
vt 0.156250 0.870072
vt 0.156250 0.895058
vt 0.156250 0.920044
vt 0.156250 0.940033
vt 0.156250 0.955025
vt 0.156250 0.970017
vt 0.156250 0.982010
vt 0.156250 0.992004
vt 0.156250 1.000000
vt 0.171875 0.000000
vt 0.171875 0.000000
vt 0.171875 0.000000
vt 0.171875 0.000000
vt 0.171875 0.000000
vt 0.171875 0.000000
vt 0.171875 0.000000
vt 0.171875 0.010546
vt 0.171875 0.040529
vt 0.171875 0.080507
vt 0.171875 0.140474
vt 0.171875 0.200441
vt 0.171875 0.260408
vt 0.171875 0.320375
vt 0.171875 0.380342
vt 0.171875 0.440309
vt 0.171875 0.500276
vt 0.171875 0.560243
vt 0.171875 0.620210
vt 0.171875 0.680176
vt 0.171875 0.740143
vt 0.171875 0.800110
vt 0.171875 0.840088
vt 0.171875 0.870072
vt 0.171875 0.895058
vt 0.171875 0.920044
vt 0.171875 0.940033
vt 0.171875 0.955025
vt 0.171875 0.970017
vt 0.171875 0.982010
vt 0.171875 0.992004
vt 0.171875 1.000000
vt 0.187500 0.000000
vt 0.187500 0.000000
vt 0.187500 0.000000
vt 0.187500 0.000000
vt 0.187500 0.000000
vt 0.187500 0.000000
vt 0.187500 0.000000
vt 0.187500 0.010546
vt 0.187500 0.040529
vt 0.187500 0.080507
vt 0.187500 0.140474
vt 0.187500 0.200441
vt 0.187500 0.260408
vt 0.187500 0.320375
vt 0.187500 0.380342
vt 0.187500 0.440309
vt 0.187500 0.500276
vt 0.187500 0.560243
vt 0.187500 0.620210
vt 0.187500 0.680176
vt 0.187500 0.740143
vt 0.187500 0.800110
vt 0.187500 0.840088
vt 0.187500 0.870072
vt 0.187500 0.895058
vt 0.187500 0.920044
vt 0.187500 0.940033
vt 0.187500 0.955025
vt 0.187500 0.970017
vt 0.187500 0.982010
vt 0.187500 0.992004
vt 0.187500 1.000000
vt 0.203125 0.000000
vt 0.203125 0.000000
vt 0.203125 0.000000
vt 0.203125 0.000000
vt 0.203125 0.000000
vt 0.203125 0.000000
vt 0.203125 0.000000
vt 0.203125 0.010546
vt 0.203125 0.040529
vt 0.203125 0.080507
vt 0.203125 0.140474
vt 0.203125 0.200441
vt 0.203125 0.260408
vt 0.203125 0.320375
vt 0.203125 0.380342
vt 0.203125 0.440309
vt 0.203125 0.500276
vt 0.203125 0.560243
vt 0.203125 0.620210
vt 0.203125 0.680176
vt 0.203125 0.740143
vt 0.203125 0.800110
vt 0.203125 0.840088
vt 0.203125 0.870072
vt 0.203125 0.895058
vt 0.203125 0.920044
vt 0.203125 0.940033
vt 0.203125 0.955025
vt 0.203125 0.970017
vt 0.203125 0.982010
vt 0.203125 0.992004
vt 0.203125 1.000000
vt 0.218750 0.000000
vt 0.218750 0.000000
vt 0.218750 0.000000
vt 0.218750 0.000000
vt 0.218750 0.000000
vt 0.218750 0.000000
vt 0.218750 0.000000
vt 0.218750 0.010546
vt 0.218750 0.040529
vt 0.218750 0.080507
vt 0.218750 0.140474
vt 0.218750 0.200441
vt 0.218750 0.260408
vt 0.218750 0.320375
vt 0.218750 0.380342
vt 0.218750 0.440309
vt 0.218750 0.500276
vt 0.218750 0.560243
vt 0.218750 0.620210
vt 0.218750 0.680176
vt 0.218750 0.740143
vt 0.218750 0.800110
vt 0.218750 0.840088
vt 0.218750 0.870072
vt 0.218750 0.895058
vt 0.218750 0.920044
vt 0.218750 0.940033
vt 0.218750 0.955025
vt 0.218750 0.970017
vt 0.218750 0.982010
vt 0.218750 0.992004
vt 0.218750 1.000000
vt 0.234375 0.000000
vt 0.234375 0.000000
vt 0.234375 0.000000
vt 0.234375 0.000000
vt 0.234375 0.000000
vt 0.234375 0.000000
vt 0.234375 0.000000
vt 0.234375 0.010546
vt 0.234375 0.040529
vt 0.234375 0.080507
vt 0.234375 0.140474
vt 0.234375 0.200441
vt 0.234375 0.260408
vt 0.234375 0.320375
vt 0.234375 0.380342
vt 0.234375 0.440309
vt 0.234375 0.500276
vt 0.234375 0.560243
vt 0.234375 0.620210
vt 0.234375 0.680176
vt 0.234375 0.740143
vt 0.234375 0.800110
vt 0.234375 0.840088
vt 0.234375 0.870072
vt 0.234375 0.895058
vt 0.234375 0.920044
vt 0.234375 0.940033
vt 0.234375 0.955025
vt 0.234375 0.970017
vt 0.234375 0.982010
vt 0.234375 0.992004
vt 0.234375 1.000000
vt 0.250000 0.000000
vt 0.250000 0.000000
vt 0.250000 0.000000
vt 0.250000 0.000000
vt 0.250000 0.000000
vt 0.250000 0.000000
vt 0.250000 0.000000
vt 0.250000 0.010546
vt 0.250000 0.040529
vt 0.250000 0.080507
vt 0.250000 0.140474
vt 0.250000 0.200441
vt 0.250000 0.260408
vt 0.250000 0.320375
vt 0.250000 0.380342
vt 0.250000 0.440309
vt 0.250000 0.500276
vt 0.250000 0.560243
vt 0.250000 0.620210
vt 0.250000 0.680176
vt 0.250000 0.740143
vt 0.250000 0.800110
vt 0.250000 0.840088
vt 0.250000 0.870072
vt 0.250000 0.895058
vt 0.250000 0.920044
vt 0.250000 0.940033
vt 0.250000 0.955025
vt 0.250000 0.970017
vt 0.250000 0.982010
vt 0.250000 0.992004
vt 0.250000 1.000000
vt 0.265625 0.000000
vt 0.265625 0.000000
vt 0.265625 0.000000
vt 0.265625 0.000000
vt 0.265625 0.000000
vt 0.265625 0.000000
vt 0.265625 0.000000
vt 0.265625 0.010546
vt 0.265625 0.040529
vt 0.265625 0.080507
vt 0.265625 0.140474
vt 0.265625 0.200441
vt 0.265625 0.260408
vt 0.265625 0.320375
vt 0.265625 0.380342
vt 0.265625 0.440309
vt 0.265625 0.500276
vt 0.265625 0.560243
vt 0.265625 0.620210
vt 0.265625 0.680176
vt 0.265625 0.740143
vt 0.265625 0.800110
vt 0.265625 0.840088
vt 0.265625 0.870072
vt 0.265625 0.895058
vt 0.265625 0.920044
vt 0.265625 0.940033
vt 0.265625 0.955025
vt 0.265625 0.970017
vt 0.265625 0.982010
vt 0.265625 0.992004
vt 0.265625 1.000000
vt 0.281250 0.000000
vt 0.281250 0.000000
vt 0.281250 0.000000
vt 0.281250 0.000000
vt 0.281250 0.000000
vt 0.281250 0.000000
vt 0.281250 0.000000
vt 0.281250 0.010546
vt 0.281250 0.040529
vt 0.281250 0.080507
vt 0.281250 0.140474
vt 0.281250 0.200441
vt 0.281250 0.260408
vt 0.281250 0.320375
vt 0.281250 0.380342
vt 0.281250 0.440309
vt 0.281250 0.500276
vt 0.281250 0.560243
vt 0.281250 0.620210
vt 0.281250 0.680176
vt 0.281250 0.740143
vt 0.281250 0.800110
vt 0.281250 0.840088
vt 0.281250 0.870072
vt 0.281250 0.895058
vt 0.281250 0.920044
vt 0.281250 0.940033
vt 0.281250 0.955025
vt 0.281250 0.970017
vt 0.281250 0.982010
vt 0.281250 0.992004
vt 0.281250 1.000000
vt 0.296875 0.000000
vt 0.296875 0.000000
vt 0.296875 0.000000
vt 0.296875 0.000000
vt 0.296875 0.000000
vt 0.296875 0.000000
vt 0.296875 0.000000
vt 0.296875 0.010546
vt 0.296875 0.040529
vt 0.296875 0.080507
vt 0.296875 0.140474
vt 0.296875 0.200441
vt 0.296875 0.260408
vt 0.296875 0.320375
vt 0.296875 0.380342
vt 0.296875 0.440309
vt 0.296875 0.500276
vt 0.296875 0.560243
vt 0.296875 0.620210
vt 0.296875 0.680176
vt 0.296875 0.740143
vt 0.296875 0.800110
vt 0.296875 0.840088
vt 0.296875 0.870072
vt 0.296875 0.895058
vt 0.296875 0.920044
vt 0.296875 0.940033
vt 0.296875 0.955025
vt 0.296875 0.970017
vt 0.296875 0.982010
vt 0.296875 0.992004
vt 0.296875 1.000000
vt 0.312500 0.000000
vt 0.312500 0.000000
vt 0.312500 0.000000
vt 0.312500 0.000000
vt 0.312500 0.000000
vt 0.312500 0.000000
vt 0.312500 0.000000
vt 0.312500 0.010546
vt 0.312500 0.040529
vt 0.312500 0.080507
vt 0.312500 0.140474
vt 0.312500 0.200441
vt 0.312500 0.260408
vt 0.312500 0.320375
vt 0.312500 0.380342
vt 0.312500 0.440309
vt 0.312500 0.500276
vt 0.312500 0.560243
vt 0.312500 0.620210
vt 0.312500 0.680176
vt 0.312500 0.740143
vt 0.312500 0.800110
vt 0.312500 0.840088
vt 0.312500 0.870072
vt 0.312500 0.895058
vt 0.312500 0.920044
vt 0.312500 0.940033
vt 0.312500 0.955025
vt 0.312500 0.970017
vt 0.312500 0.982010
vt 0.312500 0.992004
vt 0.312500 1.000000
vt 0.328125 0.000000
vt 0.328125 0.000000
vt 0.328125 0.000000
vt 0.328125 0.000000
vt 0.328125 0.000000
vt 0.328125 0.000000
vt 0.328125 0.000000
vt 0.328125 0.010546
vt 0.328125 0.040529
vt 0.328125 0.080507
vt 0.328125 0.140474
vt 0.328125 0.200441
vt 0.328125 0.260408
vt 0.328125 0.320375
vt 0.328125 0.380342
vt 0.328125 0.440309
vt 0.328125 0.500276
vt 0.328125 0.560243
vt 0.328125 0.620210
vt 0.328125 0.680176
vt 0.328125 0.740143
vt 0.328125 0.800110
vt 0.328125 0.840088
vt 0.328125 0.870072
vt 0.328125 0.895058
vt 0.328125 0.920044
vt 0.328125 0.940033
vt 0.328125 0.955025
vt 0.328125 0.970017
vt 0.328125 0.982010
vt 0.328125 0.992004
vt 0.328125 1.000000
vt 0.343750 0.000000
vt 0.343750 0.000000
vt 0.343750 0.000000
vt 0.343750 0.000000
vt 0.343750 0.000000
vt 0.343750 0.000000
vt 0.343750 0.000000
vt 0.343750 0.010546
vt 0.343750 0.040529
vt 0.343750 0.080507
vt 0.343750 0.140474
vt 0.343750 0.200441
vt 0.343750 0.260408
vt 0.343750 0.320375
vt 0.343750 0.380342
vt 0.343750 0.440309
vt 0.343750 0.500276
vt 0.343750 0.560243
vt 0.343750 0.620210
vt 0.343750 0.680176
vt 0.343750 0.740143
vt 0.343750 0.800110
vt 0.343750 0.840088
vt 0.343750 0.870072
vt 0.343750 0.895058
vt 0.343750 0.920044
vt 0.343750 0.940033
vt 0.343750 0.955025
vt 0.343750 0.970017
vt 0.343750 0.982010
vt 0.343750 0.992004
vt 0.343750 1.000000
vt 0.359375 0.000000
vt 0.359375 0.000000
vt 0.359375 0.000000
vt 0.359375 0.000000
vt 0.359375 0.000000
vt 0.359375 0.000000
vt 0.359375 0.000000
vt 0.359375 0.010546
vt 0.359375 0.040529
vt 0.359375 0.080507
vt 0.359375 0.140474
vt 0.359375 0.200441
vt 0.359375 0.260408
vt 0.359375 0.320375
vt 0.359375 0.380342
vt 0.359375 0.440309
vt 0.359375 0.500276
vt 0.359375 0.560243
vt 0.359375 0.620210
vt 0.359375 0.680176
vt 0.359375 0.740143
vt 0.359375 0.800110
vt 0.359375 0.840088
vt 0.359375 0.870072
vt 0.359375 0.895058
vt 0.359375 0.920044
vt 0.359375 0.940033
vt 0.359375 0.955025
vt 0.359375 0.970017
vt 0.359375 0.982010
vt 0.359375 0.992004
vt 0.359375 1.000000
vt 0.375000 0.000000
vt 0.375000 0.000000
vt 0.375000 0.000000
vt 0.375000 0.000000
vt 0.375000 0.000000
vt 0.375000 0.000000
vt 0.375000 0.000000
vt 0.375000 0.010546
vt 0.375000 0.040529
vt 0.375000 0.080507
vt 0.375000 0.140474
vt 0.375000 0.200441
vt 0.375000 0.260408
vt 0.375000 0.320375
vt 0.375000 0.380342
vt 0.375000 0.440309
vt 0.375000 0.500276
vt 0.375000 0.560243
vt 0.375000 0.620210
vt 0.375000 0.680176
vt 0.375000 0.740143
vt 0.375000 0.800110
vt 0.375000 0.840088
vt 0.375000 0.870072
vt 0.375000 0.895058
vt 0.375000 0.920044
vt 0.375000 0.940033
vt 0.375000 0.955025
vt 0.375000 0.970017
vt 0.375000 0.982010
vt 0.375000 0.992004
vt 0.375000 1.000000
vt 0.390625 0.000000
vt 0.390625 0.000000
vt 0.390625 0.000000
vt 0.390625 0.000000
vt 0.390625 0.000000
vt 0.390625 0.000000
vt 0.390625 0.000000
vt 0.390625 0.010546
vt 0.390625 0.040529
vt 0.390625 0.080507
vt 0.390625 0.140474
vt 0.390625 0.200441
vt 0.390625 0.260408
vt 0.390625 0.320375
vt 0.390625 0.380342
vt 0.390625 0.440309
vt 0.390625 0.500276
vt 0.390625 0.560243
vt 0.390625 0.620210
vt 0.390625 0.680176
vt 0.390625 0.740143
vt 0.390625 0.800110
vt 0.390625 0.840088
vt 0.390625 0.870072
vt 0.390625 0.895058
vt 0.390625 0.920044
vt 0.390625 0.940033
vt 0.390625 0.955025
vt 0.390625 0.970017
vt 0.390625 0.982010
vt 0.390625 0.992004
vt 0.390625 1.000000
vt 0.406250 0.000000
vt 0.406250 0.000000
vt 0.406250 0.000000
vt 0.406250 0.000000
vt 0.406250 0.000000
vt 0.406250 0.000000
vt 0.406250 0.000000
vt 0.406250 0.010546
vt 0.406250 0.040529
vt 0.406250 0.080507
vt 0.406250 0.140474
vt 0.406250 0.200441
vt 0.406250 0.260408
vt 0.406250 0.320375
vt 0.406250 0.380342
vt 0.406250 0.440309
vt 0.406250 0.500276
vt 0.406250 0.560243
vt 0.406250 0.620210
vt 0.406250 0.680176
vt 0.406250 0.740143
vt 0.406250 0.800110
vt 0.406250 0.840088
vt 0.406250 0.870072
vt 0.406250 0.895058
vt 0.406250 0.920044
vt 0.406250 0.940033
vt 0.406250 0.955025
vt 0.406250 0.970017
vt 0.406250 0.982010
vt 0.406250 0.992004
vt 0.406250 1.000000
vt 0.421875 0.000000
vt 0.421875 0.000000
vt 0.421875 0.000000
vt 0.421875 0.000000
vt 0.421875 0.000000
vt 0.421875 0.000000
vt 0.421875 0.000000
vt 0.421875 0.010546
vt 0.421875 0.040529
vt 0.421875 0.080507
vt 0.421875 0.140474
vt 0.421875 0.200441
vt 0.421875 0.260408
vt 0.421875 0.320375
vt 0.421875 0.380342
vt 0.421875 0.440309
vt 0.421875 0.500276
vt 0.421875 0.560243
vt 0.421875 0.620210
vt 0.421875 0.680176
vt 0.421875 0.740143
vt 0.421875 0.800110
vt 0.421875 0.840088
vt 0.421875 0.870072
vt 0.421875 0.895058
vt 0.421875 0.920044
vt 0.421875 0.940033
vt 0.421875 0.955025
vt 0.421875 0.970017
vt 0.421875 0.982010
vt 0.421875 0.992004
vt 0.421875 1.000000
vt 0.437500 0.000000
vt 0.437500 0.000000
vt 0.437500 0.000000
vt 0.437500 0.000000
vt 0.437500 0.000000
vt 0.437500 0.000000
vt 0.437500 0.000000
vt 0.437500 0.010546
vt 0.437500 0.040529
vt 0.437500 0.080507
vt 0.437500 0.140474
vt 0.437500 0.200441
vt 0.437500 0.260408
vt 0.437500 0.320375
vt 0.437500 0.380342
vt 0.437500 0.440309
vt 0.437500 0.500276
vt 0.437500 0.560243
vt 0.437500 0.620210
vt 0.437500 0.680176
vt 0.437500 0.740143
vt 0.437500 0.800110
vt 0.437500 0.840088
vt 0.437500 0.870072
vt 0.437500 0.895058
vt 0.437500 0.920044
vt 0.437500 0.940033
vt 0.437500 0.955025
vt 0.437500 0.970017
vt 0.437500 0.982010
vt 0.437500 0.992004
vt 0.437500 1.000000
vt 0.453125 0.000000
vt 0.453125 0.000000
vt 0.453125 0.000000
vt 0.453125 0.000000
vt 0.453125 0.000000
vt 0.453125 0.000000
vt 0.453125 0.000000
vt 0.453125 0.010546
vt 0.453125 0.040529
vt 0.453125 0.080507
vt 0.453125 0.140474
vt 0.453125 0.200441
vt 0.453125 0.260408
vt 0.453125 0.320375
vt 0.453125 0.380342
vt 0.453125 0.440309
vt 0.453125 0.500276
vt 0.453125 0.560243
vt 0.453125 0.620210
vt 0.453125 0.680176
vt 0.453125 0.740143
vt 0.453125 0.800110
vt 0.453125 0.840088
vt 0.453125 0.870072
vt 0.453125 0.895058
vt 0.453125 0.920044
vt 0.453125 0.940033
vt 0.453125 0.955025
vt 0.453125 0.970017
vt 0.453125 0.982010
vt 0.453125 0.992004
vt 0.453125 1.000000
vt 0.468750 0.000000
vt 0.468750 0.000000
vt 0.468750 0.000000
vt 0.468750 0.000000
vt 0.468750 0.000000
vt 0.468750 0.000000
vt 0.468750 0.000000
vt 0.468750 0.010546
vt 0.468750 0.040529
vt 0.468750 0.080507
vt 0.468750 0.140474
vt 0.468750 0.200441
vt 0.468750 0.260408
vt 0.468750 0.320375
vt 0.468750 0.380342
vt 0.468750 0.440309
vt 0.468750 0.500276
vt 0.468750 0.560243
vt 0.468750 0.620210
vt 0.468750 0.680176
vt 0.468750 0.740143
vt 0.468750 0.800110
vt 0.468750 0.840088
vt 0.468750 0.870072
vt 0.468750 0.895058
vt 0.468750 0.920044
vt 0.468750 0.940033
vt 0.468750 0.955025
vt 0.468750 0.970017
vt 0.468750 0.982010
vt 0.468750 0.992004
vt 0.468750 1.000000
vt 0.484375 0.000000
vt 0.484375 0.000000
vt 0.484375 0.000000
vt 0.484375 0.000000
vt 0.484375 0.000000
vt 0.484375 0.000000
vt 0.484375 0.000000
vt 0.484375 0.010546
vt 0.484375 0.040529
vt 0.484375 0.080507
vt 0.484375 0.140474
vt 0.484375 0.200441
vt 0.484375 0.260408
vt 0.484375 0.320375
vt 0.484375 0.380342
vt 0.484375 0.440309
vt 0.484375 0.500276
vt 0.484375 0.560243
vt 0.484375 0.620210
vt 0.484375 0.680176
vt 0.484375 0.740143
vt 0.484375 0.800110
vt 0.484375 0.840088
vt 0.484375 0.870072
vt 0.484375 0.895058
vt 0.484375 0.920044
vt 0.484375 0.940033
vt 0.484375 0.955025
vt 0.484375 0.970017
vt 0.484375 0.982010
vt 0.484375 0.992004
vt 0.484375 1.000000
vt 0.500000 0.000000
vt 0.500000 0.000000
vt 0.500000 0.000000
vt 0.500000 0.000000
vt 0.500000 0.000000
vt 0.500000 0.000000
vt 0.500000 0.000000
vt 0.500000 0.010546
vt 0.500000 0.040529
vt 0.500000 0.080507
vt 0.500000 0.140474
vt 0.500000 0.200441
vt 0.500000 0.260408
vt 0.500000 0.320375
vt 0.500000 0.380342
vt 0.500000 0.440309
vt 0.500000 0.500276
vt 0.500000 0.560243
vt 0.500000 0.620210
vt 0.500000 0.680176
vt 0.500000 0.740143
vt 0.500000 0.800110
vt 0.500000 0.840088
vt 0.500000 0.870072
vt 0.500000 0.895058
vt 0.500000 0.920044
vt 0.500000 0.940033
vt 0.500000 0.955025
vt 0.500000 0.970017
vt 0.500000 0.982010
vt 0.500000 0.992004
vt 0.500000 1.000000
vt 0.515625 0.000000
vt 0.515625 0.000000
vt 0.515625 0.000000
vt 0.515625 0.000000
vt 0.515625 0.000000
vt 0.515625 0.000000
vt 0.515625 0.000000
vt 0.515625 0.010546
vt 0.515625 0.040529
vt 0.515625 0.080507
vt 0.515625 0.140474
vt 0.515625 0.200441
vt 0.515625 0.260408
vt 0.515625 0.320375
vt 0.515625 0.380342
vt 0.515625 0.440309
vt 0.515625 0.500276
vt 0.515625 0.560243
vt 0.515625 0.620210
vt 0.515625 0.680176
vt 0.515625 0.740143
vt 0.515625 0.800110
vt 0.515625 0.840088
vt 0.515625 0.870072
vt 0.515625 0.895058
vt 0.515625 0.920044
vt 0.515625 0.940033
vt 0.515625 0.955025
vt 0.515625 0.970017
vt 0.515625 0.982010
vt 0.515625 0.992004
vt 0.515625 1.000000
vt 0.531250 0.000000
vt 0.531250 0.000000
vt 0.531250 0.000000
vt 0.531250 0.000000
vt 0.531250 0.000000
vt 0.531250 0.000000
vt 0.531250 0.000000
vt 0.531250 0.010546
vt 0.531250 0.040529
vt 0.531250 0.080507
vt 0.531250 0.140474
vt 0.531250 0.200441
vt 0.531250 0.260408
vt 0.531250 0.320375
vt 0.531250 0.380342
vt 0.531250 0.440309
vt 0.531250 0.500276
vt 0.531250 0.560243
vt 0.531250 0.620210
vt 0.531250 0.680176
vt 0.531250 0.740143
vt 0.531250 0.800110
vt 0.531250 0.840088
vt 0.531250 0.870072
vt 0.531250 0.895058
vt 0.531250 0.920044
vt 0.531250 0.940033
vt 0.531250 0.955025
vt 0.531250 0.970017
vt 0.531250 0.982010
vt 0.531250 0.992004
vt 0.531250 1.000000
vt 0.546875 0.000000
vt 0.546875 0.000000
vt 0.546875 0.000000
vt 0.546875 0.000000
vt 0.546875 0.000000
vt 0.546875 0.000000
vt 0.546875 0.000000
vt 0.546875 0.010546
vt 0.546875 0.040529
vt 0.546875 0.080507
vt 0.546875 0.140474
vt 0.546875 0.200441
vt 0.546875 0.260408
vt 0.546875 0.320375
vt 0.546875 0.380342
vt 0.546875 0.440309
vt 0.546875 0.500276
vt 0.546875 0.560243
vt 0.546875 0.620210
vt 0.546875 0.680176
vt 0.546875 0.740143
vt 0.546875 0.800110
vt 0.546875 0.840088
vt 0.546875 0.870072
vt 0.546875 0.895058
vt 0.546875 0.920044
vt 0.546875 0.940033
vt 0.546875 0.955025
vt 0.546875 0.970017
vt 0.546875 0.982010
vt 0.546875 0.992004
vt 0.546875 1.000000
vt 0.562500 0.000000
vt 0.562500 0.000000
vt 0.562500 0.000000
vt 0.562500 0.000000
vt 0.562500 0.000000
vt 0.562500 0.000000
vt 0.562500 0.000000
vt 0.562500 0.010546
vt 0.562500 0.040529
vt 0.562500 0.080507
vt 0.562500 0.140474
vt 0.562500 0.200441
vt 0.562500 0.260408
vt 0.562500 0.320375
vt 0.562500 0.380342
vt 0.562500 0.440309
vt 0.562500 0.500276
vt 0.562500 0.560243
vt 0.562500 0.620210
vt 0.562500 0.680176
vt 0.562500 0.740143
vt 0.562500 0.800110
vt 0.562500 0.840088
vt 0.562500 0.870072
vt 0.562500 0.895058
vt 0.562500 0.920044
vt 0.562500 0.940033
vt 0.562500 0.955025
vt 0.562500 0.970017
vt 0.562500 0.982010
vt 0.562500 0.992004
vt 0.562500 1.000000
vt 0.578125 0.000000
vt 0.578125 0.000000
vt 0.578125 0.000000
vt 0.578125 0.000000
vt 0.578125 0.000000
vt 0.578125 0.000000
vt 0.578125 0.000000
vt 0.578125 0.010546
vt 0.578125 0.040529
vt 0.578125 0.080507
vt 0.578125 0.140474
vt 0.578125 0.200441
vt 0.578125 0.260408
vt 0.578125 0.320375
vt 0.578125 0.380342
vt 0.578125 0.440309
vt 0.578125 0.500276
vt 0.578125 0.560243
vt 0.578125 0.620210
vt 0.578125 0.680176
vt 0.578125 0.740143
vt 0.578125 0.800110
vt 0.578125 0.840088
vt 0.578125 0.870072
vt 0.578125 0.895058
vt 0.578125 0.920044
vt 0.578125 0.940033
vt 0.578125 0.955025
vt 0.578125 0.970017
vt 0.578125 0.982010
vt 0.578125 0.992004
vt 0.578125 1.000000
vt 0.593750 0.000000
vt 0.593750 0.000000
vt 0.593750 0.000000
vt 0.593750 0.000000
vt 0.593750 0.000000
vt 0.593750 0.000000
vt 0.593750 0.000000
vt 0.593750 0.010546
vt 0.593750 0.040529
vt 0.593750 0.080507
vt 0.593750 0.140474
vt 0.593750 0.200441
vt 0.593750 0.260408
vt 0.593750 0.320375
vt 0.593750 0.380342
vt 0.593750 0.440309
vt 0.593750 0.500276
vt 0.593750 0.560243
vt 0.593750 0.620210
vt 0.593750 0.680176
vt 0.593750 0.740143
vt 0.593750 0.800110
vt 0.593750 0.840088
vt 0.593750 0.870072
vt 0.593750 0.895058
vt 0.593750 0.920044
vt 0.593750 0.940033
vt 0.593750 0.955025
vt 0.593750 0.970017
vt 0.593750 0.982010
vt 0.593750 0.992004
vt 0.593750 1.000000
vt 0.609375 0.000000
vt 0.609375 0.000000
vt 0.609375 0.000000
vt 0.609375 0.000000
vt 0.609375 0.000000
vt 0.609375 0.000000
vt 0.609375 0.000000
vt 0.609375 0.010546
vt 0.609375 0.040529
vt 0.609375 0.080507
vt 0.609375 0.140474
vt 0.609375 0.200441
vt 0.609375 0.260408
vt 0.609375 0.320375
vt 0.609375 0.380342
vt 0.609375 0.440309
vt 0.609375 0.500276
vt 0.609375 0.560243
vt 0.609375 0.620210
vt 0.609375 0.680176
vt 0.609375 0.740143
vt 0.609375 0.800110
vt 0.609375 0.840088
vt 0.609375 0.870072
vt 0.609375 0.895058
vt 0.609375 0.920044
vt 0.609375 0.940033
vt 0.609375 0.955025
vt 0.609375 0.970017
vt 0.609375 0.982010
vt 0.609375 0.992004
vt 0.609375 1.000000
vt 0.625000 0.000000
vt 0.625000 0.000000
vt 0.625000 0.000000
vt 0.625000 0.000000
vt 0.625000 0.000000
vt 0.625000 0.000000
vt 0.625000 0.000000
vt 0.625000 0.010546
vt 0.625000 0.040529
vt 0.625000 0.080507
vt 0.625000 0.140474
vt 0.625000 0.200441
vt 0.625000 0.260408
vt 0.625000 0.320375
vt 0.625000 0.380342
vt 0.625000 0.440309
vt 0.625000 0.500276
vt 0.625000 0.560243
vt 0.625000 0.620210
vt 0.625000 0.680176
vt 0.625000 0.740143
vt 0.625000 0.800110
vt 0.625000 0.840088
vt 0.625000 0.870072
vt 0.625000 0.895058
vt 0.625000 0.920044
vt 0.625000 0.940033
vt 0.625000 0.955025
vt 0.625000 0.970017
vt 0.625000 0.982010
vt 0.625000 0.992004
vt 0.625000 1.000000
vt 0.640625 0.000000
vt 0.640625 0.000000
vt 0.640625 0.000000
vt 0.640625 0.000000
vt 0.640625 0.000000
vt 0.640625 0.000000
vt 0.640625 0.000000
vt 0.640625 0.010546
vt 0.640625 0.040529
vt 0.640625 0.080507
vt 0.640625 0.140474
vt 0.640625 0.200441
vt 0.640625 0.260408
vt 0.640625 0.320375
vt 0.640625 0.380342
vt 0.640625 0.440309
vt 0.640625 0.500276
vt 0.640625 0.560243
vt 0.640625 0.620210
vt 0.640625 0.680176
vt 0.640625 0.740143
vt 0.640625 0.800110
vt 0.640625 0.840088
vt 0.640625 0.870072
vt 0.640625 0.895058
vt 0.640625 0.920044
vt 0.640625 0.940033
vt 0.640625 0.955025
vt 0.640625 0.970017
vt 0.640625 0.982010
vt 0.640625 0.992004
vt 0.640625 1.000000
vt 0.656250 0.000000
vt 0.656250 0.000000
vt 0.656250 0.000000
vt 0.656250 0.000000
vt 0.656250 0.000000
vt 0.656250 0.000000
vt 0.656250 0.000000
vt 0.656250 0.010546
vt 0.656250 0.040529
vt 0.656250 0.080507
vt 0.656250 0.140474
vt 0.656250 0.200441
vt 0.656250 0.260408
vt 0.656250 0.320375
vt 0.656250 0.380342
vt 0.656250 0.440309
vt 0.656250 0.500276
vt 0.656250 0.560243
vt 0.656250 0.620210
vt 0.656250 0.680176
vt 0.656250 0.740143
vt 0.656250 0.800110
vt 0.656250 0.840088
vt 0.656250 0.870072
vt 0.656250 0.895058
vt 0.656250 0.920044
vt 0.656250 0.940033
vt 0.656250 0.955025
vt 0.656250 0.970017
vt 0.656250 0.982010
vt 0.656250 0.992004
vt 0.656250 1.000000
vt 0.671875 0.000000
vt 0.671875 0.000000
vt 0.671875 0.000000
vt 0.671875 0.000000
vt 0.671875 0.000000
vt 0.671875 0.000000
vt 0.671875 0.000000
vt 0.671875 0.010546
vt 0.671875 0.040529
vt 0.671875 0.080507
vt 0.671875 0.140474
vt 0.671875 0.200441
vt 0.671875 0.260408
vt 0.671875 0.320375
vt 0.671875 0.380342
vt 0.671875 0.440309
vt 0.671875 0.500276
vt 0.671875 0.560243
vt 0.671875 0.620210
vt 0.671875 0.680176
vt 0.671875 0.740143
vt 0.671875 0.800110
vt 0.671875 0.840088
vt 0.671875 0.870072
vt 0.671875 0.895058
vt 0.671875 0.920044
vt 0.671875 0.940033
vt 0.671875 0.955025
vt 0.671875 0.970017
vt 0.671875 0.982010
vt 0.671875 0.992004
vt 0.671875 1.000000
vt 0.687500 0.000000
vt 0.687500 0.000000
vt 0.687500 0.000000
vt 0.687500 0.000000
vt 0.687500 0.000000
vt 0.687500 0.000000
vt 0.687500 0.000000
vt 0.687500 0.010546
vt 0.687500 0.040529
vt 0.687500 0.080507
vt 0.687500 0.140474
vt 0.687500 0.200441
vt 0.687500 0.260408
vt 0.687500 0.320375
vt 0.687500 0.380342
vt 0.687500 0.440309
vt 0.687500 0.500276
vt 0.687500 0.560243
vt 0.687500 0.620210
vt 0.687500 0.680176
vt 0.687500 0.740143
vt 0.687500 0.800110
vt 0.687500 0.840088
vt 0.687500 0.870072
vt 0.687500 0.895058
vt 0.687500 0.920044
vt 0.687500 0.940033
vt 0.687500 0.955025
vt 0.687500 0.970017
vt 0.687500 0.982010
vt 0.687500 0.992004
vt 0.687500 1.000000
vt 0.703125 0.000000
vt 0.703125 0.000000
vt 0.703125 0.000000
vt 0.703125 0.000000
vt 0.703125 0.000000
vt 0.703125 0.000000
vt 0.703125 0.000000
vt 0.703125 0.010546
vt 0.703125 0.040529
vt 0.703125 0.080507
vt 0.703125 0.140474
vt 0.703125 0.200441
vt 0.703125 0.260408
vt 0.703125 0.320375
vt 0.703125 0.380342
vt 0.703125 0.440309
vt 0.703125 0.500276
vt 0.703125 0.560243
vt 0.703125 0.620210
vt 0.703125 0.680176
vt 0.703125 0.740143
vt 0.703125 0.800110
vt 0.703125 0.840088
vt 0.703125 0.870072
vt 0.703125 0.895058
vt 0.703125 0.920044
vt 0.703125 0.940033
vt 0.703125 0.955025
vt 0.703125 0.970017
vt 0.703125 0.982010
vt 0.703125 0.992004
vt 0.703125 1.000000
vt 0.718750 0.000000
vt 0.718750 0.000000
vt 0.718750 0.000000
vt 0.718750 0.000000
vt 0.718750 0.000000
vt 0.718750 0.000000
vt 0.718750 0.000000
vt 0.718750 0.010546
vt 0.718750 0.040529
vt 0.718750 0.080507
vt 0.718750 0.140474
vt 0.718750 0.200441
vt 0.718750 0.260408
vt 0.718750 0.320375
vt 0.718750 0.380342
vt 0.718750 0.440309
vt 0.718750 0.500276
vt 0.718750 0.560243
vt 0.718750 0.620210
vt 0.718750 0.680176
vt 0.718750 0.740143
vt 0.718750 0.800110
vt 0.718750 0.840088
vt 0.718750 0.870072
vt 0.718750 0.895058
vt 0.718750 0.920044
vt 0.718750 0.940033
vt 0.718750 0.955025
vt 0.718750 0.970017
vt 0.718750 0.982010
vt 0.718750 0.992004
vt 0.718750 1.000000
vt 0.734375 0.000000
vt 0.734375 0.000000
vt 0.734375 0.000000
vt 0.734375 0.000000
vt 0.734375 0.000000
vt 0.734375 0.000000
vt 0.734375 0.000000
vt 0.734375 0.010546
vt 0.734375 0.040529
vt 0.734375 0.080507
vt 0.734375 0.140474
vt 0.734375 0.200441
vt 0.734375 0.260408
vt 0.734375 0.320375
vt 0.734375 0.380342
vt 0.734375 0.440309
vt 0.734375 0.500276
vt 0.734375 0.560243
vt 0.734375 0.620210
vt 0.734375 0.680176
vt 0.734375 0.740143
vt 0.734375 0.800110
vt 0.734375 0.840088
vt 0.734375 0.870072
vt 0.734375 0.895058
vt 0.734375 0.920044
vt 0.734375 0.940033
vt 0.734375 0.955025
vt 0.734375 0.970017
vt 0.734375 0.982010
vt 0.734375 0.992004
vt 0.734375 1.000000
vt 0.750000 0.000000
vt 0.750000 0.000000
vt 0.750000 0.000000
vt 0.750000 0.000000
vt 0.750000 0.000000
vt 0.750000 0.000000
vt 0.750000 0.000000
vt 0.750000 0.010546
vt 0.750000 0.040529
vt 0.750000 0.080507
vt 0.750000 0.140474
vt 0.750000 0.200441
vt 0.750000 0.260408
vt 0.750000 0.320375
vt 0.750000 0.380342
vt 0.750000 0.440309
vt 0.750000 0.500276
vt 0.750000 0.560243
vt 0.750000 0.620210
vt 0.750000 0.680176
vt 0.750000 0.740143
vt 0.750000 0.800110
vt 0.750000 0.840088
vt 0.750000 0.870072
vt 0.750000 0.895058
vt 0.750000 0.920044
vt 0.750000 0.940033
vt 0.750000 0.955025
vt 0.750000 0.970017
vt 0.750000 0.982010
vt 0.750000 0.992004
vt 0.750000 1.000000
vt 0.765625 0.000000
vt 0.765625 0.000000
vt 0.765625 0.000000
vt 0.765625 0.000000
vt 0.765625 0.000000
vt 0.765625 0.000000
vt 0.765625 0.000000
vt 0.765625 0.010546
vt 0.765625 0.040529
vt 0.765625 0.080507
vt 0.765625 0.140474
vt 0.765625 0.200441
vt 0.765625 0.260408
vt 0.765625 0.320375
vt 0.765625 0.380342
vt 0.765625 0.440309
vt 0.765625 0.500276
vt 0.765625 0.560243
vt 0.765625 0.620210
vt 0.765625 0.680176
vt 0.765625 0.740143
vt 0.765625 0.800110
vt 0.765625 0.840088
vt 0.765625 0.870072
vt 0.765625 0.895058
vt 0.765625 0.920044
vt 0.765625 0.940033
vt 0.765625 0.955025
vt 0.765625 0.970017
vt 0.765625 0.982010
vt 0.765625 0.992004
vt 0.765625 1.000000
vt 0.781250 0.000000
vt 0.781250 0.000000
vt 0.781250 0.000000
vt 0.781250 0.000000
vt 0.781250 0.000000
vt 0.781250 0.000000
vt 0.781250 0.000000
vt 0.781250 0.010546
vt 0.781250 0.040529
vt 0.781250 0.080507
vt 0.781250 0.140474
vt 0.781250 0.200441
vt 0.781250 0.260408
vt 0.781250 0.320375
vt 0.781250 0.380342
vt 0.781250 0.440309
vt 0.781250 0.500276
vt 0.781250 0.560243
vt 0.781250 0.620210
vt 0.781250 0.680176
vt 0.781250 0.740143
vt 0.781250 0.800110
vt 0.781250 0.840088
vt 0.781250 0.870072
vt 0.781250 0.895058
vt 0.781250 0.920044
vt 0.781250 0.940033
vt 0.781250 0.955025
vt 0.781250 0.970017
vt 0.781250 0.982010
vt 0.781250 0.992004
vt 0.781250 1.000000
vt 0.796875 0.000000
vt 0.796875 0.000000
vt 0.796875 0.000000
vt 0.796875 0.000000
vt 0.796875 0.000000
vt 0.796875 0.000000
vt 0.796875 0.000000
vt 0.796875 0.010546
vt 0.796875 0.040529
vt 0.796875 0.080507
vt 0.796875 0.140474
vt 0.796875 0.200441
vt 0.796875 0.260408
vt 0.796875 0.320375
vt 0.796875 0.380342
vt 0.796875 0.440309
vt 0.796875 0.500276
vt 0.796875 0.560243
vt 0.796875 0.620210
vt 0.796875 0.680176
vt 0.796875 0.740143
vt 0.796875 0.800110
vt 0.796875 0.840088
vt 0.796875 0.870072
vt 0.796875 0.895058
vt 0.796875 0.920044
vt 0.796875 0.940033
vt 0.796875 0.955025
vt 0.796875 0.970017
vt 0.796875 0.982010
vt 0.796875 0.992004
vt 0.796875 1.000000
vt 0.812500 0.000000
vt 0.812500 0.000000
vt 0.812500 0.000000
vt 0.812500 0.000000
vt 0.812500 0.000000
vt 0.812500 0.000000
vt 0.812500 0.000000
vt 0.812500 0.010546
vt 0.812500 0.040529
vt 0.812500 0.080507
vt 0.812500 0.140474
vt 0.812500 0.200441
vt 0.812500 0.260408
vt 0.812500 0.320375
vt 0.812500 0.380342
vt 0.812500 0.440309
vt 0.812500 0.500276
vt 0.812500 0.560243
vt 0.812500 0.620210
vt 0.812500 0.680176
vt 0.812500 0.740143
vt 0.812500 0.800110
vt 0.812500 0.840088
vt 0.812500 0.870072
vt 0.812500 0.895058
vt 0.812500 0.920044
vt 0.812500 0.940033
vt 0.812500 0.955025
vt 0.812500 0.970017
vt 0.812500 0.982010
vt 0.812500 0.992004
vt 0.812500 1.000000
vt 0.828125 0.000000
vt 0.828125 0.000000
vt 0.828125 0.000000
vt 0.828125 0.000000
vt 0.828125 0.000000
vt 0.828125 0.000000
vt 0.828125 0.000000
vt 0.828125 0.010546
vt 0.828125 0.040529
vt 0.828125 0.080507
vt 0.828125 0.140474
vt 0.828125 0.200441
vt 0.828125 0.260408
vt 0.828125 0.320375
vt 0.828125 0.380342
vt 0.828125 0.440309
vt 0.828125 0.500276
vt 0.828125 0.560243
vt 0.828125 0.620210
vt 0.828125 0.680176
vt 0.828125 0.740143
vt 0.828125 0.800110
vt 0.828125 0.840088
vt 0.828125 0.870072
vt 0.828125 0.895058
vt 0.828125 0.920044
vt 0.828125 0.940033
vt 0.828125 0.955025
vt 0.828125 0.970017
vt 0.828125 0.982010
vt 0.828125 0.992004
vt 0.828125 1.000000
vt 0.843750 0.000000
vt 0.843750 0.000000
vt 0.843750 0.000000
vt 0.843750 0.000000
vt 0.843750 0.000000
vt 0.843750 0.000000
vt 0.843750 0.000000
vt 0.843750 0.010546
vt 0.843750 0.040529
vt 0.843750 0.080507
vt 0.843750 0.140474
vt 0.843750 0.200441
vt 0.843750 0.260408
vt 0.843750 0.320375
vt 0.843750 0.380342
vt 0.843750 0.440309
vt 0.843750 0.500276
vt 0.843750 0.560243
vt 0.843750 0.620210
vt 0.843750 0.680176
vt 0.843750 0.740143
vt 0.843750 0.800110
vt 0.843750 0.840088
vt 0.843750 0.870072
vt 0.843750 0.895058
vt 0.843750 0.920044
vt 0.843750 0.940033
vt 0.843750 0.955025
vt 0.843750 0.970017
vt 0.843750 0.982010
vt 0.843750 0.992004
vt 0.843750 1.000000
vt 0.859375 0.000000
vt 0.859375 0.000000
vt 0.859375 0.000000
vt 0.859375 0.000000
vt 0.859375 0.000000
vt 0.859375 0.000000
vt 0.859375 0.000000
vt 0.859375 0.010546
vt 0.859375 0.040529
vt 0.859375 0.080507
vt 0.859375 0.140474
vt 0.859375 0.200441
vt 0.859375 0.260408
vt 0.859375 0.320375
vt 0.859375 0.380342
vt 0.859375 0.440309
vt 0.859375 0.500276
vt 0.859375 0.560243
vt 0.859375 0.620210
vt 0.859375 0.680176
vt 0.859375 0.740143
vt 0.859375 0.800110
vt 0.859375 0.840088
vt 0.859375 0.870072
vt 0.859375 0.895058
vt 0.859375 0.920044
vt 0.859375 0.940033
vt 0.859375 0.955025
vt 0.859375 0.970017
vt 0.859375 0.982010
vt 0.859375 0.992004
vt 0.859375 1.000000
vt 0.875000 0.000000
vt 0.875000 0.000000
vt 0.875000 0.000000
vt 0.875000 0.000000
vt 0.875000 0.000000
vt 0.875000 0.000000
vt 0.875000 0.000000
vt 0.875000 0.010546
vt 0.875000 0.040529
vt 0.875000 0.080507
vt 0.875000 0.140474
vt 0.875000 0.200441
vt 0.875000 0.260408
vt 0.875000 0.320375
vt 0.875000 0.380342
vt 0.875000 0.440309
vt 0.875000 0.500276
vt 0.875000 0.560243
vt 0.875000 0.620210
vt 0.875000 0.680176
vt 0.875000 0.740143
vt 0.875000 0.800110
vt 0.875000 0.840088
vt 0.875000 0.870072
vt 0.875000 0.895058
vt 0.875000 0.920044
vt 0.875000 0.940033
vt 0.875000 0.955025
vt 0.875000 0.970017
vt 0.875000 0.982010
vt 0.875000 0.992004
vt 0.875000 1.000000
vt 0.890625 0.000000
vt 0.890625 0.000000
vt 0.890625 0.000000
vt 0.890625 0.000000
vt 0.890625 0.000000
vt 0.890625 0.000000
vt 0.890625 0.000000
vt 0.890625 0.010546
vt 0.890625 0.040529
vt 0.890625 0.080507
vt 0.890625 0.140474
vt 0.890625 0.200441
vt 0.890625 0.260408
vt 0.890625 0.320375
vt 0.890625 0.380342
vt 0.890625 0.440309
vt 0.890625 0.500276
vt 0.890625 0.560243
vt 0.890625 0.620210
vt 0.890625 0.680176
vt 0.890625 0.740143
vt 0.890625 0.800110
vt 0.890625 0.840088
vt 0.890625 0.870072
vt 0.890625 0.895058
vt 0.890625 0.920044
vt 0.890625 0.940033
vt 0.890625 0.955025
vt 0.890625 0.970017
vt 0.890625 0.982010
vt 0.890625 0.992004
vt 0.890625 1.000000
vt 0.906250 0.000000
vt 0.906250 0.000000
vt 0.906250 0.000000
vt 0.906250 0.000000
vt 0.906250 0.000000
vt 0.906250 0.000000
vt 0.906250 0.000000
vt 0.906250 0.010546
vt 0.906250 0.040529
vt 0.906250 0.080507
vt 0.906250 0.140474
vt 0.906250 0.200441
vt 0.906250 0.260408
vt 0.906250 0.320375
vt 0.906250 0.380342
vt 0.906250 0.440309
vt 0.906250 0.500276
vt 0.906250 0.560243
vt 0.906250 0.620210
vt 0.906250 0.680176
vt 0.906250 0.740143
vt 0.906250 0.800110
vt 0.906250 0.840088
vt 0.906250 0.870072
vt 0.906250 0.895058
vt 0.906250 0.920044
vt 0.906250 0.940033
vt 0.906250 0.955025
vt 0.906250 0.970017
vt 0.906250 0.982010
vt 0.906250 0.992004
vt 0.906250 1.000000
vt 0.921875 0.000000
vt 0.921875 0.000000
vt 0.921875 0.000000
vt 0.921875 0.000000
vt 0.921875 0.000000
vt 0.921875 0.000000
vt 0.921875 0.000000
vt 0.921875 0.010546
vt 0.921875 0.040529
vt 0.921875 0.080507
vt 0.921875 0.140474
vt 0.921875 0.200441
vt 0.921875 0.260408
vt 0.921875 0.320375
vt 0.921875 0.380342
vt 0.921875 0.440309
vt 0.921875 0.500276
vt 0.921875 0.560243
vt 0.921875 0.620210
vt 0.921875 0.680176
vt 0.921875 0.740143
vt 0.921875 0.800110
vt 0.921875 0.840088
vt 0.921875 0.870072
vt 0.921875 0.895058
vt 0.921875 0.920044
vt 0.921875 0.940033
vt 0.921875 0.955025
vt 0.921875 0.970017
vt 0.921875 0.982010
vt 0.921875 0.992004
vt 0.921875 1.000000
vt 0.937500 0.000000
vt 0.937500 0.000000
vt 0.937500 0.000000
vt 0.937500 0.000000
vt 0.937500 0.000000
vt 0.937500 0.000000
vt 0.937500 0.000000
vt 0.937500 0.010546
vt 0.937500 0.040529
vt 0.937500 0.080507
vt 0.937500 0.140474
vt 0.937500 0.200441
vt 0.937500 0.260408
vt 0.937500 0.320375
vt 0.937500 0.380342
vt 0.937500 0.440309
vt 0.937500 0.500276
vt 0.937500 0.560243
vt 0.937500 0.620210
vt 0.937500 0.680176
vt 0.937500 0.740143
vt 0.937500 0.800110
vt 0.937500 0.840088
vt 0.937500 0.870072
vt 0.937500 0.895058
vt 0.937500 0.920044
vt 0.937500 0.940033
vt 0.937500 0.955025
vt 0.937500 0.970017
vt 0.937500 0.982010
vt 0.937500 0.992004
vt 0.937500 1.000000
vt 0.953125 0.000000
vt 0.953125 0.000000
vt 0.953125 0.000000
vt 0.953125 0.000000
vt 0.953125 0.000000
vt 0.953125 0.000000
vt 0.953125 0.000000
vt 0.953125 0.010546
vt 0.953125 0.040529
vt 0.953125 0.080507
vt 0.953125 0.140474
vt 0.953125 0.200441
vt 0.953125 0.260408
vt 0.953125 0.320375
vt 0.953125 0.380342
vt 0.953125 0.440309
vt 0.953125 0.500276
vt 0.953125 0.560243
vt 0.953125 0.620210
vt 0.953125 0.680176
vt 0.953125 0.740143
vt 0.953125 0.800110
vt 0.953125 0.840088
vt 0.953125 0.870072
vt 0.953125 0.895058
vt 0.953125 0.920044
vt 0.953125 0.940033
vt 0.953125 0.955025
vt 0.953125 0.970017
vt 0.953125 0.982010
vt 0.953125 0.992004
vt 0.953125 1.000000
vt 0.968750 0.000000
vt 0.968750 0.000000
vt 0.968750 0.000000
vt 0.968750 0.000000
vt 0.968750 0.000000
vt 0.968750 0.000000
vt 0.968750 0.000000
vt 0.968750 0.010546
vt 0.968750 0.040529
vt 0.968750 0.080507
vt 0.968750 0.140474
vt 0.968750 0.200441
vt 0.968750 0.260408
vt 0.968750 0.320375
vt 0.968750 0.380342
vt 0.968750 0.440309
vt 0.968750 0.500276
vt 0.968750 0.560243
vt 0.968750 0.620210
vt 0.968750 0.680176
vt 0.968750 0.740143
vt 0.968750 0.800110
vt 0.968750 0.840088
vt 0.968750 0.870072
vt 0.968750 0.895058
vt 0.968750 0.920044
vt 0.968750 0.940033
vt 0.968750 0.955025
vt 0.968750 0.970017
vt 0.968750 0.982010
vt 0.968750 0.992004
vt 0.968750 1.000000
vt 0.984375 0.000000
vt 0.984375 0.000000
vt 0.984375 0.000000
vt 0.984375 0.000000
vt 0.984375 0.000000
vt 0.984375 0.000000
vt 0.984375 0.000000
vt 0.984375 0.010546
vt 0.984375 0.040529
vt 0.984375 0.080507
vt 0.984375 0.140474
vt 0.984375 0.200441
vt 0.984375 0.260408
vt 0.984375 0.320375
vt 0.984375 0.380342
vt 0.984375 0.440309
vt 0.984375 0.500276
vt 0.984375 0.560243
vt 0.984375 0.620210
vt 0.984375 0.680176
vt 0.984375 0.740143
vt 0.984375 0.800110
vt 0.984375 0.840088
vt 0.984375 0.870072
vt 0.984375 0.895058
vt 0.984375 0.920044
vt 0.984375 0.940033
vt 0.984375 0.955025
vt 0.984375 0.970017
vt 0.984375 0.982010
vt 0.984375 0.992004
vt 0.984375 1.000000
vt 1.000000 0.000000
vt 1.000000 0.000000
vt 1.000000 0.000000
vt 1.000000 0.000000
vt 1.000000 0.000000
vt 1.000000 0.000000
vt 1.000000 0.000000
vt 1.000000 0.010546
vt 1.000000 0.040529
vt 1.000000 0.080507
vt 1.000000 0.140474
vt 1.000000 0.200441
vt 1.000000 0.260408
vt 1.000000 0.320375
vt 1.000000 0.380342
vt 1.000000 0.440309
vt 1.000000 0.500276
vt 1.000000 0.560243
vt 1.000000 0.620210
vt 1.000000 0.680176
vt 1.000000 0.740143
vt 1.000000 0.800110
vt 1.000000 0.840088
vt 1.000000 0.870072
vt 1.000000 0.895058
vt 1.000000 0.920044
vt 1.000000 0.940033
vt 1.000000 0.955025
vt 1.000000 0.970017
vt 1.000000 0.982010
vt 1.000000 0.992004
vt 1.000000 1.000000
vt 0.000000 0.000000
vt 0.000000 0.200000
vt 0.000000 0.300000
vt 0.000000 0.800000
vt 0.000000 0.950000
vt 0.007813 0.000000
vt 0.007813 0.200000
vt 0.007813 0.300000
vt 0.007813 0.800000
vt 0.007813 0.950000
vt 0.015625 0.000000
vt 0.015625 0.200000
vt 0.015625 0.300000
vt 0.015625 0.800000
vt 0.015625 0.950000
vt 0.023438 0.000000
vt 0.023438 0.200000
vt 0.023438 0.300000
vt 0.023438 0.800000
vt 0.023438 0.950000
vt 0.031250 0.000000
vt 0.031250 0.200000
vt 0.031250 0.300000
vt 0.031250 0.800000
vt 0.031250 0.950000
vt 0.039063 0.000000
vt 0.039063 0.200000
vt 0.039063 0.300000
vt 0.039063 0.800000
vt 0.039063 0.950000
vt 0.046875 0.000000
vt 0.046875 0.200000
vt 0.046875 0.300000
vt 0.046875 0.800000
vt 0.046875 0.950000
vt 0.054688 0.000000
vt 0.054688 0.200000
vt 0.054688 0.300000
vt 0.054688 0.800000
vt 0.054688 0.950000
vt 0.062500 0.000000
vt 0.062500 0.200000
vt 0.062500 0.300000
vt 0.062500 0.800000
vt 0.062500 0.950000
vt 0.070313 0.000000
vt 0.070313 0.200000
vt 0.070313 0.300000
vt 0.070313 0.800000
vt 0.070313 0.950000
vt 0.078125 0.000000
vt 0.078125 0.200000
vt 0.078125 0.300000
vt 0.078125 0.800000
vt 0.078125 0.950000
vt 0.085938 0.000000
vt 0.085938 0.200000
vt 0.085938 0.300000
vt 0.085938 0.800000
vt 0.085938 0.950000
vt 0.093750 0.000000
vt 0.093750 0.200000
vt 0.093750 0.300000
vt 0.093750 0.800000
vt 0.093750 0.950000
vt 0.101563 0.000000
vt 0.101563 0.200000
vt 0.101563 0.300000
vt 0.101563 0.800000
vt 0.101563 0.950000
vt 0.109375 0.000000
vt 0.109375 0.200000
vt 0.109375 0.300000
vt 0.109375 0.800000
vt 0.109375 0.950000
vt 0.117188 0.000000
vt 0.117188 0.200000
vt 0.117188 0.300000
vt 0.117188 0.800000
vt 0.117188 0.950000
vt 0.125000 0.000000
vt 0.125000 0.200000
vt 0.125000 0.300000
vt 0.125000 0.800000
vt 0.125000 0.950000
vt 0.132813 0.000000
vt 0.132813 0.200000
vt 0.132813 0.300000
vt 0.132813 0.800000
vt 0.132813 0.950000
vt 0.140625 0.000000
vt 0.140625 0.200000
vt 0.140625 0.300000
vt 0.140625 0.800000
vt 0.140625 0.950000
vt 0.148438 0.000000
vt 0.148438 0.200000
vt 0.148438 0.300000
vt 0.148438 0.800000
vt 0.148438 0.950000
vt 0.156250 0.000000
vt 0.156250 0.200000
vt 0.156250 0.300000
vt 0.156250 0.800000
vt 0.156250 0.950000
vt 0.164063 0.000000
vt 0.164063 0.200000
vt 0.164063 0.300000
vt 0.164063 0.800000
vt 0.164063 0.950000
vt 0.171875 0.000000
vt 0.171875 0.200000
vt 0.171875 0.300000
vt 0.171875 0.800000
vt 0.171875 0.950000
vt 0.179688 0.000000
vt 0.179688 0.200000
vt 0.179688 0.300000
vt 0.179688 0.800000
vt 0.179688 0.950000
vt 0.187500 0.000000
vt 0.187500 0.200000
vt 0.187500 0.300000
vt 0.187500 0.800000
vt 0.187500 0.950000
vt 0.195313 0.000000
vt 0.195313 0.200000
vt 0.195313 0.300000
vt 0.195313 0.800000
vt 0.195313 0.950000
vt 0.203125 0.000000
vt 0.203125 0.200000
vt 0.203125 0.300000
vt 0.203125 0.800000
vt 0.203125 0.950000
vt 0.210938 0.000000
vt 0.210938 0.200000
vt 0.210938 0.300000
vt 0.210938 0.800000
vt 0.210938 0.950000
vt 0.218750 0.000000
vt 0.218750 0.200000
vt 0.218750 0.300000
vt 0.218750 0.800000
vt 0.218750 0.950000
vt 0.226563 0.000000
vt 0.226563 0.200000
vt 0.226563 0.300000
vt 0.226563 0.800000
vt 0.226563 0.950000
vt 0.234375 0.000000
vt 0.234375 0.200000
vt 0.234375 0.300000
vt 0.234375 0.800000
vt 0.234375 0.950000
vt 0.242188 0.000000
vt 0.242188 0.200000
vt 0.242188 0.300000
vt 0.242188 0.800000
vt 0.242188 0.950000
vt 0.250000 0.000000
vt 0.250000 0.200000
vt 0.250000 0.300000
vt 0.250000 0.800000
vt 0.250000 0.950000
vt 0.257813 0.000000
vt 0.257813 0.200000
vt 0.257813 0.300000
vt 0.257813 0.800000
vt 0.257813 0.950000
vt 0.265625 0.000000
vt 0.265625 0.200000
vt 0.265625 0.300000
vt 0.265625 0.800000
vt 0.265625 0.950000
vt 0.273438 0.000000
vt 0.273438 0.200000
vt 0.273438 0.300000
vt 0.273438 0.800000
vt 0.273438 0.950000
vt 0.281250 0.000000
vt 0.281250 0.200000
vt 0.281250 0.300000
vt 0.281250 0.800000
vt 0.281250 0.950000
vt 0.289063 0.000000
vt 0.289063 0.200000
vt 0.289063 0.300000
vt 0.289063 0.800000
vt 0.289063 0.950000
vt 0.296875 0.000000
vt 0.296875 0.200000
vt 0.296875 0.300000
vt 0.296875 0.800000
vt 0.296875 0.950000
vt 0.304688 0.000000
vt 0.304688 0.200000
vt 0.304688 0.300000
vt 0.304688 0.800000
vt 0.304688 0.950000
vt 0.312500 0.000000
vt 0.312500 0.200000
vt 0.312500 0.300000
vt 0.312500 0.800000
vt 0.312500 0.950000
vt 0.320313 0.000000
vt 0.320313 0.200000
vt 0.320313 0.300000
vt 0.320313 0.800000
vt 0.320313 0.950000
vt 0.328125 0.000000
vt 0.328125 0.200000
vt 0.328125 0.300000
vt 0.328125 0.800000
vt 0.328125 0.950000
vt 0.335938 0.000000
vt 0.335938 0.200000
vt 0.335938 0.300000
vt 0.335938 0.800000
vt 0.335938 0.950000
vt 0.343750 0.000000
vt 0.343750 0.200000
vt 0.343750 0.300000
vt 0.343750 0.800000
vt 0.343750 0.950000
vt 0.351563 0.000000
vt 0.351563 0.200000
vt 0.351563 0.300000
vt 0.351563 0.800000
vt 0.351563 0.950000
vt 0.359375 0.000000
vt 0.359375 0.200000
vt 0.359375 0.300000
vt 0.359375 0.800000
vt 0.359375 0.950000
vt 0.367188 0.000000
vt 0.367188 0.200000
vt 0.367188 0.300000
vt 0.367188 0.800000
vt 0.367188 0.950000
vt 0.375000 0.000000
vt 0.375000 0.200000
vt 0.375000 0.300000
vt 0.375000 0.800000
vt 0.375000 0.950000
vt 0.382813 0.000000
vt 0.382813 0.200000
vt 0.382813 0.300000
vt 0.382813 0.800000
vt 0.382813 0.950000
vt 0.390625 0.000000
vt 0.390625 0.200000
vt 0.390625 0.300000
vt 0.390625 0.800000
vt 0.390625 0.950000
vt 0.398438 0.000000
vt 0.398438 0.200000
vt 0.398438 0.300000
vt 0.398438 0.800000
vt 0.398438 0.950000
vt 0.406250 0.000000
vt 0.406250 0.200000
vt 0.406250 0.300000
vt 0.406250 0.800000
vt 0.406250 0.950000
vt 0.414063 0.000000
vt 0.414063 0.200000
vt 0.414063 0.300000
vt 0.414063 0.800000
vt 0.414063 0.950000
vt 0.421875 0.000000
vt 0.421875 0.200000
vt 0.421875 0.300000
vt 0.421875 0.800000
vt 0.421875 0.950000
vt 0.429688 0.000000
vt 0.429688 0.200000
vt 0.429688 0.300000
vt 0.429688 0.800000
vt 0.429688 0.950000
vt 0.437500 0.000000
vt 0.437500 0.200000
vt 0.437500 0.300000
vt 0.437500 0.800000
vt 0.437500 0.950000
vt 0.445313 0.000000
vt 0.445313 0.200000
vt 0.445313 0.300000
vt 0.445313 0.800000
vt 0.445313 0.950000
vt 0.453125 0.000000
vt 0.453125 0.200000
vt 0.453125 0.300000
vt 0.453125 0.800000
vt 0.453125 0.950000
vt 0.460938 0.000000
vt 0.460938 0.200000
vt 0.460938 0.300000
vt 0.460938 0.800000
vt 0.460938 0.950000
vt 0.468750 0.000000
vt 0.468750 0.200000
vt 0.468750 0.300000
vt 0.468750 0.800000
vt 0.468750 0.950000
vt 0.476563 0.000000
vt 0.476563 0.200000
vt 0.476563 0.300000
vt 0.476563 0.800000
vt 0.476563 0.950000
vt 0.484375 0.000000
vt 0.484375 0.200000
vt 0.484375 0.300000
vt 0.484375 0.800000
vt 0.484375 0.950000
vt 0.492188 0.000000
vt 0.492188 0.200000
vt 0.492188 0.300000
vt 0.492188 0.800000
vt 0.492188 0.950000
vt 0.500000 0.000000
vt 0.500000 0.200000
vt 0.500000 0.300000
vt 0.500000 0.800000
vt 0.500000 0.950000
vt 0.507813 0.000000
vt 0.507813 0.200000
vt 0.507813 0.300000
vt 0.507813 0.800000
vt 0.507813 0.950000
vt 0.515625 0.000000
vt 0.515625 0.200000
vt 0.515625 0.300000
vt 0.515625 0.800000
vt 0.515625 0.950000
vt 0.523438 0.000000
vt 0.523438 0.200000
vt 0.523438 0.300000
vt 0.523438 0.800000
vt 0.523438 0.950000
vt 0.531250 0.000000
vt 0.531250 0.200000
vt 0.531250 0.300000
vt 0.531250 0.800000
vt 0.531250 0.950000
vt 0.539063 0.000000
vt 0.539063 0.200000
vt 0.539063 0.300000
vt 0.539063 0.800000
vt 0.539063 0.950000
vt 0.546875 0.000000
vt 0.546875 0.200000
vt 0.546875 0.300000
vt 0.546875 0.800000
vt 0.546875 0.950000
vt 0.554688 0.000000
vt 0.554688 0.200000
vt 0.554688 0.300000
vt 0.554688 0.800000
vt 0.554688 0.950000
vt 0.562500 0.000000
vt 0.562500 0.200000
vt 0.562500 0.300000
vt 0.562500 0.800000
vt 0.562500 0.950000
vt 0.570313 0.000000
vt 0.570313 0.200000
vt 0.570313 0.300000
vt 0.570313 0.800000
vt 0.570313 0.950000
vt 0.578125 0.000000
vt 0.578125 0.200000
vt 0.578125 0.300000
vt 0.578125 0.800000
vt 0.578125 0.950000
vt 0.585938 0.000000
vt 0.585938 0.200000
vt 0.585938 0.300000
vt 0.585938 0.800000
vt 0.585938 0.950000
vt 0.593750 0.000000
vt 0.593750 0.200000
vt 0.593750 0.300000
vt 0.593750 0.800000
vt 0.593750 0.950000
vt 0.601563 0.000000
vt 0.601563 0.200000
vt 0.601563 0.300000
vt 0.601563 0.800000
vt 0.601563 0.950000
vt 0.609375 0.000000
vt 0.609375 0.200000
vt 0.609375 0.300000
vt 0.609375 0.800000
vt 0.609375 0.950000
vt 0.617188 0.000000
vt 0.617188 0.200000
vt 0.617188 0.300000
vt 0.617188 0.800000
vt 0.617188 0.950000
vt 0.625000 0.000000
vt 0.625000 0.200000
vt 0.625000 0.300000
vt 0.625000 0.800000
vt 0.625000 0.950000
vt 0.632813 0.000000
vt 0.632813 0.200000
vt 0.632813 0.300000
vt 0.632813 0.800000
vt 0.632813 0.950000
vt 0.640625 0.000000
vt 0.640625 0.200000
vt 0.640625 0.300000
vt 0.640625 0.800000
vt 0.640625 0.950000
vt 0.648438 0.000000
vt 0.648438 0.200000
vt 0.648438 0.300000
vt 0.648438 0.800000
vt 0.648438 0.950000
vt 0.656250 0.000000
vt 0.656250 0.200000
vt 0.656250 0.300000
vt 0.656250 0.800000
vt 0.656250 0.950000
vt 0.664063 0.000000
vt 0.664063 0.200000
vt 0.664063 0.300000
vt 0.664063 0.800000
vt 0.664063 0.950000
vt 0.671875 0.000000
vt 0.671875 0.200000
vt 0.671875 0.300000
vt 0.671875 0.800000
vt 0.671875 0.950000
vt 0.679688 0.000000
vt 0.679688 0.200000
vt 0.679688 0.300000
vt 0.679688 0.800000
vt 0.679688 0.950000
vt 0.687500 0.000000
vt 0.687500 0.200000
vt 0.687500 0.300000
vt 0.687500 0.800000
vt 0.687500 0.950000
vt 0.695313 0.000000
vt 0.695313 0.200000
vt 0.695313 0.300000
vt 0.695313 0.800000
vt 0.695313 0.950000
vt 0.703125 0.000000
vt 0.703125 0.200000
vt 0.703125 0.300000
vt 0.703125 0.800000
vt 0.703125 0.950000
vt 0.710938 0.000000
vt 0.710938 0.200000
vt 0.710938 0.300000
vt 0.710938 0.800000
vt 0.710938 0.950000
vt 0.718750 0.000000
vt 0.718750 0.200000
vt 0.718750 0.300000
vt 0.718750 0.800000
vt 0.718750 0.950000
vt 0.726563 0.000000
vt 0.726563 0.200000
vt 0.726563 0.300000
vt 0.726563 0.800000
vt 0.726563 0.950000
vt 0.734375 0.000000
vt 0.734375 0.200000
vt 0.734375 0.300000
vt 0.734375 0.800000
vt 0.734375 0.950000
vt 0.742188 0.000000
vt 0.742188 0.200000
vt 0.742188 0.300000
vt 0.742188 0.800000
vt 0.742188 0.950000
vt 0.750000 0.000000
vt 0.750000 0.200000
vt 0.750000 0.300000
vt 0.750000 0.800000
vt 0.750000 0.950000
vt 0.757813 0.000000
vt 0.757813 0.200000
vt 0.757813 0.300000
vt 0.757813 0.800000
vt 0.757813 0.950000
vt 0.765625 0.000000
vt 0.765625 0.200000
vt 0.765625 0.300000
vt 0.765625 0.800000
vt 0.765625 0.950000
vt 0.773438 0.000000
vt 0.773438 0.200000
vt 0.773438 0.300000
vt 0.773438 0.800000
vt 0.773438 0.950000
vt 0.781250 0.000000
vt 0.781250 0.200000
vt 0.781250 0.300000
vt 0.781250 0.800000
vt 0.781250 0.950000
vt 0.789063 0.000000
vt 0.789063 0.200000
vt 0.789063 0.300000
vt 0.789063 0.800000
vt 0.789063 0.950000
vt 0.796875 0.000000
vt 0.796875 0.200000
vt 0.796875 0.300000
vt 0.796875 0.800000
vt 0.796875 0.950000
vt 0.804688 0.000000
vt 0.804688 0.200000
vt 0.804688 0.300000
vt 0.804688 0.800000
vt 0.804688 0.950000
vt 0.812500 0.000000
vt 0.812500 0.200000
vt 0.812500 0.300000
vt 0.812500 0.800000
vt 0.812500 0.950000
vt 0.820313 0.000000
vt 0.820313 0.200000
vt 0.820313 0.300000
vt 0.820313 0.800000
vt 0.820313 0.950000
vt 0.828125 0.000000
vt 0.828125 0.200000
vt 0.828125 0.300000
vt 0.828125 0.800000
vt 0.828125 0.950000
vt 0.835938 0.000000
vt 0.835938 0.200000
vt 0.835938 0.300000
vt 0.835938 0.800000
vt 0.835938 0.950000
vt 0.843750 0.000000
vt 0.843750 0.200000
vt 0.843750 0.300000
vt 0.843750 0.800000
vt 0.843750 0.950000
vt 0.851563 0.000000
vt 0.851563 0.200000
vt 0.851563 0.300000
vt 0.851563 0.800000
vt 0.851563 0.950000
vt 0.859375 0.000000
vt 0.859375 0.200000
vt 0.859375 0.300000
vt 0.859375 0.800000
vt 0.859375 0.950000
vt 0.867188 0.000000
vt 0.867188 0.200000
vt 0.867188 0.300000
vt 0.867188 0.800000
vt 0.867188 0.950000
vt 0.875000 0.000000
vt 0.875000 0.200000
vt 0.875000 0.300000
vt 0.875000 0.800000
vt 0.875000 0.950000
vt 0.882813 0.000000
vt 0.882813 0.200000
vt 0.882813 0.300000
vt 0.882813 0.800000
vt 0.882813 0.950000
vt 0.890625 0.000000
vt 0.890625 0.200000
vt 0.890625 0.300000
vt 0.890625 0.800000
vt 0.890625 0.950000
vt 0.898438 0.000000
vt 0.898438 0.200000
vt 0.898438 0.300000
vt 0.898438 0.800000
vt 0.898438 0.950000
vt 0.906250 0.000000
vt 0.906250 0.200000
vt 0.906250 0.300000
vt 0.906250 0.800000
vt 0.906250 0.950000
vt 0.914063 0.000000
vt 0.914063 0.200000
vt 0.914063 0.300000
vt 0.914063 0.800000
vt 0.914063 0.950000
vt 0.921875 0.000000
vt 0.921875 0.200000
vt 0.921875 0.300000
vt 0.921875 0.800000
vt 0.921875 0.950000
vt 0.929688 0.000000
vt 0.929688 0.200000
vt 0.929688 0.300000
vt 0.929688 0.800000
vt 0.929688 0.950000
vt 0.937500 0.000000
vt 0.937500 0.200000
vt 0.937500 0.300000
vt 0.937500 0.800000
vt 0.937500 0.950000
vt 0.945313 0.000000
vt 0.945313 0.200000
vt 0.945313 0.300000
vt 0.945313 0.800000
vt 0.945313 0.950000
vt 0.953125 0.000000
vt 0.953125 0.200000
vt 0.953125 0.300000
vt 0.953125 0.800000
vt 0.953125 0.950000
vt 0.960938 0.000000
vt 0.960938 0.200000
vt 0.960938 0.300000
vt 0.960938 0.800000
vt 0.960938 0.950000
vt 0.968750 0.000000
vt 0.968750 0.200000
vt 0.968750 0.300000
vt 0.968750 0.800000
vt 0.968750 0.950000
vt 0.976563 0.000000
vt 0.976563 0.200000
vt 0.976563 0.300000
vt 0.976563 0.800000
vt 0.976563 0.950000
vt 0.984375 0.000000
vt 0.984375 0.200000
vt 0.984375 0.300000
vt 0.984375 0.800000
vt 0.984375 0.950000
vt 0.992188 0.000000
vt 0.992188 0.200000
vt 0.992188 0.300000
vt 0.992188 0.800000
vt 0.992188 0.950000
vt 1.000000 0.000000
vt 1.000000 0.200000
vt 1.000000 0.300000
vt 1.000000 0.800000
vt 1.000000 0.950000
vt 0.500000 1.000000
vn -0.000000 0.997785 -0.066519
vn -0.000000 0.993126 -0.117047
vn -0.000000 0.986396 -0.164387
vn -0.000000 0.995265 -0.097197
vn 0.000000 0.242099 0.970252
vn 0.000000 0.231918 0.972735
vn 0.000000 0.116157 0.993231
vn 0.000000 0.022368 0.999750
vn 0.000000 -0.000197 1.000000
vn 0.000000 -0.008216 0.999966
vn 0.000000 -0.030913 0.999522
vn 0.000000 -0.001669 0.999999
vn 0.000000 0.008090 0.999967
vn 0.000000 -0.016762 0.999860
vn 0.000000 -0.004283 0.999991
vn 0.000000 0.011982 0.999928
vn 0.000000 0.012969 0.999916
vn 0.000000 0.002324 0.999997
vn 0.000000 -0.000467 1.000000
vn 0.000000 -0.047323 0.998880
vn 0.000000 -0.037244 0.999306
vn 0.000000 0.034997 0.999387
vn 0.000000 0.002841 0.999996
vn 0.000000 -0.122841 0.992426
vn 0.000000 -0.211253 0.977431
vn 0.000000 -0.353596 0.935398
vn 0.000000 -0.490477 0.871454
vn 0.000000 -0.286227 0.958162
vn 0.000000 -0.202242 0.979336
vn 0.000000 -0.478100 0.878305
vn 0.000000 -0.464972 0.885325
vn 0.000000 -0.666788 0.745247
vn 0.000000 -0.722056 0.691834
vn 0.000000 -0.591364 0.806405
vn 0.000000 -0.196116 0.980581
vn 0.000000 0.224860 0.974391
vn 0.000000 0.287348 0.957826
vn 0.000000 -0.351123 0.936329
vn 0.000000 -0.209529 0.977802
vn 0.000000 0.000000 1.000000
vn -0.006520 0.997785 -0.066199
vn -0.011473 0.993126 -0.116483
vn -0.016113 0.986396 -0.163595
vn -0.009527 0.995265 -0.096729
vn 0.095101 0.242099 0.965580
vn 0.095345 0.231918 0.968051
vn 0.097354 0.116157 0.988448
vn 0.097993 0.022368 0.994936
vn 0.098017 -0.000197 0.995185
vn 0.098014 -0.008216 0.995151
vn 0.097970 -0.030913 0.994709
vn 0.098017 -0.001669 0.995183
vn 0.098014 0.008090 0.995152
vn 0.098003 -0.016762 0.995045
vn 0.098016 -0.004283 0.995176
vn 0.098010 0.011982 0.995113
vn 0.098009 0.012969 0.995101
vn 0.098017 0.002324 0.995182
vn 0.098017 -0.000467 0.995185
vn 0.097907 -0.047323 0.994070
vn 0.097949 -0.037244 0.994494
vn 0.097957 0.034997 0.994575
vn 0.098017 0.002841 0.995181
vn 0.097275 -0.122841 0.987648
vn 0.095805 -0.211253 0.972725
vn 0.091685 -0.353596 0.930894
vn 0.085417 -0.490477 0.867258
vn 0.093916 -0.286227 0.953548
vn 0.095992 -0.202242 0.974620
vn 0.086089 -0.478100 0.874076
vn 0.086777 -0.464972 0.881062
vn 0.073047 -0.666788 0.741659
vn 0.067812 -0.722056 0.688503
vn 0.079042 -0.591364 0.802522
vn 0.096114 -0.196116 0.975859
vn 0.095507 0.224860 0.969699
vn 0.093883 0.287348 0.953214
vn 0.091776 -0.351123 0.931820
vn 0.095841 -0.209529 0.973094
vn 0.098017 0.000000 0.995185
vn -0.012977 0.997785 -0.065241
vn -0.022835 0.993126 -0.114798
vn -0.032070 0.986396 -0.161228
vn -0.018962 0.995265 -0.095329
vn 0.189287 0.242099 0.951608
vn 0.189771 0.231918 0.954045
vn 0.193770 0.116157 0.974146
vn 0.195042 0.022368 0.980540
vn 0.195090 -0.000197 0.980785
vn 0.195084 -0.008216 0.980752
vn 0.194997 -0.030913 0.980317
vn 0.195090 -0.001669 0.980784
vn 0.195084 0.008090 0.980753
vn 0.195063 -0.016762 0.980647
vn 0.195089 -0.004283 0.980776
vn 0.195076 0.011982 0.980715
vn 0.195074 0.012969 0.980703
vn 0.195090 0.002324 0.980783
vn 0.195090 -0.000467 0.980785
vn 0.194872 -0.047323 0.979686
vn 0.194955 -0.037244 0.980105
vn 0.194971 0.034997 0.980184
vn 0.195090 0.002841 0.980781
vn 0.193613 -0.122841 0.973357
vn 0.190687 -0.211253 0.958650
vn 0.182487 -0.353596 0.917425
vn 0.170012 -0.490477 0.854709
vn 0.186928 -0.286227 0.939751
vn 0.191059 -0.202242 0.960518
vn 0.171349 -0.478100 0.861429
vn 0.172718 -0.464972 0.868314
vn 0.145391 -0.666788 0.730928
vn 0.134970 -0.722056 0.678541
vn 0.157322 -0.591364 0.790910
vn 0.191302 -0.196116 0.961739
vn 0.190094 0.224860 0.955669
vn 0.186863 0.287348 0.939422
vn 0.182669 -0.351123 0.918338
vn 0.190760 -0.209529 0.959014
vn 0.195090 0.000000 0.980785
vn -0.019309 0.997785 -0.063655
vn -0.033977 0.993126 -0.112007
vn -0.047719 0.986396 -0.157308
vn -0.028215 0.995265 -0.093012
vn 0.281649 0.242099 0.928473
vn 0.282370 0.231918 0.930850
vn 0.288320 0.116157 0.950463
vn 0.290212 0.022368 0.956701
vn 0.290285 -0.000197 0.956940
vn 0.290275 -0.008216 0.956908
vn 0.290146 -0.030913 0.956483
vn 0.290284 -0.001669 0.956939
vn 0.290275 0.008090 0.956909
vn 0.290244 -0.016762 0.956806
vn 0.290282 -0.004283 0.956932
vn 0.290264 0.011982 0.956872
vn 0.290260 0.012969 0.956860
vn 0.290284 0.002324 0.956938
vn 0.290285 -0.000467 0.956940
vn 0.289959 -0.047323 0.955868
vn 0.290083 -0.037244 0.956276
vn 0.290107 0.034997 0.956354
vn 0.290284 0.002841 0.956936
vn 0.288086 -0.122841 0.949693
vn 0.283733 -0.211253 0.935343
vn 0.271532 -0.353596 0.895120
vn 0.252970 -0.490477 0.833929
vn 0.278140 -0.286227 0.916904
vn 0.284286 -0.202242 0.937166
vn 0.254959 -0.478100 0.840486
vn 0.256996 -0.464972 0.847204
vn 0.216334 -0.666788 0.713157
vn 0.200829 -0.722056 0.662044
vn 0.234087 -0.591364 0.771681
vn 0.284648 -0.196116 0.938357
vn 0.282851 0.224860 0.932434
vn 0.278042 0.287348 0.916583
vn 0.271802 -0.351123 0.896011
vn 0.283841 -0.209529 0.935699
vn 0.290285 0.000000 0.956940
vn -0.025456 0.997785 -0.061456
vn -0.044792 0.993126 -0.108137
vn -0.062908 0.986396 -0.151873
vn -0.037196 0.995265 -0.089798
vn 0.371299 0.242099 0.896396
vn 0.372250 0.231918 0.898690
vn 0.380093 0.116157 0.917626
vn 0.382588 0.022368 0.923648
vn 0.382683 -0.000197 0.923880
vn 0.382671 -0.008216 0.923848
vn 0.382501 -0.030913 0.923438
vn 0.382683 -0.001669 0.923878
vn 0.382671 0.008090 0.923849
vn 0.382630 -0.016762 0.923750
vn 0.382680 -0.004283 0.923871
vn 0.382656 0.011982 0.923813
vn 0.382651 0.012969 0.923802
vn 0.382682 0.002324 0.923877
vn 0.382683 -0.000467 0.923879
vn 0.382255 -0.047323 0.922844
vn 0.382418 -0.037244 0.923239
vn 0.382449 0.034997 0.923314
vn 0.382682 0.002841 0.923876
vn 0.379785 -0.122841 0.916882
vn 0.374047 -0.211253 0.903029
vn 0.357961 -0.353596 0.864195
vn 0.333491 -0.490477 0.805118
vn 0.366673 -0.286227 0.885226
vn 0.374775 -0.202242 0.904788
vn 0.336113 -0.478100 0.811448
vn 0.338799 -0.464972 0.817934
vn 0.285194 -0.666788 0.688519
vn 0.264754 -0.722056 0.639172
vn 0.308598 -0.591364 0.745021
vn 0.375252 -0.196116 0.905938
vn 0.372883 0.224860 0.900220
vn 0.366544 0.287348 0.884916
vn 0.358318 -0.351123 0.865055
vn 0.374189 -0.209529 0.903372
vn 0.382683 0.000000 0.923880
vn -0.031357 0.997785 -0.058665
vn -0.055176 0.993126 -0.103226
vn -0.077491 0.986396 -0.144976
vn -0.045818 0.995265 -0.085720
vn 0.457373 0.242099 0.855686
vn 0.458544 0.231918 0.857876
vn 0.468206 0.116157 0.875951
vn 0.471279 0.022368 0.881701
vn 0.471397 -0.000197 0.881921
vn 0.471381 -0.008216 0.881891
vn 0.471171 -0.030913 0.881500
vn 0.471396 -0.001669 0.881920
vn 0.471381 0.008090 0.881892
vn 0.471331 -0.016762 0.881797
vn 0.471392 -0.004283 0.881913
vn 0.471363 0.011982 0.881858
vn 0.471357 0.012969 0.881847
vn 0.471395 0.002324 0.881919
vn 0.471397 -0.000467 0.881921
vn 0.470869 -0.047323 0.880933
vn 0.471070 -0.037244 0.881309
vn 0.471108 0.034997 0.881381
vn 0.471395 0.002841 0.881918
vn 0.467827 -0.122841 0.875242
vn 0.460758 -0.211253 0.862018
vn 0.440944 -0.353596 0.824947
vn 0.410801 -0.490477 0.768554
vn 0.451674 -0.286227 0.845023
vn 0.461656 -0.202242 0.863697
vn 0.414030 -0.478100 0.774596
vn 0.417339 -0.464972 0.780787
vn 0.351307 -0.666788 0.657250
vn 0.326128 -0.722056 0.610143
vn 0.380137 -0.591364 0.711186
vn 0.462243 -0.196116 0.864795
vn 0.459325 0.224860 0.859336
vn 0.451516 0.287348 0.844727
vn 0.441383 -0.351123 0.825769
vn 0.460933 -0.209529 0.862345
vn 0.471397 0.000000 0.881921
vn -0.036956 0.997785 -0.055309
vn -0.065028 0.993126 -0.097321
vn -0.091328 0.986396 -0.136683
vn -0.054000 0.995265 -0.080816
vn 0.539043 0.242099 0.806735
vn 0.540423 0.231918 0.808800
vn 0.551809 0.116157 0.825841
vn 0.555431 0.022368 0.831262
vn 0.555570 -0.000197 0.831470
vn 0.555551 -0.008216 0.831442
vn 0.555305 -0.030913 0.831072
vn 0.555569 -0.001669 0.831468
vn 0.555552 0.008090 0.831442
vn 0.555492 -0.016762 0.831353
vn 0.555565 -0.004283 0.831462
vn 0.555530 0.011982 0.831410
vn 0.555524 0.012969 0.831400
vn 0.555569 0.002324 0.831467
vn 0.555570 -0.000467 0.831470
vn 0.554948 -0.047323 0.830538
vn 0.555185 -0.037244 0.830893
vn 0.555230 0.034997 0.830960
vn 0.555568 0.002841 0.831466
vn 0.551363 -0.122841 0.825172
vn 0.543032 -0.211253 0.812704
vn 0.519679 -0.353596 0.777755
vn 0.484154 -0.490477 0.724587
vn 0.532326 -0.286227 0.796683
vn 0.544090 -0.202242 0.814288
vn 0.487960 -0.478100 0.730284
vn 0.491860 -0.464972 0.736121
vn 0.414037 -0.666788 0.619651
vn 0.384363 -0.722056 0.575239
vn 0.448015 -0.591364 0.670501
vn 0.544781 -0.196116 0.815323
vn 0.541343 0.224860 0.810177
vn 0.532140 0.287348 0.796403
vn 0.520197 -0.351123 0.778529
vn 0.543238 -0.209529 0.813013
vn 0.555570 0.000000 0.831470
vn -0.042199 0.997785 -0.051420
vn -0.074254 0.993126 -0.090479
vn -0.104286 0.986396 -0.127073
vn -0.061661 0.995265 -0.075134
vn 0.615521 0.242099 0.750015
vn 0.617097 0.231918 0.751935
vn 0.630099 0.116157 0.767778
vn 0.634235 0.022368 0.772817
vn 0.634393 -0.000197 0.773010
vn 0.634372 -0.008216 0.772984
vn 0.634090 -0.030913 0.772641
vn 0.634392 -0.001669 0.773009
vn 0.634373 0.008090 0.772985
vn 0.634304 -0.016762 0.772902
vn 0.634387 -0.004283 0.773003
vn 0.634348 0.011982 0.772955
vn 0.634340 0.012969 0.772945
vn 0.634392 0.002324 0.773008
vn 0.634393 -0.000467 0.773010
vn 0.633683 -0.047323 0.772144
vn 0.633953 -0.037244 0.772474
vn 0.634005 0.034997 0.772537
vn 0.634391 0.002841 0.773007
vn 0.629589 -0.122841 0.767156
vn 0.620076 -0.211253 0.755565
vn 0.593410 -0.353596 0.723073
vn 0.552844 -0.490477 0.673643
vn 0.607852 -0.286227 0.740669
vn 0.621284 -0.202242 0.757037
vn 0.557191 -0.478100 0.678939
vn 0.561644 -0.464972 0.684366
vn 0.472780 -0.666788 0.576084
vn 0.438895 -0.722056 0.534795
vn 0.511578 -0.591364 0.623359
vn 0.622074 -0.196116 0.757999
vn 0.618147 0.224860 0.753215
vn 0.607639 0.287348 0.740410
vn 0.594001 -0.351123 0.723792
vn 0.620311 -0.209529 0.755851
vn 0.634393 0.000000 0.773010
vn -0.047036 0.997785 -0.047036
vn -0.082765 0.993126 -0.082765
vn -0.116239 0.986396 -0.116239
vn -0.068729 0.995265 -0.068729
vn 0.686071 0.242099 0.686071
vn 0.687828 0.231918 0.687828
vn 0.702320 0.116157 0.702320
vn 0.706930 0.022368 0.706930
vn 0.707107 -0.000197 0.707107
vn 0.707083 -0.008216 0.707083
vn 0.706769 -0.030913 0.706769
vn 0.707106 -0.001669 0.707106
vn 0.707084 0.008090 0.707084
vn 0.707007 -0.016762 0.707007
vn 0.707100 -0.004283 0.707100
vn 0.707056 0.011982 0.707056
vn 0.707047 0.012969 0.707047
vn 0.707105 0.002324 0.707105
vn 0.707107 -0.000467 0.707107
vn 0.706315 -0.047323 0.706315
vn 0.706616 -0.037244 0.706616
vn 0.706674 0.034997 0.706674
vn 0.707104 0.002841 0.707104
vn 0.701751 -0.122841 0.701751
vn 0.691148 -0.211253 0.691148
vn 0.661426 -0.353596 0.661426
vn 0.616211 -0.490477 0.616211
vn 0.677523 -0.286227 0.677523
vn 0.692495 -0.202242 0.692495
vn 0.621056 -0.478100 0.621056
vn 0.626020 -0.464972 0.626020
vn 0.526970 -0.666788 0.526970
vn 0.489201 -0.722056 0.489201
vn 0.570214 -0.591364 0.570214
vn 0.693375 -0.196116 0.693375
vn 0.688999 0.224860 0.688999
vn 0.677285 0.287348 0.677285
vn 0.662085 -0.351123 0.662085
vn 0.691411 -0.209529 0.691411
vn 0.707107 0.000000 0.707107
vn -0.051420 0.997785 -0.042199
vn -0.090479 0.993126 -0.074254
vn -0.127073 0.986396 -0.104286
vn -0.075134 0.995265 -0.061661
vn 0.750015 0.242099 0.615521
vn 0.751935 0.231918 0.617097
vn 0.767778 0.116157 0.630099
vn 0.772817 0.022368 0.634235
vn 0.773010 -0.000197 0.634393
vn 0.772984 -0.008216 0.634372
vn 0.772641 -0.030913 0.634090
vn 0.773009 -0.001669 0.634392
vn 0.772985 0.008090 0.634373
vn 0.772902 -0.016762 0.634304
vn 0.773003 -0.004283 0.634387
vn 0.772955 0.011982 0.634348
vn 0.772945 0.012969 0.634340
vn 0.773008 0.002324 0.634392
vn 0.773010 -0.000467 0.634393
vn 0.772144 -0.047323 0.633683
vn 0.772474 -0.037244 0.633953
vn 0.772537 0.034997 0.634005
vn 0.773007 0.002841 0.634391
vn 0.767156 -0.122841 0.629589
vn 0.755565 -0.211253 0.620076
vn 0.723073 -0.353596 0.593410
vn 0.673643 -0.490477 0.552844
vn 0.740669 -0.286227 0.607852
vn 0.757037 -0.202242 0.621284
vn 0.678939 -0.478100 0.557191
vn 0.684366 -0.464972 0.561644
vn 0.576084 -0.666788 0.472780
vn 0.534795 -0.722056 0.438895
vn 0.623359 -0.591364 0.511578
vn 0.757999 -0.196116 0.622074
vn 0.753215 0.224860 0.618147
vn 0.740410 0.287348 0.607639
vn 0.723792 -0.351123 0.594001
vn 0.755851 -0.209529 0.620311
vn 0.773010 0.000000 0.634393
vn -0.055309 0.997785 -0.036956
vn -0.097321 0.993126 -0.065028
vn -0.136683 0.986396 -0.091328
vn -0.080816 0.995265 -0.054000
vn 0.806735 0.242099 0.539043
vn 0.808800 0.231918 0.540423
vn 0.825841 0.116157 0.551809
vn 0.831262 0.022368 0.555431
vn 0.831470 -0.000197 0.555570
vn 0.831442 -0.008216 0.555551
vn 0.831072 -0.030913 0.555305
vn 0.831468 -0.001669 0.555569
vn 0.831442 0.008090 0.555552
vn 0.831353 -0.016762 0.555492
vn 0.831462 -0.004283 0.555565
vn 0.831410 0.011982 0.555530
vn 0.831400 0.012969 0.555524
vn 0.831467 0.002324 0.555569
vn 0.831470 -0.000467 0.555570
vn 0.830538 -0.047323 0.554948
vn 0.830893 -0.037244 0.555185
vn 0.830960 0.034997 0.555230
vn 0.831466 0.002841 0.555568
vn 0.825172 -0.122841 0.551363
vn 0.812704 -0.211253 0.543032
vn 0.777755 -0.353596 0.519679
vn 0.724587 -0.490477 0.484154
vn 0.796683 -0.286227 0.532326
vn 0.814288 -0.202242 0.544090
vn 0.730284 -0.478100 0.487960
vn 0.736121 -0.464972 0.491860
vn 0.619651 -0.666788 0.414037
vn 0.575239 -0.722056 0.384363
vn 0.670501 -0.591364 0.448015
vn 0.815323 -0.196116 0.544781
vn 0.810177 0.224860 0.541343
vn 0.796403 0.287348 0.532140
vn 0.778529 -0.351123 0.520197
vn 0.813013 -0.209529 0.543238
vn 0.831470 0.000000 0.555570
vn -0.058665 0.997785 -0.031357
vn -0.103226 0.993126 -0.055176
vn -0.144976 0.986396 -0.077491
vn -0.085720 0.995265 -0.045818
vn 0.855686 0.242099 0.457373
vn 0.857876 0.231918 0.458544
vn 0.875951 0.116157 0.468206
vn 0.881701 0.022368 0.471279
vn 0.881921 -0.000197 0.471397
vn 0.881891 -0.008216 0.471381
vn 0.881500 -0.030913 0.471171
vn 0.881920 -0.001669 0.471396
vn 0.881892 0.008090 0.471381
vn 0.881797 -0.016762 0.471331
vn 0.881913 -0.004283 0.471392
vn 0.881858 0.011982 0.471363
vn 0.881847 0.012969 0.471357
vn 0.881919 0.002324 0.471395
vn 0.881921 -0.000467 0.471397
vn 0.880933 -0.047323 0.470869
vn 0.881309 -0.037244 0.471070
vn 0.881381 0.034997 0.471108
vn 0.881918 0.002841 0.471395
vn 0.875242 -0.122841 0.467827
vn 0.862018 -0.211253 0.460758
vn 0.824947 -0.353596 0.440944
vn 0.768554 -0.490477 0.410801
vn 0.845023 -0.286227 0.451674
vn 0.863697 -0.202242 0.461656
vn 0.774596 -0.478100 0.414030
vn 0.780787 -0.464972 0.417339
vn 0.657250 -0.666788 0.351307
vn 0.610143 -0.722056 0.326128
vn 0.711186 -0.591364 0.380137
vn 0.864795 -0.196116 0.462243
vn 0.859336 0.224860 0.459325
vn 0.844727 0.287348 0.451516
vn 0.825769 -0.351123 0.441383
vn 0.862345 -0.209529 0.460933
vn 0.881921 0.000000 0.471397
vn -0.061456 0.997785 -0.025456
vn -0.108137 0.993126 -0.044792
vn -0.151873 0.986396 -0.062908
vn -0.089798 0.995265 -0.037196
vn 0.896396 0.242099 0.371299
vn 0.898690 0.231918 0.372250
vn 0.917626 0.116157 0.380093
vn 0.923648 0.022368 0.382588
vn 0.923880 -0.000197 0.382683
vn 0.923848 -0.008216 0.382671
vn 0.923438 -0.030913 0.382501
vn 0.923878 -0.001669 0.382683
vn 0.923849 0.008090 0.382671
vn 0.923750 -0.016762 0.382630
vn 0.923871 -0.004283 0.382680
vn 0.923813 0.011982 0.382656
vn 0.923802 0.012969 0.382651
vn 0.923877 0.002324 0.382682
vn 0.923879 -0.000467 0.382683
vn 0.922844 -0.047323 0.382255
vn 0.923239 -0.037244 0.382418
vn 0.923314 0.034997 0.382449
vn 0.923876 0.002841 0.382682
vn 0.916882 -0.122841 0.379785
vn 0.903029 -0.211253 0.374047
vn 0.864195 -0.353596 0.357961
vn 0.805118 -0.490477 0.333491
vn 0.885226 -0.286227 0.366673
vn 0.904788 -0.202242 0.374775
vn 0.811448 -0.478100 0.336113
vn 0.817934 -0.464972 0.338799
vn 0.688519 -0.666788 0.285194
vn 0.639172 -0.722056 0.264754
vn 0.745021 -0.591364 0.308598
vn 0.905938 -0.196116 0.375252
vn 0.900220 0.224860 0.372883
vn 0.884916 0.287348 0.366544
vn 0.865055 -0.351123 0.358318
vn 0.903372 -0.209529 0.374189
vn 0.923880 0.000000 0.382683
vn -0.063655 0.997785 -0.019309
vn -0.112007 0.993126 -0.033977
vn -0.157308 0.986396 -0.047719
vn -0.093012 0.995265 -0.028215
vn 0.928473 0.242099 0.281649
vn 0.930850 0.231918 0.282370
vn 0.950463 0.116157 0.288320
vn 0.956701 0.022368 0.290212
vn 0.956940 -0.000197 0.290285
vn 0.956908 -0.008216 0.290275
vn 0.956483 -0.030913 0.290146
vn 0.956939 -0.001669 0.290284
vn 0.956909 0.008090 0.290275
vn 0.956806 -0.016762 0.290244
vn 0.956932 -0.004283 0.290282
vn 0.956872 0.011982 0.290264
vn 0.956860 0.012969 0.290260
vn 0.956938 0.002324 0.290284
vn 0.956940 -0.000467 0.290285
vn 0.955868 -0.047323 0.289959
vn 0.956276 -0.037244 0.290083
vn 0.956354 0.034997 0.290107
vn 0.956936 0.002841 0.290284
vn 0.949693 -0.122841 0.288086
vn 0.935343 -0.211253 0.283733
vn 0.895120 -0.353596 0.271532
vn 0.833929 -0.490477 0.252970
vn 0.916904 -0.286227 0.278140
vn 0.937166 -0.202242 0.284286
vn 0.840486 -0.478100 0.254959
vn 0.847204 -0.464972 0.256996
vn 0.713157 -0.666788 0.216334
vn 0.662044 -0.722056 0.200829
vn 0.771681 -0.591364 0.234087
vn 0.938357 -0.196116 0.284648
vn 0.932434 0.224860 0.282851
vn 0.916583 0.287348 0.278042
vn 0.896011 -0.351123 0.271802
vn 0.935699 -0.209529 0.283841
vn 0.956940 0.000000 0.290285
vn -0.065241 0.997785 -0.012977
vn -0.114798 0.993126 -0.022835
vn -0.161228 0.986396 -0.032070
vn -0.095329 0.995265 -0.018962
vn 0.951608 0.242099 0.189287
vn 0.954045 0.231918 0.189771
vn 0.974146 0.116157 0.193770
vn 0.980540 0.022368 0.195042
vn 0.980785 -0.000197 0.195090
vn 0.980752 -0.008216 0.195084
vn 0.980317 -0.030913 0.194997
vn 0.980784 -0.001669 0.195090
vn 0.980753 0.008090 0.195084
vn 0.980647 -0.016762 0.195063
vn 0.980776 -0.004283 0.195089
vn 0.980715 0.011982 0.195076
vn 0.980703 0.012969 0.195074
vn 0.980783 0.002324 0.195090
vn 0.980785 -0.000467 0.195090
vn 0.979686 -0.047323 0.194872
vn 0.980105 -0.037244 0.194955
vn 0.980184 0.034997 0.194971
vn 0.980781 0.002841 0.195090
vn 0.973357 -0.122841 0.193613
vn 0.958650 -0.211253 0.190687
vn 0.917425 -0.353596 0.182487
vn 0.854709 -0.490477 0.170012
vn 0.939751 -0.286227 0.186928
vn 0.960518 -0.202242 0.191059
vn 0.861429 -0.478100 0.171349
vn 0.868314 -0.464972 0.172718
vn 0.730928 -0.666788 0.145391
vn 0.678541 -0.722056 0.134970
vn 0.790910 -0.591364 0.157322
vn 0.961739 -0.196116 0.191302
vn 0.955669 0.224860 0.190094
vn 0.939422 0.287348 0.186863
vn 0.918338 -0.351123 0.182669
vn 0.959014 -0.209529 0.190760
vn 0.980785 0.000000 0.195090
vn -0.066199 0.997785 -0.006520
vn -0.116483 0.993126 -0.011473
vn -0.163595 0.986396 -0.016113
vn -0.096729 0.995265 -0.009527
vn 0.965580 0.242099 0.095101
vn 0.968051 0.231918 0.095345
vn 0.988448 0.116157 0.097354
vn 0.994936 0.022368 0.097993
vn 0.995185 -0.000197 0.098017
vn 0.995151 -0.008216 0.098014
vn 0.994709 -0.030913 0.097970
vn 0.995183 -0.001669 0.098017
vn 0.995152 0.008090 0.098014
vn 0.995045 -0.016762 0.098003
vn 0.995176 -0.004283 0.098016
vn 0.995113 0.011982 0.098010
vn 0.995101 0.012969 0.098009
vn 0.995182 0.002324 0.098017
vn 0.995185 -0.000467 0.098017
vn 0.994070 -0.047323 0.097907
vn 0.994494 -0.037244 0.097949
vn 0.994575 0.034997 0.097957
vn 0.995181 0.002841 0.098017
vn 0.987648 -0.122841 0.097275
vn 0.972725 -0.211253 0.095805
vn 0.930894 -0.353596 0.091685
vn 0.867258 -0.490477 0.085417
vn 0.953548 -0.286227 0.093916
vn 0.974620 -0.202242 0.095992
vn 0.874076 -0.478100 0.086089
vn 0.881062 -0.464972 0.086777
vn 0.741659 -0.666788 0.073047
vn 0.688503 -0.722056 0.067812
vn 0.802522 -0.591364 0.079042
vn 0.975859 -0.196116 0.096114
vn 0.969699 0.224860 0.095507
vn 0.953214 0.287348 0.093883
vn 0.931820 -0.351123 0.091776
vn 0.973094 -0.209529 0.095841
vn 0.995185 0.000000 0.098017
vn -0.066519 0.997785 0.000000
vn -0.117047 0.993126 0.000000
vn -0.164387 0.986396 0.000000
vn -0.097197 0.995265 0.000000
vn 0.970252 0.242099 -0.000000
vn 0.972735 0.231918 -0.000000
vn 0.993231 0.116157 -0.000000
vn 0.999750 0.022368 -0.000000
vn 1.000000 -0.000197 -0.000000
vn 0.999966 -0.008216 -0.000000
vn 0.999522 -0.030913 -0.000000
vn 0.999999 -0.001669 -0.000000
vn 0.999967 0.008090 -0.000000
vn 0.999860 -0.016762 -0.000000
vn 0.999991 -0.004283 -0.000000
vn 0.999928 0.011982 -0.000000
vn 0.999916 0.012969 -0.000000
vn 0.999997 0.002324 -0.000000
vn 1.000000 -0.000467 -0.000000
vn 0.998880 -0.047323 -0.000000
vn 0.999306 -0.037244 -0.000000
vn 0.999387 0.034997 -0.000000
vn 0.999996 0.002841 -0.000000
vn 0.992426 -0.122841 -0.000000
vn 0.977431 -0.211253 -0.000000
vn 0.935398 -0.353596 -0.000000
vn 0.871454 -0.490477 -0.000000
vn 0.958162 -0.286227 -0.000000
vn 0.979336 -0.202242 -0.000000
vn 0.878305 -0.478100 -0.000000
vn 0.885325 -0.464972 -0.000000
vn 0.745247 -0.666788 -0.000000
vn 0.691834 -0.722056 -0.000000
vn 0.806405 -0.591364 -0.000000
vn 0.980581 -0.196116 -0.000000
vn 0.974391 0.224860 -0.000000
vn 0.957826 0.287348 -0.000000
vn 0.936329 -0.351123 -0.000000
vn 0.977802 -0.209529 -0.000000
vn 1.000000 0.000000 -0.000000
vn -0.066199 0.997785 0.006520
vn -0.116483 0.993126 0.011473
vn -0.163595 0.986396 0.016113
vn -0.096729 0.995265 0.009527
vn 0.965580 0.242099 -0.095101
vn 0.968051 0.231918 -0.095345
vn 0.988448 0.116157 -0.097354
vn 0.994936 0.022368 -0.097993
vn 0.995185 -0.000197 -0.098017
vn 0.995151 -0.008216 -0.098014
vn 0.994709 -0.030913 -0.097970
vn 0.995183 -0.001669 -0.098017
vn 0.995152 0.008090 -0.098014
vn 0.995045 -0.016762 -0.098003
vn 0.995176 -0.004283 -0.098016
vn 0.995113 0.011982 -0.098010
vn 0.995101 0.012969 -0.098009
vn 0.995182 0.002324 -0.098017
vn 0.995185 -0.000467 -0.098017
vn 0.994070 -0.047323 -0.097907
vn 0.994494 -0.037244 -0.097949
vn 0.994575 0.034997 -0.097957
vn 0.995181 0.002841 -0.098017
vn 0.987648 -0.122841 -0.097275
vn 0.972725 -0.211253 -0.095805
vn 0.930894 -0.353596 -0.091685
vn 0.867258 -0.490477 -0.085417
vn 0.953548 -0.286227 -0.093916
vn 0.974620 -0.202242 -0.095992
vn 0.874076 -0.478100 -0.086089
vn 0.881062 -0.464972 -0.086777
vn 0.741659 -0.666788 -0.073047
vn 0.688503 -0.722056 -0.067812
vn 0.802522 -0.591364 -0.079042
vn 0.975859 -0.196116 -0.096114
vn 0.969699 0.224860 -0.095507
vn 0.953214 0.287348 -0.093883
vn 0.931820 -0.351123 -0.091776
vn 0.973094 -0.209529 -0.095841
vn 0.995185 0.000000 -0.098017
vn -0.065241 0.997785 0.012977
vn -0.114798 0.993126 0.022835
vn -0.161228 0.986396 0.032070
vn -0.095329 0.995265 0.018962
vn 0.951608 0.242099 -0.189287
vn 0.954045 0.231918 -0.189771
vn 0.974146 0.116157 -0.193770
vn 0.980540 0.022368 -0.195042
vn 0.980785 -0.000197 -0.195090
vn 0.980752 -0.008216 -0.195084
vn 0.980317 -0.030913 -0.194997
vn 0.980784 -0.001669 -0.195090
vn 0.980753 0.008090 -0.195084
vn 0.980647 -0.016762 -0.195063
vn 0.980776 -0.004283 -0.195089
vn 0.980715 0.011982 -0.195076
vn 0.980703 0.012969 -0.195074
vn 0.980783 0.002324 -0.195090
vn 0.980785 -0.000467 -0.195090
vn 0.979686 -0.047323 -0.194872
vn 0.980105 -0.037244 -0.194955
vn 0.980184 0.034997 -0.194971
vn 0.980781 0.002841 -0.195090
vn 0.973357 -0.122841 -0.193613
vn 0.958650 -0.211253 -0.190687
vn 0.917425 -0.353596 -0.182487
vn 0.854709 -0.490477 -0.170012
vn 0.939751 -0.286227 -0.186928
vn 0.960518 -0.202242 -0.191059
vn 0.861429 -0.478100 -0.171349
vn 0.868314 -0.464972 -0.172718
vn 0.730928 -0.666788 -0.145391
vn 0.678541 -0.722056 -0.134970
vn 0.790910 -0.591364 -0.157322
vn 0.961739 -0.196116 -0.191302
vn 0.955669 0.224860 -0.190094
vn 0.939422 0.287348 -0.186863
vn 0.918338 -0.351123 -0.182669
vn 0.959014 -0.209529 -0.190760
vn 0.980785 0.000000 -0.195090
vn -0.063655 0.997785 0.019309
vn -0.112007 0.993126 0.033977
vn -0.157308 0.986396 0.047719
vn -0.093012 0.995265 0.028215
vn 0.928473 0.242099 -0.281649
vn 0.930850 0.231918 -0.282370
vn 0.950463 0.116157 -0.288320
vn 0.956701 0.022368 -0.290212
vn 0.956940 -0.000197 -0.290285
vn 0.956908 -0.008216 -0.290275
vn 0.956483 -0.030913 -0.290146
vn 0.956939 -0.001669 -0.290284
vn 0.956909 0.008090 -0.290275
vn 0.956806 -0.016762 -0.290244
vn 0.956932 -0.004283 -0.290282
vn 0.956872 0.011982 -0.290264
vn 0.956860 0.012969 -0.290260
vn 0.956938 0.002324 -0.290284
vn 0.956940 -0.000467 -0.290285
vn 0.955868 -0.047323 -0.289959
vn 0.956276 -0.037244 -0.290083
vn 0.956354 0.034997 -0.290107
vn 0.956936 0.002841 -0.290284
vn 0.949693 -0.122841 -0.288086
vn 0.935343 -0.211253 -0.283733
vn 0.895120 -0.353596 -0.271532
vn 0.833929 -0.490477 -0.252970
vn 0.916904 -0.286227 -0.278140
vn 0.937166 -0.202242 -0.284286
vn 0.840486 -0.478100 -0.254959
vn 0.847204 -0.464972 -0.256996
vn 0.713157 -0.666788 -0.216334
vn 0.662044 -0.722056 -0.200829
vn 0.771681 -0.591364 -0.234087
vn 0.938357 -0.196116 -0.284648
vn 0.932434 0.224860 -0.282851
vn 0.916583 0.287348 -0.278042
vn 0.896011 -0.351123 -0.271802
vn 0.935699 -0.209529 -0.283841
vn 0.956940 0.000000 -0.290285
vn -0.061456 0.997785 0.025456
vn -0.108137 0.993126 0.044792
vn -0.151873 0.986396 0.062908
vn -0.089798 0.995265 0.037196
vn 0.896396 0.242099 -0.371299
vn 0.898690 0.231918 -0.372250
vn 0.917626 0.116157 -0.380093
vn 0.923648 0.022368 -0.382588
vn 0.923880 -0.000197 -0.382683
vn 0.923848 -0.008216 -0.382671
vn 0.923438 -0.030913 -0.382501
vn 0.923878 -0.001669 -0.382683
vn 0.923849 0.008090 -0.382671
vn 0.923750 -0.016762 -0.382630
vn 0.923871 -0.004283 -0.382680
vn 0.923813 0.011982 -0.382656
vn 0.923802 0.012969 -0.382651
vn 0.923877 0.002324 -0.382682
vn 0.923879 -0.000467 -0.382683
vn 0.922844 -0.047323 -0.382255
vn 0.923239 -0.037244 -0.382418
vn 0.923314 0.034997 -0.382449
vn 0.923876 0.002841 -0.382682
vn 0.916882 -0.122841 -0.379785
vn 0.903029 -0.211253 -0.374047
vn 0.864195 -0.353596 -0.357961
vn 0.805118 -0.490477 -0.333491
vn 0.885226 -0.286227 -0.366673
vn 0.904788 -0.202242 -0.374775
vn 0.811448 -0.478100 -0.336113
vn 0.817934 -0.464972 -0.338799
vn 0.688519 -0.666788 -0.285194
vn 0.639172 -0.722056 -0.264754
vn 0.745021 -0.591364 -0.308598
vn 0.905938 -0.196116 -0.375252
vn 0.900220 0.224860 -0.372883
vn 0.884916 0.287348 -0.366544
vn 0.865055 -0.351123 -0.358318
vn 0.903372 -0.209529 -0.374189
vn 0.923880 0.000000 -0.382683
vn -0.058665 0.997785 0.031357
vn -0.103226 0.993126 0.055176
vn -0.144976 0.986396 0.077491
vn -0.085720 0.995265 0.045818
vn 0.855686 0.242099 -0.457373
vn 0.857876 0.231918 -0.458544
vn 0.875951 0.116157 -0.468206
vn 0.881701 0.022368 -0.471279
vn 0.881921 -0.000197 -0.471397
vn 0.881891 -0.008216 -0.471381
vn 0.881500 -0.030913 -0.471171
vn 0.881920 -0.001669 -0.471396
vn 0.881892 0.008090 -0.471381
vn 0.881797 -0.016762 -0.471331
vn 0.881913 -0.004283 -0.471392
vn 0.881858 0.011982 -0.471363
vn 0.881847 0.012969 -0.471357
vn 0.881919 0.002324 -0.471395
vn 0.881921 -0.000467 -0.471397
vn 0.880933 -0.047323 -0.470869
vn 0.881309 -0.037244 -0.471070
vn 0.881381 0.034997 -0.471108
vn 0.881918 0.002841 -0.471395
vn 0.875242 -0.122841 -0.467827
vn 0.862018 -0.211253 -0.460758
vn 0.824947 -0.353596 -0.440944
vn 0.768554 -0.490477 -0.410801
vn 0.845023 -0.286227 -0.451674
vn 0.863697 -0.202242 -0.461656
vn 0.774596 -0.478100 -0.414030
vn 0.780787 -0.464972 -0.417339
vn 0.657250 -0.666788 -0.351307
vn 0.610143 -0.722056 -0.326128
vn 0.711186 -0.591364 -0.380137
vn 0.864795 -0.196116 -0.462243
vn 0.859336 0.224860 -0.459325
vn 0.844727 0.287348 -0.451516
vn 0.825769 -0.351123 -0.441383
vn 0.862345 -0.209529 -0.460933
vn 0.881921 0.000000 -0.471397
vn -0.055309 0.997785 0.036956
vn -0.097321 0.993126 0.065028
vn -0.136683 0.986396 0.091328
vn -0.080816 0.995265 0.054000
vn 0.806735 0.242099 -0.539043
vn 0.808800 0.231918 -0.540423
vn 0.825841 0.116157 -0.551809
vn 0.831262 0.022368 -0.555431
vn 0.831470 -0.000197 -0.555570
vn 0.831442 -0.008216 -0.555551
vn 0.831072 -0.030913 -0.555305
vn 0.831468 -0.001669 -0.555569
vn 0.831442 0.008090 -0.555552
vn 0.831353 -0.016762 -0.555492
vn 0.831462 -0.004283 -0.555565
vn 0.831410 0.011982 -0.555530
vn 0.831400 0.012969 -0.555524
vn 0.831467 0.002324 -0.555569
vn 0.831470 -0.000467 -0.555570
vn 0.830538 -0.047323 -0.554948
vn 0.830893 -0.037244 -0.555185
vn 0.830960 0.034997 -0.555230
vn 0.831466 0.002841 -0.555568
vn 0.825172 -0.122841 -0.551363
vn 0.812704 -0.211253 -0.543032
vn 0.777755 -0.353596 -0.519679
vn 0.724587 -0.490477 -0.484154
vn 0.796683 -0.286227 -0.532326
vn 0.814288 -0.202242 -0.544090
vn 0.730284 -0.478100 -0.487960
vn 0.736121 -0.464972 -0.491860
vn 0.619651 -0.666788 -0.414037
vn 0.575239 -0.722056 -0.384363
vn 0.670501 -0.591364 -0.448015
vn 0.815323 -0.196116 -0.544781
vn 0.810177 0.224860 -0.541343
vn 0.796403 0.287348 -0.532140
vn 0.778529 -0.351123 -0.520197
vn 0.813013 -0.209529 -0.543238
vn 0.831470 0.000000 -0.555570
vn -0.051420 0.997785 0.042199
vn -0.090479 0.993126 0.074254
vn -0.127073 0.986396 0.104286
vn -0.075134 0.995265 0.061661
vn 0.750015 0.242099 -0.615521
vn 0.751935 0.231918 -0.617097
vn 0.767778 0.116157 -0.630099
vn 0.772817 0.022368 -0.634235
vn 0.773010 -0.000197 -0.634393
vn 0.772984 -0.008216 -0.634372
vn 0.772641 -0.030913 -0.634090
vn 0.773009 -0.001669 -0.634392
vn 0.772985 0.008090 -0.634373
vn 0.772902 -0.016762 -0.634304
vn 0.773003 -0.004283 -0.634387
vn 0.772955 0.011982 -0.634348
vn 0.772945 0.012969 -0.634340
vn 0.773008 0.002324 -0.634392
vn 0.773010 -0.000467 -0.634393
vn 0.772144 -0.047323 -0.633683
vn 0.772474 -0.037244 -0.633953
vn 0.772537 0.034997 -0.634005
vn 0.773007 0.002841 -0.634391
vn 0.767156 -0.122841 -0.629589
vn 0.755565 -0.211253 -0.620076
vn 0.723073 -0.353596 -0.593410
vn 0.673643 -0.490477 -0.552844
vn 0.740669 -0.286227 -0.607852
vn 0.757037 -0.202242 -0.621284
vn 0.678939 -0.478100 -0.557191
vn 0.684366 -0.464972 -0.561644
vn 0.576084 -0.666788 -0.472780
vn 0.534795 -0.722056 -0.438895
vn 0.623359 -0.591364 -0.511578
vn 0.757999 -0.196116 -0.622074
vn 0.753215 0.224860 -0.618147
vn 0.740410 0.287348 -0.607639
vn 0.723792 -0.351123 -0.594001
vn 0.755851 -0.209529 -0.620311
vn 0.773010 0.000000 -0.634393
vn -0.047036 0.997785 0.047036
vn -0.082765 0.993126 0.082765
vn -0.116239 0.986396 0.116239
vn -0.068729 0.995265 0.068729
vn 0.686071 0.242099 -0.686071
vn 0.687828 0.231918 -0.687828
vn 0.702320 0.116157 -0.702320
vn 0.706930 0.022368 -0.706930
vn 0.707107 -0.000197 -0.707107
vn 0.707083 -0.008216 -0.707083
vn 0.706769 -0.030913 -0.706769
vn 0.707106 -0.001669 -0.707106
vn 0.707084 0.008090 -0.707084
vn 0.707007 -0.016762 -0.707007
vn 0.707100 -0.004283 -0.707100
vn 0.707056 0.011982 -0.707056
vn 0.707047 0.012969 -0.707047
vn 0.707105 0.002324 -0.707105
vn 0.707107 -0.000467 -0.707107
vn 0.706315 -0.047323 -0.706315
vn 0.706616 -0.037244 -0.706616
vn 0.706674 0.034997 -0.706674
vn 0.707104 0.002841 -0.707104
vn 0.701751 -0.122841 -0.701751
vn 0.691148 -0.211253 -0.691148
vn 0.661426 -0.353596 -0.661426
vn 0.616211 -0.490477 -0.616211
vn 0.677523 -0.286227 -0.677523
vn 0.692495 -0.202242 -0.692495
vn 0.621056 -0.478100 -0.621056
vn 0.626020 -0.464972 -0.626020
vn 0.526970 -0.666788 -0.526970
vn 0.489201 -0.722056 -0.489201
vn 0.570214 -0.591364 -0.570214
vn 0.693375 -0.196116 -0.693375
vn 0.688999 0.224860 -0.688999
vn 0.677285 0.287348 -0.677285
vn 0.662085 -0.351123 -0.662085
vn 0.691411 -0.209529 -0.691411
vn 0.707107 0.000000 -0.707107
vn -0.042199 0.997785 0.051420
vn -0.074254 0.993126 0.090479
vn -0.104286 0.986396 0.127073
vn -0.061661 0.995265 0.075134
vn 0.615521 0.242099 -0.750015
vn 0.617097 0.231918 -0.751935
vn 0.630099 0.116157 -0.767778
vn 0.634235 0.022368 -0.772817
vn 0.634393 -0.000197 -0.773010
vn 0.634372 -0.008216 -0.772984
vn 0.634090 -0.030913 -0.772641
vn 0.634392 -0.001669 -0.773009
vn 0.634373 0.008090 -0.772985
vn 0.634304 -0.016762 -0.772902
vn 0.634387 -0.004283 -0.773003
vn 0.634348 0.011982 -0.772955
vn 0.634340 0.012969 -0.772945
vn 0.634392 0.002324 -0.773008
vn 0.634393 -0.000467 -0.773010
vn 0.633683 -0.047323 -0.772144
vn 0.633953 -0.037244 -0.772474
vn 0.634005 0.034997 -0.772537
vn 0.634391 0.002841 -0.773007
vn 0.629589 -0.122841 -0.767156
vn 0.620076 -0.211253 -0.755565
vn 0.593410 -0.353596 -0.723073
vn 0.552844 -0.490477 -0.673643
vn 0.607852 -0.286227 -0.740669
vn 0.621284 -0.202242 -0.757037
vn 0.557191 -0.478100 -0.678939
vn 0.561644 -0.464972 -0.684366
vn 0.472780 -0.666788 -0.576084
vn 0.438895 -0.722056 -0.534795
vn 0.511578 -0.591364 -0.623359
vn 0.622074 -0.196116 -0.757999
vn 0.618147 0.224860 -0.753215
vn 0.607639 0.287348 -0.740410
vn 0.594001 -0.351123 -0.723792
vn 0.620311 -0.209529 -0.755851
vn 0.634393 0.000000 -0.773010
vn -0.036956 0.997785 0.055309
vn -0.065028 0.993126 0.097321
vn -0.091328 0.986396 0.136683
vn -0.054000 0.995265 0.080816
vn 0.539043 0.242099 -0.806735
vn 0.540423 0.231918 -0.808800
vn 0.551809 0.116157 -0.825841
vn 0.555431 0.022368 -0.831262
vn 0.555570 -0.000197 -0.831470
vn 0.555551 -0.008216 -0.831442
vn 0.555305 -0.030913 -0.831072
vn 0.555569 -0.001669 -0.831468
vn 0.555552 0.008090 -0.831442
vn 0.555492 -0.016762 -0.831353
vn 0.555565 -0.004283 -0.831462
vn 0.555530 0.011982 -0.831410
vn 0.555524 0.012969 -0.831400
vn 0.555569 0.002324 -0.831467
vn 0.555570 -0.000467 -0.831470
vn 0.554948 -0.047323 -0.830538
vn 0.555185 -0.037244 -0.830893
vn 0.555230 0.034997 -0.830960
vn 0.555568 0.002841 -0.831466
vn 0.551363 -0.122841 -0.825172
vn 0.543032 -0.211253 -0.812704
vn 0.519679 -0.353596 -0.777755
vn 0.484154 -0.490477 -0.724587
vn 0.532326 -0.286227 -0.796683
vn 0.544090 -0.202242 -0.814288
vn 0.487960 -0.478100 -0.730284
vn 0.491860 -0.464972 -0.736121
vn 0.414037 -0.666788 -0.619651
vn 0.384363 -0.722056 -0.575239
vn 0.448015 -0.591364 -0.670501
vn 0.544781 -0.196116 -0.815323
vn 0.541343 0.224860 -0.810177
vn 0.532140 0.287348 -0.796403
vn 0.520197 -0.351123 -0.778529
vn 0.543238 -0.209529 -0.813013
vn 0.555570 0.000000 -0.831470
vn -0.031357 0.997785 0.058665
vn -0.055176 0.993126 0.103226
vn -0.077491 0.986396 0.144976
vn -0.045818 0.995265 0.085720
vn 0.457373 0.242099 -0.855686
vn 0.458544 0.231918 -0.857876
vn 0.468206 0.116157 -0.875951
vn 0.471279 0.022368 -0.881701
vn 0.471397 -0.000197 -0.881921
vn 0.471381 -0.008216 -0.881891
vn 0.471171 -0.030913 -0.881500
vn 0.471396 -0.001669 -0.881920
vn 0.471381 0.008090 -0.881892
vn 0.471331 -0.016762 -0.881797
vn 0.471392 -0.004283 -0.881913
vn 0.471363 0.011982 -0.881858
vn 0.471357 0.012969 -0.881847
vn 0.471395 0.002324 -0.881919
vn 0.471397 -0.000467 -0.881921
vn 0.470869 -0.047323 -0.880933
vn 0.471070 -0.037244 -0.881309
vn 0.471108 0.034997 -0.881381
vn 0.471395 0.002841 -0.881918
vn 0.467827 -0.122841 -0.875242
vn 0.460758 -0.211253 -0.862018
vn 0.440944 -0.353596 -0.824947
vn 0.410801 -0.490477 -0.768554
vn 0.451674 -0.286227 -0.845023
vn 0.461656 -0.202242 -0.863697
vn 0.414030 -0.478100 -0.774596
vn 0.417339 -0.464972 -0.780787
vn 0.351307 -0.666788 -0.657250
vn 0.326128 -0.722056 -0.610143
vn 0.380137 -0.591364 -0.711186
vn 0.462243 -0.196116 -0.864795
vn 0.459325 0.224860 -0.859336
vn 0.451516 0.287348 -0.844727
vn 0.441383 -0.351123 -0.825769
vn 0.460933 -0.209529 -0.862345
vn 0.471397 0.000000 -0.881921
vn -0.025456 0.997785 0.061456
vn -0.044792 0.993126 0.108137
vn -0.062908 0.986396 0.151873
vn -0.037196 0.995265 0.089798
vn 0.371299 0.242099 -0.896396
vn 0.372250 0.231918 -0.898690
vn 0.380093 0.116157 -0.917626
vn 0.382588 0.022368 -0.923648
vn 0.382683 -0.000197 -0.923880
vn 0.382671 -0.008216 -0.923848
vn 0.382501 -0.030913 -0.923438
vn 0.382683 -0.001669 -0.923878
vn 0.382671 0.008090 -0.923849
vn 0.382630 -0.016762 -0.923750
vn 0.382680 -0.004283 -0.923871
vn 0.382656 0.011982 -0.923813
vn 0.382651 0.012969 -0.923802
vn 0.382682 0.002324 -0.923877
vn 0.382683 -0.000467 -0.923879
vn 0.382255 -0.047323 -0.922844
vn 0.382418 -0.037244 -0.923239
vn 0.382449 0.034997 -0.923314
vn 0.382682 0.002841 -0.923876
vn 0.379785 -0.122841 -0.916882
vn 0.374047 -0.211253 -0.903029
vn 0.357961 -0.353596 -0.864195
vn 0.333491 -0.490477 -0.805118
vn 0.366673 -0.286227 -0.885226
vn 0.374775 -0.202242 -0.904788
vn 0.336113 -0.478100 -0.811448
vn 0.338799 -0.464972 -0.817934
vn 0.285194 -0.666788 -0.688519
vn 0.264754 -0.722056 -0.639172
vn 0.308598 -0.591364 -0.745021
vn 0.375252 -0.196116 -0.905938
vn 0.372883 0.224860 -0.900220
vn 0.366544 0.287348 -0.884916
vn 0.358318 -0.351123 -0.865055
vn 0.374189 -0.209529 -0.903372
vn 0.382683 0.000000 -0.923880
vn -0.019309 0.997785 0.063655
vn -0.033977 0.993126 0.112007
vn -0.047719 0.986396 0.157308
vn -0.028215 0.995265 0.093012
vn 0.281649 0.242099 -0.928473
vn 0.282370 0.231918 -0.930850
vn 0.288320 0.116157 -0.950463
vn 0.290212 0.022368 -0.956701
vn 0.290285 -0.000197 -0.956940
vn 0.290275 -0.008216 -0.956908
vn 0.290146 -0.030913 -0.956483
vn 0.290284 -0.001669 -0.956939
vn 0.290275 0.008090 -0.956909
vn 0.290244 -0.016762 -0.956806
vn 0.290282 -0.004283 -0.956932
vn 0.290264 0.011982 -0.956872
vn 0.290260 0.012969 -0.956860
vn 0.290284 0.002324 -0.956938
vn 0.290285 -0.000467 -0.956940
vn 0.289959 -0.047323 -0.955868
vn 0.290083 -0.037244 -0.956276
vn 0.290107 0.034997 -0.956354
vn 0.290284 0.002841 -0.956936
vn 0.288086 -0.122841 -0.949693
vn 0.283733 -0.211253 -0.935343
vn 0.271532 -0.353596 -0.895120
vn 0.252970 -0.490477 -0.833929
vn 0.278140 -0.286227 -0.916904
vn 0.284286 -0.202242 -0.937166
vn 0.254959 -0.478100 -0.840486
vn 0.256996 -0.464972 -0.847204
vn 0.216334 -0.666788 -0.713157
vn 0.200829 -0.722056 -0.662044
vn 0.234087 -0.591364 -0.771681
vn 0.284648 -0.196116 -0.938357
vn 0.282851 0.224860 -0.932434
vn 0.278042 0.287348 -0.916583
vn 0.271802 -0.351123 -0.896011
vn 0.283841 -0.209529 -0.935699
vn 0.290285 0.000000 -0.956940
vn -0.012977 0.997785 0.065241
vn -0.022835 0.993126 0.114798
vn -0.032070 0.986396 0.161228
vn -0.018962 0.995265 0.095329
vn 0.189287 0.242099 -0.951608
vn 0.189771 0.231918 -0.954045
vn 0.193770 0.116157 -0.974146
vn 0.195042 0.022368 -0.980540
vn 0.195090 -0.000197 -0.980785
vn 0.195084 -0.008216 -0.980752
vn 0.194997 -0.030913 -0.980317
vn 0.195090 -0.001669 -0.980784
vn 0.195084 0.008090 -0.980753
vn 0.195063 -0.016762 -0.980647
vn 0.195089 -0.004283 -0.980776
vn 0.195076 0.011982 -0.980715
vn 0.195074 0.012969 -0.980703
vn 0.195090 0.002324 -0.980783
vn 0.195090 -0.000467 -0.980785
vn 0.194872 -0.047323 -0.979686
vn 0.194955 -0.037244 -0.980105
vn 0.194971 0.034997 -0.980184
vn 0.195090 0.002841 -0.980781
vn 0.193613 -0.122841 -0.973357
vn 0.190687 -0.211253 -0.958650
vn 0.182487 -0.353596 -0.917425
vn 0.170012 -0.490477 -0.854709
vn 0.186928 -0.286227 -0.939751
vn 0.191059 -0.202242 -0.960518
vn 0.171349 -0.478100 -0.861429
vn 0.172718 -0.464972 -0.868314
vn 0.145391 -0.666788 -0.730928
vn 0.134970 -0.722056 -0.678541
vn 0.157322 -0.591364 -0.790910
vn 0.191302 -0.196116 -0.961739
vn 0.190094 0.224860 -0.955669
vn 0.186863 0.287348 -0.939422
vn 0.182669 -0.351123 -0.918338
vn 0.190760 -0.209529 -0.959014
vn 0.195090 0.000000 -0.980785
vn -0.006520 0.997785 0.066199
vn -0.011473 0.993126 0.116483
vn -0.016113 0.986396 0.163595
vn -0.009527 0.995265 0.096729
vn 0.095101 0.242099 -0.965580
vn 0.095345 0.231918 -0.968051
vn 0.097354 0.116157 -0.988448
vn 0.097993 0.022368 -0.994936
vn 0.098017 -0.000197 -0.995185
vn 0.098014 -0.008216 -0.995151
vn 0.097970 -0.030913 -0.994709
vn 0.098017 -0.001669 -0.995183
vn 0.098014 0.008090 -0.995152
vn 0.098003 -0.016762 -0.995045
vn 0.098016 -0.004283 -0.995176
vn 0.098010 0.011982 -0.995113
vn 0.098009 0.012969 -0.995101
vn 0.098017 0.002324 -0.995182
vn 0.098017 -0.000467 -0.995185
vn 0.097907 -0.047323 -0.994070
vn 0.097949 -0.037244 -0.994494
vn 0.097957 0.034997 -0.994575
vn 0.098017 0.002841 -0.995181
vn 0.097275 -0.122841 -0.987648
vn 0.095805 -0.211253 -0.972725
vn 0.091685 -0.353596 -0.930894
vn 0.085417 -0.490477 -0.867258
vn 0.093916 -0.286227 -0.953548
vn 0.095992 -0.202242 -0.974620
vn 0.086089 -0.478100 -0.874076
vn 0.086777 -0.464972 -0.881062
vn 0.073047 -0.666788 -0.741659
vn 0.067812 -0.722056 -0.688503
vn 0.079042 -0.591364 -0.802522
vn 0.096114 -0.196116 -0.975859
vn 0.095507 0.224860 -0.969699
vn 0.093883 0.287348 -0.953214
vn 0.091776 -0.351123 -0.931820
vn 0.095841 -0.209529 -0.973094
vn 0.098017 0.000000 -0.995185
vn 0.000000 0.997785 0.066519
vn 0.000000 0.993126 0.117047
vn 0.000000 0.986396 0.164387
vn 0.000000 0.995265 0.097197
vn 0.000000 0.242099 -0.970252
vn 0.000000 0.231918 -0.972735
vn 0.000000 0.116157 -0.993231
vn 0.000000 0.022368 -0.999750
vn 0.000000 -0.000197 -1.000000
vn 0.000000 -0.008216 -0.999966
vn 0.000000 -0.030913 -0.999522
vn 0.000000 -0.001669 -0.999999
vn 0.000000 0.008090 -0.999967
vn 0.000000 -0.016762 -0.999860
vn 0.000000 -0.004283 -0.999991
vn 0.000000 0.011982 -0.999928
vn 0.000000 0.012969 -0.999916
vn 0.000000 0.002324 -0.999997
vn 0.000000 -0.000467 -1.000000
vn 0.000000 -0.047323 -0.998880
vn 0.000000 -0.037244 -0.999306
vn 0.000000 0.034997 -0.999387
vn 0.000000 0.002841 -0.999996
vn 0.000000 -0.122841 -0.992426
vn 0.000000 -0.211253 -0.977431
vn 0.000000 -0.353596 -0.935398
vn 0.000000 -0.490477 -0.871454
vn 0.000000 -0.286227 -0.958162
vn 0.000000 -0.202242 -0.979336
vn 0.000000 -0.478100 -0.878305
vn 0.000000 -0.464972 -0.885325
vn 0.000000 -0.666788 -0.745247
vn 0.000000 -0.722056 -0.691834
vn 0.000000 -0.591364 -0.806405
vn 0.000000 -0.196116 -0.980581
vn 0.000000 0.224860 -0.974391
vn 0.000000 0.287348 -0.957826
vn 0.000000 -0.351123 -0.936329
vn 0.000000 -0.209529 -0.977802
vn 0.000000 0.000000 -1.000000
vn 0.006520 0.997785 0.066199
vn 0.011473 0.993126 0.116483
vn 0.016113 0.986396 0.163595
vn 0.009527 0.995265 0.096729
vn -0.095101 0.242099 -0.965580
vn -0.095345 0.231918 -0.968051
vn -0.097354 0.116157 -0.988448
vn -0.097993 0.022368 -0.994936
vn -0.098017 -0.000197 -0.995185
vn -0.098014 -0.008216 -0.995151
vn -0.097970 -0.030913 -0.994709
vn -0.098017 -0.001669 -0.995183
vn -0.098014 0.008090 -0.995152
vn -0.098003 -0.016762 -0.995045
vn -0.098016 -0.004283 -0.995176
vn -0.098010 0.011982 -0.995113
vn -0.098009 0.012969 -0.995101
vn -0.098017 0.002324 -0.995182
vn -0.098017 -0.000467 -0.995185
vn -0.097907 -0.047323 -0.994070
vn -0.097949 -0.037244 -0.994494
vn -0.097957 0.034997 -0.994575
vn -0.098017 0.002841 -0.995181
vn -0.097275 -0.122841 -0.987648
vn -0.095805 -0.211253 -0.972725
vn -0.091685 -0.353596 -0.930894
vn -0.085417 -0.490477 -0.867258
vn -0.093916 -0.286227 -0.953548
vn -0.095992 -0.202242 -0.974620
vn -0.086089 -0.478100 -0.874076
vn -0.086777 -0.464972 -0.881062
vn -0.073047 -0.666788 -0.741659
vn -0.067812 -0.722056 -0.688503
vn -0.079042 -0.591364 -0.802522
vn -0.096114 -0.196116 -0.975859
vn -0.095507 0.224860 -0.969699
vn -0.093883 0.287348 -0.953214
vn -0.091776 -0.351123 -0.931820
vn -0.095841 -0.209529 -0.973094
vn -0.098017 0.000000 -0.995185
vn 0.012977 0.997785 0.065241
vn 0.022835 0.993126 0.114798
vn 0.032070 0.986396 0.161228
vn 0.018962 0.995265 0.095329
vn -0.189287 0.242099 -0.951608
vn -0.189771 0.231918 -0.954045
vn -0.193770 0.116157 -0.974146
vn -0.195042 0.022368 -0.980540
vn -0.195090 -0.000197 -0.980785
vn -0.195084 -0.008216 -0.980752
vn -0.194997 -0.030913 -0.980317
vn -0.195090 -0.001669 -0.980784
vn -0.195084 0.008090 -0.980753
vn -0.195063 -0.016762 -0.980647
vn -0.195089 -0.004283 -0.980776
vn -0.195076 0.011982 -0.980715
vn -0.195074 0.012969 -0.980703
vn -0.195090 0.002324 -0.980783
vn -0.195090 -0.000467 -0.980785
vn -0.194872 -0.047323 -0.979686
vn -0.194955 -0.037244 -0.980105
vn -0.194971 0.034997 -0.980184
vn -0.195090 0.002841 -0.980781
vn -0.193613 -0.122841 -0.973357
vn -0.190687 -0.211253 -0.958650
vn -0.182487 -0.353596 -0.917425
vn -0.170012 -0.490477 -0.854709
vn -0.186928 -0.286227 -0.939751
vn -0.191059 -0.202242 -0.960518
vn -0.171349 -0.478100 -0.861429
vn -0.172718 -0.464972 -0.868314
vn -0.145391 -0.666788 -0.730928
vn -0.134970 -0.722056 -0.678541
vn -0.157322 -0.591364 -0.790910
vn -0.191302 -0.196116 -0.961739
vn -0.190094 0.224860 -0.955669
vn -0.186863 0.287348 -0.939422
vn -0.182669 -0.351123 -0.918338
vn -0.190760 -0.209529 -0.959014
vn -0.195090 0.000000 -0.980785
vn 0.019309 0.997785 0.063655
vn 0.033977 0.993126 0.112007
vn 0.047719 0.986396 0.157308
vn 0.028215 0.995265 0.093012
vn -0.281649 0.242099 -0.928473
vn -0.282370 0.231918 -0.930850
vn -0.288320 0.116157 -0.950463
vn -0.290212 0.022368 -0.956701
vn -0.290285 -0.000197 -0.956940
vn -0.290275 -0.008216 -0.956908
vn -0.290146 -0.030913 -0.956483
vn -0.290284 -0.001669 -0.956939
vn -0.290275 0.008090 -0.956909
vn -0.290244 -0.016762 -0.956806
vn -0.290282 -0.004283 -0.956932
vn -0.290264 0.011982 -0.956872
vn -0.290260 0.012969 -0.956860
vn -0.290284 0.002324 -0.956938
vn -0.290285 -0.000467 -0.956940
vn -0.289959 -0.047323 -0.955868
vn -0.290083 -0.037244 -0.956276
vn -0.290107 0.034997 -0.956354
vn -0.290284 0.002841 -0.956936
vn -0.288086 -0.122841 -0.949693
vn -0.283733 -0.211253 -0.935343
vn -0.271532 -0.353596 -0.895120
vn -0.252970 -0.490477 -0.833929
vn -0.278140 -0.286227 -0.916904
vn -0.284286 -0.202242 -0.937166
vn -0.254959 -0.478100 -0.840486
vn -0.256996 -0.464972 -0.847204
vn -0.216334 -0.666788 -0.713157
vn -0.200829 -0.722056 -0.662044
vn -0.234087 -0.591364 -0.771681
vn -0.284648 -0.196116 -0.938357
vn -0.282851 0.224860 -0.932434
vn -0.278042 0.287348 -0.916583
vn -0.271802 -0.351123 -0.896011
vn -0.283841 -0.209529 -0.935699
vn -0.290285 0.000000 -0.956940
vn 0.025456 0.997785 0.061456
vn 0.044792 0.993126 0.108137
vn 0.062908 0.986396 0.151873
vn 0.037196 0.995265 0.089798
vn -0.371299 0.242099 -0.896396
vn -0.372250 0.231918 -0.898690
vn -0.380093 0.116157 -0.917626
vn -0.382588 0.022368 -0.923648
vn -0.382683 -0.000197 -0.923880
vn -0.382671 -0.008216 -0.923848
vn -0.382501 -0.030913 -0.923438
vn -0.382683 -0.001669 -0.923878
vn -0.382671 0.008090 -0.923849
vn -0.382630 -0.016762 -0.923750
vn -0.382680 -0.004283 -0.923871
vn -0.382656 0.011982 -0.923813
vn -0.382651 0.012969 -0.923802
vn -0.382682 0.002324 -0.923877
vn -0.382683 -0.000467 -0.923879
vn -0.382255 -0.047323 -0.922844
vn -0.382418 -0.037244 -0.923239
vn -0.382449 0.034997 -0.923314
vn -0.382682 0.002841 -0.923876
vn -0.379785 -0.122841 -0.916882
vn -0.374047 -0.211253 -0.903029
vn -0.357961 -0.353596 -0.864195
vn -0.333491 -0.490477 -0.805118
vn -0.366673 -0.286227 -0.885226
vn -0.374775 -0.202242 -0.904788
vn -0.336113 -0.478100 -0.811448
vn -0.338799 -0.464972 -0.817934
vn -0.285194 -0.666788 -0.688519
vn -0.264754 -0.722056 -0.639172
vn -0.308598 -0.591364 -0.745021
vn -0.375252 -0.196116 -0.905938
vn -0.372883 0.224860 -0.900220
vn -0.366544 0.287348 -0.884916
vn -0.358318 -0.351123 -0.865055
vn -0.374189 -0.209529 -0.903372
vn -0.382683 0.000000 -0.923880
vn 0.031357 0.997785 0.058665
vn 0.055176 0.993126 0.103226
vn 0.077491 0.986396 0.144976
vn 0.045818 0.995265 0.085720
vn -0.457373 0.242099 -0.855686
vn -0.458544 0.231918 -0.857876
vn -0.468206 0.116157 -0.875951
vn -0.471279 0.022368 -0.881701
vn -0.471397 -0.000197 -0.881921
vn -0.471381 -0.008216 -0.881891
vn -0.471171 -0.030913 -0.881500
vn -0.471396 -0.001669 -0.881920
vn -0.471381 0.008090 -0.881892
vn -0.471331 -0.016762 -0.881797
vn -0.471392 -0.004283 -0.881913
vn -0.471363 0.011982 -0.881858
vn -0.471357 0.012969 -0.881847
vn -0.471395 0.002324 -0.881919
vn -0.471397 -0.000467 -0.881921
vn -0.470869 -0.047323 -0.880933
vn -0.471070 -0.037244 -0.881309
vn -0.471108 0.034997 -0.881381
vn -0.471395 0.002841 -0.881918
vn -0.467827 -0.122841 -0.875242
vn -0.460758 -0.211253 -0.862018
vn -0.440944 -0.353596 -0.824947
vn -0.410801 -0.490477 -0.768554
vn -0.451674 -0.286227 -0.845023
vn -0.461656 -0.202242 -0.863697
vn -0.414030 -0.478100 -0.774596
vn -0.417339 -0.464972 -0.780787
vn -0.351307 -0.666788 -0.657250
vn -0.326128 -0.722056 -0.610143
vn -0.380137 -0.591364 -0.711186
vn -0.462243 -0.196116 -0.864795
vn -0.459325 0.224860 -0.859336
vn -0.451516 0.287348 -0.844727
vn -0.441383 -0.351123 -0.825769
vn -0.460933 -0.209529 -0.862345
vn -0.471397 0.000000 -0.881921
vn 0.036956 0.997785 0.055309
vn 0.065028 0.993126 0.097321
vn 0.091328 0.986396 0.136683
vn 0.054000 0.995265 0.080816
vn -0.539043 0.242099 -0.806735
vn -0.540423 0.231918 -0.808800
vn -0.551809 0.116157 -0.825841
vn -0.555431 0.022368 -0.831262
vn -0.555570 -0.000197 -0.831470
vn -0.555551 -0.008216 -0.831442
vn -0.555305 -0.030913 -0.831072
vn -0.555569 -0.001669 -0.831468
vn -0.555552 0.008090 -0.831442
vn -0.555492 -0.016762 -0.831353
vn -0.555565 -0.004283 -0.831462
vn -0.555530 0.011982 -0.831410
vn -0.555524 0.012969 -0.831400
vn -0.555569 0.002324 -0.831467
vn -0.555570 -0.000467 -0.831470
vn -0.554948 -0.047323 -0.830538
vn -0.555185 -0.037244 -0.830893
vn -0.555230 0.034997 -0.830960
vn -0.555568 0.002841 -0.831466
vn -0.551363 -0.122841 -0.825172
vn -0.543032 -0.211253 -0.812704
vn -0.519679 -0.353596 -0.777755
vn -0.484154 -0.490477 -0.724587
vn -0.532326 -0.286227 -0.796683
vn -0.544090 -0.202242 -0.814288
vn -0.487960 -0.478100 -0.730284
vn -0.491860 -0.464972 -0.736121
vn -0.414037 -0.666788 -0.619651
vn -0.384363 -0.722056 -0.575239
vn -0.448015 -0.591364 -0.670501
vn -0.544781 -0.196116 -0.815323
vn -0.541343 0.224860 -0.810177
vn -0.532140 0.287348 -0.796403
vn -0.520197 -0.351123 -0.778529
vn -0.543238 -0.209529 -0.813013
vn -0.555570 0.000000 -0.831470
vn 0.042199 0.997785 0.051420
vn 0.074254 0.993126 0.090479
vn 0.104286 0.986396 0.127073
vn 0.061661 0.995265 0.075134
vn -0.615521 0.242099 -0.750015
vn -0.617097 0.231918 -0.751935
vn -0.630099 0.116157 -0.767778
vn -0.634235 0.022368 -0.772817
vn -0.634393 -0.000197 -0.773010
vn -0.634372 -0.008216 -0.772984
vn -0.634090 -0.030913 -0.772641
vn -0.634392 -0.001669 -0.773009
vn -0.634373 0.008090 -0.772985
vn -0.634304 -0.016762 -0.772902
vn -0.634387 -0.004283 -0.773003
vn -0.634348 0.011982 -0.772955
vn -0.634340 0.012969 -0.772945
vn -0.634392 0.002324 -0.773008
vn -0.634393 -0.000467 -0.773010
vn -0.633683 -0.047323 -0.772144
vn -0.633953 -0.037244 -0.772474
vn -0.634005 0.034997 -0.772537
vn -0.634391 0.002841 -0.773007
vn -0.629589 -0.122841 -0.767156
vn -0.620076 -0.211253 -0.755565
vn -0.593410 -0.353596 -0.723073
vn -0.552844 -0.490477 -0.673643
vn -0.607852 -0.286227 -0.740669
vn -0.621284 -0.202242 -0.757037
vn -0.557191 -0.478100 -0.678939
vn -0.561644 -0.464972 -0.684366
vn -0.472780 -0.666788 -0.576084
vn -0.438895 -0.722056 -0.534795
vn -0.511578 -0.591364 -0.623359
vn -0.622074 -0.196116 -0.757999
vn -0.618147 0.224860 -0.753215
vn -0.607639 0.287348 -0.740410
vn -0.594001 -0.351123 -0.723792
vn -0.620311 -0.209529 -0.755851
vn -0.634393 0.000000 -0.773010
vn 0.047036 0.997785 0.047036
vn 0.082765 0.993126 0.082765
vn 0.116239 0.986396 0.116239
vn 0.068729 0.995265 0.068729
vn -0.686071 0.242099 -0.686071
vn -0.687828 0.231918 -0.687828
vn -0.702320 0.116157 -0.702320
vn -0.706930 0.022368 -0.706930
vn -0.707107 -0.000197 -0.707107
vn -0.707083 -0.008216 -0.707083
vn -0.706769 -0.030913 -0.706769
vn -0.707106 -0.001669 -0.707106
vn -0.707084 0.008090 -0.707084
vn -0.707007 -0.016762 -0.707007
vn -0.707100 -0.004283 -0.707100
vn -0.707056 0.011982 -0.707056
vn -0.707047 0.012969 -0.707047
vn -0.707105 0.002324 -0.707105
vn -0.707107 -0.000467 -0.707107
vn -0.706315 -0.047323 -0.706315
vn -0.706616 -0.037244 -0.706616
vn -0.706674 0.034997 -0.706674
vn -0.707104 0.002841 -0.707104
vn -0.701751 -0.122841 -0.701751
vn -0.691148 -0.211253 -0.691148
vn -0.661426 -0.353596 -0.661426
vn -0.616211 -0.490477 -0.616211
vn -0.677523 -0.286227 -0.677523
vn -0.692495 -0.202242 -0.692495
vn -0.621056 -0.478100 -0.621056
vn -0.626020 -0.464972 -0.626020
vn -0.526970 -0.666788 -0.526970
vn -0.489201 -0.722056 -0.489201
vn -0.570214 -0.591364 -0.570214
vn -0.693375 -0.196116 -0.693375
vn -0.688999 0.224860 -0.688999
vn -0.677285 0.287348 -0.677285
vn -0.662085 -0.351123 -0.662085
vn -0.691411 -0.209529 -0.691411
vn -0.707107 0.000000 -0.707107
vn 0.051420 0.997785 0.042199
vn 0.090479 0.993126 0.074254
vn 0.127073 0.986396 0.104286
vn 0.075134 0.995265 0.061661
vn -0.750015 0.242099 -0.615521
vn -0.751935 0.231918 -0.617097
vn -0.767778 0.116157 -0.630099
vn -0.772817 0.022368 -0.634235
vn -0.773010 -0.000197 -0.634393
vn -0.772984 -0.008216 -0.634372
vn -0.772641 -0.030913 -0.634090
vn -0.773009 -0.001669 -0.634392
vn -0.772985 0.008090 -0.634373
vn -0.772902 -0.016762 -0.634304
vn -0.773003 -0.004283 -0.634387
vn -0.772955 0.011982 -0.634348
vn -0.772945 0.012969 -0.634340
vn -0.773008 0.002324 -0.634392
vn -0.773010 -0.000467 -0.634393
vn -0.772144 -0.047323 -0.633683
vn -0.772474 -0.037244 -0.633953
vn -0.772537 0.034997 -0.634005
vn -0.773007 0.002841 -0.634391
vn -0.767156 -0.122841 -0.629589
vn -0.755565 -0.211253 -0.620076
vn -0.723073 -0.353596 -0.593410
vn -0.673643 -0.490477 -0.552844
vn -0.740669 -0.286227 -0.607852
vn -0.757037 -0.202242 -0.621284
vn -0.678939 -0.478100 -0.557191
vn -0.684366 -0.464972 -0.561644
vn -0.576084 -0.666788 -0.472780
vn -0.534795 -0.722056 -0.438895
vn -0.623359 -0.591364 -0.511578
vn -0.757999 -0.196116 -0.622074
vn -0.753215 0.224860 -0.618147
vn -0.740410 0.287348 -0.607639
vn -0.723792 -0.351123 -0.594001
vn -0.755851 -0.209529 -0.620311
vn -0.773010 0.000000 -0.634393
vn 0.055309 0.997785 0.036956
vn 0.097321 0.993126 0.065028
vn 0.136683 0.986396 0.091328
vn 0.080816 0.995265 0.054000
vn -0.806735 0.242099 -0.539043
vn -0.808800 0.231918 -0.540423
vn -0.825841 0.116157 -0.551809
vn -0.831262 0.022368 -0.555431
vn -0.831470 -0.000197 -0.555570
vn -0.831442 -0.008216 -0.555551
vn -0.831072 -0.030913 -0.555305
vn -0.831468 -0.001669 -0.555569
vn -0.831442 0.008090 -0.555552
vn -0.831353 -0.016762 -0.555492
vn -0.831462 -0.004283 -0.555565
vn -0.831410 0.011982 -0.555530
vn -0.831400 0.012969 -0.555524
vn -0.831467 0.002324 -0.555569
vn -0.831470 -0.000467 -0.555570
vn -0.830538 -0.047323 -0.554948
vn -0.830893 -0.037244 -0.555185
vn -0.830960 0.034997 -0.555230
vn -0.831466 0.002841 -0.555568
vn -0.825172 -0.122841 -0.551363
vn -0.812704 -0.211253 -0.543032
vn -0.777755 -0.353596 -0.519679
vn -0.724587 -0.490477 -0.484154
vn -0.796683 -0.286227 -0.532326
vn -0.814288 -0.202242 -0.544090
vn -0.730284 -0.478100 -0.487960
vn -0.736121 -0.464972 -0.491860
vn -0.619651 -0.666788 -0.414037
vn -0.575239 -0.722056 -0.384363
vn -0.670501 -0.591364 -0.448015
vn -0.815323 -0.196116 -0.544781
vn -0.810177 0.224860 -0.541343
vn -0.796403 0.287348 -0.532140
vn -0.778529 -0.351123 -0.520197
vn -0.813013 -0.209529 -0.543238
vn -0.831470 0.000000 -0.555570
vn 0.058665 0.997785 0.031357
vn 0.103226 0.993126 0.055176
vn 0.144976 0.986396 0.077491
vn 0.085720 0.995265 0.045818
vn -0.855686 0.242099 -0.457373
vn -0.857876 0.231918 -0.458544
vn -0.875951 0.116157 -0.468206
vn -0.881701 0.022368 -0.471279
vn -0.881921 -0.000197 -0.471397
vn -0.881891 -0.008216 -0.471381
vn -0.881500 -0.030913 -0.471171
vn -0.881920 -0.001669 -0.471396
vn -0.881892 0.008090 -0.471381
vn -0.881797 -0.016762 -0.471331
vn -0.881913 -0.004283 -0.471392
vn -0.881858 0.011982 -0.471363
vn -0.881847 0.012969 -0.471357
vn -0.881919 0.002324 -0.471395
vn -0.881921 -0.000467 -0.471397
vn -0.880933 -0.047323 -0.470869
vn -0.881309 -0.037244 -0.471070
vn -0.881381 0.034997 -0.471108
vn -0.881918 0.002841 -0.471395
vn -0.875242 -0.122841 -0.467827
vn -0.862018 -0.211253 -0.460758
vn -0.824947 -0.353596 -0.440944
vn -0.768554 -0.490477 -0.410801
vn -0.845023 -0.286227 -0.451674
vn -0.863697 -0.202242 -0.461656
vn -0.774596 -0.478100 -0.414030
vn -0.780787 -0.464972 -0.417339
vn -0.657250 -0.666788 -0.351307
vn -0.610143 -0.722056 -0.326128
vn -0.711186 -0.591364 -0.380137
vn -0.864795 -0.196116 -0.462243
vn -0.859336 0.224860 -0.459325
vn -0.844727 0.287348 -0.451516
vn -0.825769 -0.351123 -0.441383
vn -0.862345 -0.209529 -0.460933
vn -0.881921 0.000000 -0.471397
vn 0.061456 0.997785 0.025456
vn 0.108137 0.993126 0.044792
vn 0.151873 0.986396 0.062908
vn 0.089798 0.995265 0.037196
vn -0.896396 0.242099 -0.371299
vn -0.898690 0.231918 -0.372250
vn -0.917626 0.116157 -0.380093
vn -0.923648 0.022368 -0.382588
vn -0.923880 -0.000197 -0.382683
vn -0.923848 -0.008216 -0.382671
vn -0.923438 -0.030913 -0.382501
vn -0.923878 -0.001669 -0.382683
vn -0.923849 0.008090 -0.382671
vn -0.923750 -0.016762 -0.382630
vn -0.923871 -0.004283 -0.382680
vn -0.923813 0.011982 -0.382656
vn -0.923802 0.012969 -0.382651
vn -0.923877 0.002324 -0.382682
vn -0.923879 -0.000467 -0.382683
vn -0.922844 -0.047323 -0.382255
vn -0.923239 -0.037244 -0.382418
vn -0.923314 0.034997 -0.382449
vn -0.923876 0.002841 -0.382682
vn -0.916882 -0.122841 -0.379785
vn -0.903029 -0.211253 -0.374047
vn -0.864195 -0.353596 -0.357961
vn -0.805118 -0.490477 -0.333491
vn -0.885226 -0.286227 -0.366673
vn -0.904788 -0.202242 -0.374775
vn -0.811448 -0.478100 -0.336113
vn -0.817934 -0.464972 -0.338799
vn -0.688519 -0.666788 -0.285194
vn -0.639172 -0.722056 -0.264754
vn -0.745021 -0.591364 -0.308598
vn -0.905938 -0.196116 -0.375252
vn -0.900220 0.224860 -0.372883
vn -0.884916 0.287348 -0.366544
vn -0.865055 -0.351123 -0.358318
vn -0.903372 -0.209529 -0.374189
vn -0.923880 0.000000 -0.382683
vn 0.063655 0.997785 0.019309
vn 0.112007 0.993126 0.033977
vn 0.157308 0.986396 0.047719
vn 0.093012 0.995265 0.028215
vn -0.928473 0.242099 -0.281649
vn -0.930850 0.231918 -0.282370
vn -0.950463 0.116157 -0.288320
vn -0.956701 0.022368 -0.290212
vn -0.956940 -0.000197 -0.290285
vn -0.956908 -0.008216 -0.290275
vn -0.956483 -0.030913 -0.290146
vn -0.956939 -0.001669 -0.290284
vn -0.956909 0.008090 -0.290275
vn -0.956806 -0.016762 -0.290244
vn -0.956932 -0.004283 -0.290282
vn -0.956872 0.011982 -0.290264
vn -0.956860 0.012969 -0.290260
vn -0.956938 0.002324 -0.290284
vn -0.956940 -0.000467 -0.290285
vn -0.955868 -0.047323 -0.289959
vn -0.956276 -0.037244 -0.290083
vn -0.956354 0.034997 -0.290107
vn -0.956936 0.002841 -0.290284
vn -0.949693 -0.122841 -0.288086
vn -0.935343 -0.211253 -0.283733
vn -0.895120 -0.353596 -0.271532
vn -0.833929 -0.490477 -0.252970
vn -0.916904 -0.286227 -0.278140
vn -0.937166 -0.202242 -0.284286
vn -0.840486 -0.478100 -0.254959
vn -0.847204 -0.464972 -0.256996
vn -0.713157 -0.666788 -0.216334
vn -0.662044 -0.722056 -0.200829
vn -0.771681 -0.591364 -0.234087
vn -0.938357 -0.196116 -0.284648
vn -0.932434 0.224860 -0.282851
vn -0.916583 0.287348 -0.278042
vn -0.896011 -0.351123 -0.271802
vn -0.935699 -0.209529 -0.283841
vn -0.956940 0.000000 -0.290285
vn 0.065241 0.997785 0.012977
vn 0.114798 0.993126 0.022835
vn 0.161228 0.986396 0.032070
vn 0.095329 0.995265 0.018962
vn -0.951608 0.242099 -0.189287
vn -0.954045 0.231918 -0.189771
vn -0.974146 0.116157 -0.193770
vn -0.980540 0.022368 -0.195042
vn -0.980785 -0.000197 -0.195090
vn -0.980752 -0.008216 -0.195084
vn -0.980317 -0.030913 -0.194997
vn -0.980784 -0.001669 -0.195090
vn -0.980753 0.008090 -0.195084
vn -0.980647 -0.016762 -0.195063
vn -0.980776 -0.004283 -0.195089
vn -0.980715 0.011982 -0.195076
vn -0.980703 0.012969 -0.195074
vn -0.980783 0.002324 -0.195090
vn -0.980785 -0.000467 -0.195090
vn -0.979686 -0.047323 -0.194872
vn -0.980105 -0.037244 -0.194955
vn -0.980184 0.034997 -0.194971
vn -0.980781 0.002841 -0.195090
vn -0.973357 -0.122841 -0.193613
vn -0.958650 -0.211253 -0.190687
vn -0.917425 -0.353596 -0.182487
vn -0.854709 -0.490477 -0.170012
vn -0.939751 -0.286227 -0.186928
vn -0.960518 -0.202242 -0.191059
vn -0.861429 -0.478100 -0.171349
vn -0.868314 -0.464972 -0.172718
vn -0.730928 -0.666788 -0.145391
vn -0.678541 -0.722056 -0.134970
vn -0.790910 -0.591364 -0.157322
vn -0.961739 -0.196116 -0.191302
vn -0.955669 0.224860 -0.190094
vn -0.939422 0.287348 -0.186863
vn -0.918338 -0.351123 -0.182669
vn -0.959014 -0.209529 -0.190760
vn -0.980785 0.000000 -0.195090
vn 0.066199 0.997785 0.006520
vn 0.116483 0.993126 0.011473
vn 0.163595 0.986396 0.016113
vn 0.096729 0.995265 0.009527
vn -0.965580 0.242099 -0.095101
vn -0.968051 0.231918 -0.095345
vn -0.988448 0.116157 -0.097354
vn -0.994936 0.022368 -0.097993
vn -0.995185 -0.000197 -0.098017
vn -0.995151 -0.008216 -0.098014
vn -0.994709 -0.030913 -0.097970
vn -0.995183 -0.001669 -0.098017
vn -0.995152 0.008090 -0.098014
vn -0.995045 -0.016762 -0.098003
vn -0.995176 -0.004283 -0.098016
vn -0.995113 0.011982 -0.098010
vn -0.995101 0.012969 -0.098009
vn -0.995182 0.002324 -0.098017
vn -0.995185 -0.000467 -0.098017
vn -0.994070 -0.047323 -0.097907
vn -0.994494 -0.037244 -0.097949
vn -0.994575 0.034997 -0.097957
vn -0.995181 0.002841 -0.098017
vn -0.987648 -0.122841 -0.097275
vn -0.972725 -0.211253 -0.095805
vn -0.930894 -0.353596 -0.091685
vn -0.867258 -0.490477 -0.085417
vn -0.953548 -0.286227 -0.093916
vn -0.974620 -0.202242 -0.095992
vn -0.874076 -0.478100 -0.086089
vn -0.881062 -0.464972 -0.086777
vn -0.741659 -0.666788 -0.073047
vn -0.688503 -0.722056 -0.067812
vn -0.802522 -0.591364 -0.079042
vn -0.975859 -0.196116 -0.096114
vn -0.969699 0.224860 -0.095507
vn -0.953214 0.287348 -0.093883
vn -0.931820 -0.351123 -0.091776
vn -0.973094 -0.209529 -0.095841
vn -0.995185 0.000000 -0.098017
vn 0.066519 0.997785 0.000000
vn 0.117047 0.993126 0.000000
vn 0.164387 0.986396 0.000000
vn 0.097197 0.995265 0.000000
vn -0.970252 0.242099 -0.000000
vn -0.972735 0.231918 -0.000000
vn -0.993231 0.116157 -0.000000
vn -0.999750 0.022368 -0.000000
vn -1.000000 -0.000197 -0.000000
vn -0.999966 -0.008216 -0.000000
vn -0.999522 -0.030913 -0.000000
vn -0.999999 -0.001669 -0.000000
vn -0.999967 0.008090 -0.000000
vn -0.999860 -0.016762 -0.000000
vn -0.999991 -0.004283 -0.000000
vn -0.999928 0.011982 -0.000000
vn -0.999916 0.012969 -0.000000
vn -0.999997 0.002324 -0.000000
vn -1.000000 -0.000467 -0.000000
vn -0.998880 -0.047323 -0.000000
vn -0.999306 -0.037244 -0.000000
vn -0.999387 0.034997 -0.000000
vn -0.999996 0.002841 -0.000000
vn -0.992426 -0.122841 -0.000000
vn -0.977431 -0.211253 -0.000000
vn -0.935398 -0.353596 -0.000000
vn -0.871454 -0.490477 -0.000000
vn -0.958162 -0.286227 -0.000000
vn -0.979336 -0.202242 -0.000000
vn -0.878305 -0.478100 -0.000000
vn -0.885325 -0.464972 -0.000000
vn -0.745247 -0.666788 -0.000000
vn -0.691834 -0.722056 -0.000000
vn -0.806405 -0.591364 -0.000000
vn -0.980581 -0.196116 -0.000000
vn -0.974391 0.224860 -0.000000
vn -0.957826 0.287348 -0.000000
vn -0.936329 -0.351123 -0.000000
vn -0.977802 -0.209529 -0.000000
vn -1.000000 0.000000 -0.000000
vn 0.066199 0.997785 -0.006520
vn 0.116483 0.993126 -0.011473
vn 0.163595 0.986396 -0.016113
vn 0.096729 0.995265 -0.009527
vn -0.965580 0.242099 0.095101
vn -0.968051 0.231918 0.095345
vn -0.988448 0.116157 0.097354
vn -0.994936 0.022368 0.097993
vn -0.995185 -0.000197 0.098017
vn -0.995151 -0.008216 0.098014
vn -0.994709 -0.030913 0.097970
vn -0.995183 -0.001669 0.098017
vn -0.995152 0.008090 0.098014
vn -0.995045 -0.016762 0.098003
vn -0.995176 -0.004283 0.098016
vn -0.995113 0.011982 0.098010
vn -0.995101 0.012969 0.098009
vn -0.995182 0.002324 0.098017
vn -0.995185 -0.000467 0.098017
vn -0.994070 -0.047323 0.097907
vn -0.994494 -0.037244 0.097949
vn -0.994575 0.034997 0.097957
vn -0.995181 0.002841 0.098017
vn -0.987648 -0.122841 0.097275
vn -0.972725 -0.211253 0.095805
vn -0.930894 -0.353596 0.091685
vn -0.867258 -0.490477 0.085417
vn -0.953548 -0.286227 0.093916
vn -0.974620 -0.202242 0.095992
vn -0.874076 -0.478100 0.086089
vn -0.881062 -0.464972 0.086777
vn -0.741659 -0.666788 0.073047
vn -0.688503 -0.722056 0.067812
vn -0.802522 -0.591364 0.079042
vn -0.975859 -0.196116 0.096114
vn -0.969699 0.224860 0.095507
vn -0.953214 0.287348 0.093883
vn -0.931820 -0.351123 0.091776
vn -0.973094 -0.209529 0.095841
vn -0.995185 0.000000 0.098017
vn 0.065241 0.997785 -0.012977
vn 0.114798 0.993126 -0.022835
vn 0.161228 0.986396 -0.032070
vn 0.095329 0.995265 -0.018962
vn -0.951608 0.242099 0.189287
vn -0.954045 0.231918 0.189771
vn -0.974146 0.116157 0.193770
vn -0.980540 0.022368 0.195042
vn -0.980785 -0.000197 0.195090
vn -0.980752 -0.008216 0.195084
vn -0.980317 -0.030913 0.194997
vn -0.980784 -0.001669 0.195090
vn -0.980753 0.008090 0.195084
vn -0.980647 -0.016762 0.195063
vn -0.980776 -0.004283 0.195089
vn -0.980715 0.011982 0.195076
vn -0.980703 0.012969 0.195074
vn -0.980783 0.002324 0.195090
vn -0.980785 -0.000467 0.195090
vn -0.979686 -0.047323 0.194872
vn -0.980105 -0.037244 0.194955
vn -0.980184 0.034997 0.194971
vn -0.980781 0.002841 0.195090
vn -0.973357 -0.122841 0.193613
vn -0.958650 -0.211253 0.190687
vn -0.917425 -0.353596 0.182487
vn -0.854709 -0.490477 0.170012
vn -0.939751 -0.286227 0.186928
vn -0.960518 -0.202242 0.191059
vn -0.861429 -0.478100 0.171349
vn -0.868314 -0.464972 0.172718
vn -0.730928 -0.666788 0.145391
vn -0.678541 -0.722056 0.134970
vn -0.790910 -0.591364 0.157322
vn -0.961739 -0.196116 0.191302
vn -0.955669 0.224860 0.190094
vn -0.939422 0.287348 0.186863
vn -0.918338 -0.351123 0.182669
vn -0.959014 -0.209529 0.190760
vn -0.980785 0.000000 0.195090
vn 0.063655 0.997785 -0.019309
vn 0.112007 0.993126 -0.033977
vn 0.157308 0.986396 -0.047719
vn 0.093012 0.995265 -0.028215
vn -0.928473 0.242099 0.281649
vn -0.930850 0.231918 0.282370
vn -0.950463 0.116157 0.288320
vn -0.956701 0.022368 0.290212
vn -0.956940 -0.000197 0.290285
vn -0.956908 -0.008216 0.290275
vn -0.956483 -0.030913 0.290146
vn -0.956939 -0.001669 0.290284
vn -0.956909 0.008090 0.290275
vn -0.956806 -0.016762 0.290244
vn -0.956932 -0.004283 0.290282
vn -0.956872 0.011982 0.290264
vn -0.956860 0.012969 0.290260
vn -0.956938 0.002324 0.290284
vn -0.956940 -0.000467 0.290285
vn -0.955868 -0.047323 0.289959
vn -0.956276 -0.037244 0.290083
vn -0.956354 0.034997 0.290107
vn -0.956936 0.002841 0.290284
vn -0.949693 -0.122841 0.288086
vn -0.935343 -0.211253 0.283733
vn -0.895120 -0.353596 0.271532
vn -0.833929 -0.490477 0.252970
vn -0.916904 -0.286227 0.278140
vn -0.937166 -0.202242 0.284286
vn -0.840486 -0.478100 0.254959
vn -0.847204 -0.464972 0.256996
vn -0.713157 -0.666788 0.216334
vn -0.662044 -0.722056 0.200829
vn -0.771681 -0.591364 0.234087
vn -0.938357 -0.196116 0.284648
vn -0.932434 0.224860 0.282851
vn -0.916583 0.287348 0.278042
vn -0.896011 -0.351123 0.271802
vn -0.935699 -0.209529 0.283841
vn -0.956940 0.000000 0.290285
vn 0.061456 0.997785 -0.025456
vn 0.108137 0.993126 -0.044792
vn 0.151873 0.986396 -0.062908
vn 0.089798 0.995265 -0.037196
vn -0.896396 0.242099 0.371299
vn -0.898690 0.231918 0.372250
vn -0.917626 0.116157 0.380093
vn -0.923648 0.022368 0.382588
vn -0.923880 -0.000197 0.382683
vn -0.923848 -0.008216 0.382671
vn -0.923438 -0.030913 0.382501
vn -0.923878 -0.001669 0.382683
vn -0.923849 0.008090 0.382671
vn -0.923750 -0.016762 0.382630
vn -0.923871 -0.004283 0.382680
vn -0.923813 0.011982 0.382656
vn -0.923802 0.012969 0.382651
vn -0.923877 0.002324 0.382682
vn -0.923879 -0.000467 0.382683
vn -0.922844 -0.047323 0.382255
vn -0.923239 -0.037244 0.382418
vn -0.923314 0.034997 0.382449
vn -0.923876 0.002841 0.382682
vn -0.916882 -0.122841 0.379785
vn -0.903029 -0.211253 0.374047
vn -0.864195 -0.353596 0.357961
vn -0.805118 -0.490477 0.333491
vn -0.885226 -0.286227 0.366673
vn -0.904788 -0.202242 0.374775
vn -0.811448 -0.478100 0.336113
vn -0.817934 -0.464972 0.338799
vn -0.688519 -0.666788 0.285194
vn -0.639172 -0.722056 0.264754
vn -0.745021 -0.591364 0.308598
vn -0.905938 -0.196116 0.375252
vn -0.900220 0.224860 0.372883
vn -0.884916 0.287348 0.366544
vn -0.865055 -0.351123 0.358318
vn -0.903372 -0.209529 0.374189
vn -0.923880 0.000000 0.382683
vn 0.058665 0.997785 -0.031357
vn 0.103226 0.993126 -0.055176
vn 0.144976 0.986396 -0.077491
vn 0.085720 0.995265 -0.045818
vn -0.855686 0.242099 0.457373
vn -0.857876 0.231918 0.458544
vn -0.875951 0.116157 0.468206
vn -0.881701 0.022368 0.471279
vn -0.881921 -0.000197 0.471397
vn -0.881891 -0.008216 0.471381
vn -0.881500 -0.030913 0.471171
vn -0.881920 -0.001669 0.471396
vn -0.881892 0.008090 0.471381
vn -0.881797 -0.016762 0.471331
vn -0.881913 -0.004283 0.471392
vn -0.881858 0.011982 0.471363
vn -0.881847 0.012969 0.471357
vn -0.881919 0.002324 0.471395
vn -0.881921 -0.000467 0.471397
vn -0.880933 -0.047323 0.470869
vn -0.881309 -0.037244 0.471070
vn -0.881381 0.034997 0.471108
vn -0.881918 0.002841 0.471395
vn -0.875242 -0.122841 0.467827
vn -0.862018 -0.211253 0.460758
vn -0.824947 -0.353596 0.440944
vn -0.768554 -0.490477 0.410801
vn -0.845023 -0.286227 0.451674
vn -0.863697 -0.202242 0.461656
vn -0.774596 -0.478100 0.414030
vn -0.780787 -0.464972 0.417339
vn -0.657250 -0.666788 0.351307
vn -0.610143 -0.722056 0.326128
vn -0.711186 -0.591364 0.380137
vn -0.864795 -0.196116 0.462243
vn -0.859336 0.224860 0.459325
vn -0.844727 0.287348 0.451516
vn -0.825769 -0.351123 0.441383
vn -0.862345 -0.209529 0.460933
vn -0.881921 0.000000 0.471397
vn 0.055309 0.997785 -0.036956
vn 0.097321 0.993126 -0.065028
vn 0.136683 0.986396 -0.091328
vn 0.080816 0.995265 -0.054000
vn -0.806735 0.242099 0.539043
vn -0.808800 0.231918 0.540423
vn -0.825841 0.116157 0.551809
vn -0.831262 0.022368 0.555431
vn -0.831470 -0.000197 0.555570
vn -0.831442 -0.008216 0.555551
vn -0.831072 -0.030913 0.555305
vn -0.831468 -0.001669 0.555569
vn -0.831442 0.008090 0.555552
vn -0.831353 -0.016762 0.555492
vn -0.831462 -0.004283 0.555565
vn -0.831410 0.011982 0.555530
vn -0.831400 0.012969 0.555524
vn -0.831467 0.002324 0.555569
vn -0.831470 -0.000467 0.555570
vn -0.830538 -0.047323 0.554948
vn -0.830893 -0.037244 0.555185
vn -0.830960 0.034997 0.555230
vn -0.831466 0.002841 0.555568
vn -0.825172 -0.122841 0.551363
vn -0.812704 -0.211253 0.543032
vn -0.777755 -0.353596 0.519679
vn -0.724587 -0.490477 0.484154
vn -0.796683 -0.286227 0.532326
vn -0.814288 -0.202242 0.544090
vn -0.730284 -0.478100 0.487960
vn -0.736121 -0.464972 0.491860
vn -0.619651 -0.666788 0.414037
vn -0.575239 -0.722056 0.384363
vn -0.670501 -0.591364 0.448015
vn -0.815323 -0.196116 0.544781
vn -0.810177 0.224860 0.541343
vn -0.796403 0.287348 0.532140
vn -0.778529 -0.351123 0.520197
vn -0.813013 -0.209529 0.543238
vn -0.831470 0.000000 0.555570
vn 0.051420 0.997785 -0.042199
vn 0.090479 0.993126 -0.074254
vn 0.127073 0.986396 -0.104286
vn 0.075134 0.995265 -0.061661
vn -0.750015 0.242099 0.615521
vn -0.751935 0.231918 0.617097
vn -0.767778 0.116157 0.630099
vn -0.772817 0.022368 0.634235
vn -0.773010 -0.000197 0.634393
vn -0.772984 -0.008216 0.634372
vn -0.772641 -0.030913 0.634090
vn -0.773009 -0.001669 0.634392
vn -0.772985 0.008090 0.634373
vn -0.772902 -0.016762 0.634304
vn -0.773003 -0.004283 0.634387
vn -0.772955 0.011982 0.634348
vn -0.772945 0.012969 0.634340
vn -0.773008 0.002324 0.634392
vn -0.773010 -0.000467 0.634393
vn -0.772144 -0.047323 0.633683
vn -0.772474 -0.037244 0.633953
vn -0.772537 0.034997 0.634005
vn -0.773007 0.002841 0.634391
vn -0.767156 -0.122841 0.629589
vn -0.755565 -0.211253 0.620076
vn -0.723073 -0.353596 0.593410
vn -0.673643 -0.490477 0.552844
vn -0.740669 -0.286227 0.607852
vn -0.757037 -0.202242 0.621284
vn -0.678939 -0.478100 0.557191
vn -0.684366 -0.464972 0.561644
vn -0.576084 -0.666788 0.472780
vn -0.534795 -0.722056 0.438895
vn -0.623359 -0.591364 0.511578
vn -0.757999 -0.196116 0.622074
vn -0.753215 0.224860 0.618147
vn -0.740410 0.287348 0.607639
vn -0.723792 -0.351123 0.594001
vn -0.755851 -0.209529 0.620311
vn -0.773010 0.000000 0.634393
vn 0.047036 0.997785 -0.047036
vn 0.082765 0.993126 -0.082765
vn 0.116239 0.986396 -0.116239
vn 0.068729 0.995265 -0.068729
vn -0.686071 0.242099 0.686071
vn -0.687828 0.231918 0.687828
vn -0.702320 0.116157 0.702320
vn -0.706930 0.022368 0.706930
vn -0.707107 -0.000197 0.707107
vn -0.707083 -0.008216 0.707083
vn -0.706769 -0.030913 0.706769
vn -0.707106 -0.001669 0.707106
vn -0.707084 0.008090 0.707084
vn -0.707007 -0.016762 0.707007
vn -0.707100 -0.004283 0.707100
vn -0.707056 0.011982 0.707056
vn -0.707047 0.012969 0.707047
vn -0.707105 0.002324 0.707105
vn -0.707107 -0.000467 0.707107
vn -0.706315 -0.047323 0.706315
vn -0.706616 -0.037244 0.706616
vn -0.706674 0.034997 0.706674
vn -0.707104 0.002841 0.707104
vn -0.701751 -0.122841 0.701751
vn -0.691148 -0.211253 0.691148
vn -0.661426 -0.353596 0.661426
vn -0.616211 -0.490477 0.616211
vn -0.677523 -0.286227 0.677523
vn -0.692495 -0.202242 0.692495
vn -0.621056 -0.478100 0.621056
vn -0.626020 -0.464972 0.626020
vn -0.526970 -0.666788 0.526970
vn -0.489201 -0.722056 0.489201
vn -0.570214 -0.591364 0.570214
vn -0.693375 -0.196116 0.693375
vn -0.688999 0.224860 0.688999
vn -0.677285 0.287348 0.677285
vn -0.662085 -0.351123 0.662085
vn -0.691411 -0.209529 0.691411
vn -0.707107 0.000000 0.707107
vn 0.042199 0.997785 -0.051420
vn 0.074254 0.993126 -0.090479
vn 0.104286 0.986396 -0.127073
vn 0.061661 0.995265 -0.075134
vn -0.615521 0.242099 0.750015
vn -0.617097 0.231918 0.751935
vn -0.630099 0.116157 0.767778
vn -0.634235 0.022368 0.772817
vn -0.634393 -0.000197 0.773010
vn -0.634372 -0.008216 0.772984
vn -0.634090 -0.030913 0.772641
vn -0.634392 -0.001669 0.773009
vn -0.634373 0.008090 0.772985
vn -0.634304 -0.016762 0.772902
vn -0.634387 -0.004283 0.773003
vn -0.634348 0.011982 0.772955
vn -0.634340 0.012969 0.772945
vn -0.634392 0.002324 0.773008
vn -0.634393 -0.000467 0.773010
vn -0.633683 -0.047323 0.772144
vn -0.633953 -0.037244 0.772474
vn -0.634005 0.034997 0.772537
vn -0.634391 0.002841 0.773007
vn -0.629589 -0.122841 0.767156
vn -0.620076 -0.211253 0.755565
vn -0.593410 -0.353596 0.723073
vn -0.552844 -0.490477 0.673643
vn -0.607852 -0.286227 0.740669
vn -0.621284 -0.202242 0.757037
vn -0.557191 -0.478100 0.678939
vn -0.561644 -0.464972 0.684366
vn -0.472780 -0.666788 0.576084
vn -0.438895 -0.722056 0.534795
vn -0.511578 -0.591364 0.623359
vn -0.622074 -0.196116 0.757999
vn -0.618147 0.224860 0.753215
vn -0.607639 0.287348 0.740410
vn -0.594001 -0.351123 0.723792
vn -0.620311 -0.209529 0.755851
vn -0.634393 0.000000 0.773010
vn 0.036956 0.997785 -0.055309
vn 0.065028 0.993126 -0.097321
vn 0.091328 0.986396 -0.136683
vn 0.054000 0.995265 -0.080816
vn -0.539043 0.242099 0.806735
vn -0.540423 0.231918 0.808800
vn -0.551809 0.116157 0.825841
vn -0.555431 0.022368 0.831262
vn -0.555570 -0.000197 0.831470
vn -0.555551 -0.008216 0.831442
vn -0.555305 -0.030913 0.831072
vn -0.555569 -0.001669 0.831468
vn -0.555552 0.008090 0.831442
vn -0.555492 -0.016762 0.831353
vn -0.555565 -0.004283 0.831462
vn -0.555530 0.011982 0.831410
vn -0.555524 0.012969 0.831400
vn -0.555569 0.002324 0.831467
vn -0.555570 -0.000467 0.831470
vn -0.554948 -0.047323 0.830538
vn -0.555185 -0.037244 0.830893
vn -0.555230 0.034997 0.830960
vn -0.555568 0.002841 0.831466
vn -0.551363 -0.122841 0.825172
vn -0.543032 -0.211253 0.812704
vn -0.519679 -0.353596 0.777755
vn -0.484154 -0.490477 0.724587
vn -0.532326 -0.286227 0.796683
vn -0.544090 -0.202242 0.814288
vn -0.487960 -0.478100 0.730284
vn -0.491860 -0.464972 0.736121
vn -0.414037 -0.666788 0.619651
vn -0.384363 -0.722056 0.575239
vn -0.448015 -0.591364 0.670501
vn -0.544781 -0.196116 0.815323
vn -0.541343 0.224860 0.810177
vn -0.532140 0.287348 0.796403
vn -0.520197 -0.351123 0.778529
vn -0.543238 -0.209529 0.813013
vn -0.555570 0.000000 0.831470
vn 0.031357 0.997785 -0.058665
vn 0.055176 0.993126 -0.103226
vn 0.077491 0.986396 -0.144976
vn 0.045818 0.995265 -0.085720
vn -0.457373 0.242099 0.855686
vn -0.458544 0.231918 0.857876
vn -0.468206 0.116157 0.875951
vn -0.471279 0.022368 0.881701
vn -0.471397 -0.000197 0.881921
vn -0.471381 -0.008216 0.881891
vn -0.471171 -0.030913 0.881500
vn -0.471396 -0.001669 0.881920
vn -0.471381 0.008090 0.881892
vn -0.471331 -0.016762 0.881797
vn -0.471392 -0.004283 0.881913
vn -0.471363 0.011982 0.881858
vn -0.471357 0.012969 0.881847
vn -0.471395 0.002324 0.881919
vn -0.471397 -0.000467 0.881921
vn -0.470869 -0.047323 0.880933
vn -0.471070 -0.037244 0.881309
vn -0.471108 0.034997 0.881381
vn -0.471395 0.002841 0.881918
vn -0.467827 -0.122841 0.875242
vn -0.460758 -0.211253 0.862018
vn -0.440944 -0.353596 0.824947
vn -0.410801 -0.490477 0.768554
vn -0.451674 -0.286227 0.845023
vn -0.461656 -0.202242 0.863697
vn -0.414030 -0.478100 0.774596
vn -0.417339 -0.464972 0.780787
vn -0.351307 -0.666788 0.657250
vn -0.326128 -0.722056 0.610143
vn -0.380137 -0.591364 0.711186
vn -0.462243 -0.196116 0.864795
vn -0.459325 0.224860 0.859336
vn -0.451516 0.287348 0.844727
vn -0.441383 -0.351123 0.825769
vn -0.460933 -0.209529 0.862345
vn -0.471397 0.000000 0.881921
vn 0.025456 0.997785 -0.061456
vn 0.044792 0.993126 -0.108137
vn 0.062908 0.986396 -0.151873
vn 0.037196 0.995265 -0.089798
vn -0.371299 0.242099 0.896396
vn -0.372250 0.231918 0.898690
vn -0.380093 0.116157 0.917626
vn -0.382588 0.022368 0.923648
vn -0.382683 -0.000197 0.923880
vn -0.382671 -0.008216 0.923848
vn -0.382501 -0.030913 0.923438
vn -0.382683 -0.001669 0.923878
vn -0.382671 0.008090 0.923849
vn -0.382630 -0.016762 0.923750
vn -0.382680 -0.004283 0.923871
vn -0.382656 0.011982 0.923813
vn -0.382651 0.012969 0.923802
vn -0.382682 0.002324 0.923877
vn -0.382683 -0.000467 0.923879
vn -0.382255 -0.047323 0.922844
vn -0.382418 -0.037244 0.923239
vn -0.382449 0.034997 0.923314
vn -0.382682 0.002841 0.923876
vn -0.379785 -0.122841 0.916882
vn -0.374047 -0.211253 0.903029
vn -0.357961 -0.353596 0.864195
vn -0.333491 -0.490477 0.805118
vn -0.366673 -0.286227 0.885226
vn -0.374775 -0.202242 0.904788
vn -0.336113 -0.478100 0.811448
vn -0.338799 -0.464972 0.817934
vn -0.285194 -0.666788 0.688519
vn -0.264754 -0.722056 0.639172
vn -0.308598 -0.591364 0.745021
vn -0.375252 -0.196116 0.905938
vn -0.372883 0.224860 0.900220
vn -0.366544 0.287348 0.884916
vn -0.358318 -0.351123 0.865055
vn -0.374189 -0.209529 0.903372
vn -0.382683 0.000000 0.923880
vn 0.019309 0.997785 -0.063655
vn 0.033977 0.993126 -0.112007
vn 0.047719 0.986396 -0.157308
vn 0.028215 0.995265 -0.093012
vn -0.281649 0.242099 0.928473
vn -0.282370 0.231918 0.930850
vn -0.288320 0.116157 0.950463
vn -0.290212 0.022368 0.956701
vn -0.290285 -0.000197 0.956940
vn -0.290275 -0.008216 0.956908
vn -0.290146 -0.030913 0.956483
vn -0.290284 -0.001669 0.956939
vn -0.290275 0.008090 0.956909
vn -0.290244 -0.016762 0.956806
vn -0.290282 -0.004283 0.956932
vn -0.290264 0.011982 0.956872
vn -0.290260 0.012969 0.956860
vn -0.290284 0.002324 0.956938
vn -0.290285 -0.000467 0.956940
vn -0.289959 -0.047323 0.955868
vn -0.290083 -0.037244 0.956276
vn -0.290107 0.034997 0.956354
vn -0.290284 0.002841 0.956936
vn -0.288086 -0.122841 0.949693
vn -0.283733 -0.211253 0.935343
vn -0.271532 -0.353596 0.895120
vn -0.252970 -0.490477 0.833929
vn -0.278140 -0.286227 0.916904
vn -0.284286 -0.202242 0.937166
vn -0.254959 -0.478100 0.840486
vn -0.256996 -0.464972 0.847204
vn -0.216334 -0.666788 0.713157
vn -0.200829 -0.722056 0.662044
vn -0.234087 -0.591364 0.771681
vn -0.284648 -0.196116 0.938357
vn -0.282851 0.224860 0.932434
vn -0.278042 0.287348 0.916583
vn -0.271802 -0.351123 0.896011
vn -0.283841 -0.209529 0.935699
vn -0.290285 0.000000 0.956940
vn 0.012977 0.997785 -0.065241
vn 0.022835 0.993126 -0.114798
vn 0.032070 0.986396 -0.161228
vn 0.018962 0.995265 -0.095329
vn -0.189287 0.242099 0.951608
vn -0.189771 0.231918 0.954045
vn -0.193770 0.116157 0.974146
vn -0.195042 0.022368 0.980540
vn -0.195090 -0.000197 0.980785
vn -0.195084 -0.008216 0.980752
vn -0.194997 -0.030913 0.980317
vn -0.195090 -0.001669 0.980784
vn -0.195084 0.008090 0.980753
vn -0.195063 -0.016762 0.980647
vn -0.195089 -0.004283 0.980776
vn -0.195076 0.011982 0.980715
vn -0.195074 0.012969 0.980703
vn -0.195090 0.002324 0.980783
vn -0.195090 -0.000467 0.980785
vn -0.194872 -0.047323 0.979686
vn -0.194955 -0.037244 0.980105
vn -0.194971 0.034997 0.980184
vn -0.195090 0.002841 0.980781
vn -0.193613 -0.122841 0.973357
vn -0.190687 -0.211253 0.958650
vn -0.182487 -0.353596 0.917425
vn -0.170012 -0.490477 0.854709
vn -0.186928 -0.286227 0.939751
vn -0.191059 -0.202242 0.960518
vn -0.171349 -0.478100 0.861429
vn -0.172718 -0.464972 0.868314
vn -0.145391 -0.666788 0.730928
vn -0.134970 -0.722056 0.678541
vn -0.157322 -0.591364 0.790910
vn -0.191302 -0.196116 0.961739
vn -0.190094 0.224860 0.955669
vn -0.186863 0.287348 0.939422
vn -0.182669 -0.351123 0.918338
vn -0.190760 -0.209529 0.959014
vn -0.195090 0.000000 0.980785
vn 0.006520 0.997785 -0.066199
vn 0.011473 0.993126 -0.116483
vn 0.016113 0.986396 -0.163595
vn 0.009527 0.995265 -0.096729
vn -0.095101 0.242099 0.965580
vn -0.095345 0.231918 0.968051
vn -0.097354 0.116157 0.988448
vn -0.097993 0.022368 0.994936
vn -0.098017 -0.000197 0.995185
vn -0.098014 -0.008216 0.995151
vn -0.097970 -0.030913 0.994709
vn -0.098017 -0.001669 0.995183
vn -0.098014 0.008090 0.995152
vn -0.098003 -0.016762 0.995045
vn -0.098016 -0.004283 0.995176
vn -0.098010 0.011982 0.995113
vn -0.098009 0.012969 0.995101
vn -0.098017 0.002324 0.995182
vn -0.098017 -0.000467 0.995185
vn -0.097907 -0.047323 0.994070
vn -0.097949 -0.037244 0.994494
vn -0.097957 0.034997 0.994575
vn -0.098017 0.002841 0.995181
vn -0.097275 -0.122841 0.987648
vn -0.095805 -0.211253 0.972725
vn -0.091685 -0.353596 0.930894
vn -0.085417 -0.490477 0.867258
vn -0.093916 -0.286227 0.953548
vn -0.095992 -0.202242 0.974620
vn -0.086089 -0.478100 0.874076
vn -0.086777 -0.464972 0.881062
vn -0.073047 -0.666788 0.741659
vn -0.067812 -0.722056 0.688503
vn -0.079042 -0.591364 0.802522
vn -0.096114 -0.196116 0.975859
vn -0.095507 0.224860 0.969699
vn -0.093883 0.287348 0.953214
vn -0.091776 -0.351123 0.931820
vn -0.095841 -0.209529 0.973094
vn -0.098017 0.000000 0.995185
vn 0.000000 0.997785 -0.066519
vn 0.000000 0.993126 -0.117047
vn 0.000000 0.986396 -0.164387
vn 0.000000 0.995265 -0.097197
vn -0.000000 0.242099 0.970252
vn -0.000000 0.231918 0.972735
vn -0.000000 0.116157 0.993231
vn -0.000000 0.022368 0.999750
vn -0.000000 -0.000197 1.000000
vn -0.000000 -0.008216 0.999966
vn -0.000000 -0.030913 0.999522
vn -0.000000 -0.001669 0.999999
vn -0.000000 0.008090 0.999967
vn -0.000000 -0.016762 0.999860
vn -0.000000 -0.004283 0.999991
vn -0.000000 0.011982 0.999928
vn -0.000000 0.012969 0.999916
vn -0.000000 0.002324 0.999997
vn -0.000000 -0.000467 1.000000
vn -0.000000 -0.047323 0.998880
vn -0.000000 -0.037244 0.999306
vn -0.000000 0.034997 0.999387
vn -0.000000 0.002841 0.999996
vn -0.000000 -0.122841 0.992426
vn -0.000000 -0.211253 0.977431
vn -0.000000 -0.353596 0.935398
vn -0.000000 -0.490477 0.871454
vn -0.000000 -0.286227 0.958162
vn -0.000000 -0.202242 0.979336
vn -0.000000 -0.478100 0.878305
vn -0.000000 -0.464972 0.885325
vn -0.000000 -0.666788 0.745247
vn -0.000000 -0.722056 0.691834
vn -0.000000 -0.591364 0.806405
vn -0.000000 -0.196116 0.980581
vn -0.000000 0.224860 0.974391
vn -0.000000 0.287348 0.957826
vn -0.000000 -0.351123 0.936329
vn -0.000000 -0.209529 0.977802
vn -0.000000 0.000000 1.000000
vn -0.000000 0.997785 -0.066519
vn -0.000000 0.993126 -0.117047
vn -0.000000 0.986396 -0.164387
vn -0.000000 0.995265 -0.097197
vn 0.000000 0.242099 0.970252
vn 0.000000 0.231918 0.972735
vn 0.000000 0.116157 0.993231
vn 0.000000 0.022368 0.999750
vn 0.000000 -0.000197 1.000000
vn 0.000000 -0.008216 0.999966
vn 0.000000 -0.030913 0.999522
vn 0.000000 -0.001669 0.999999
vn 0.000000 0.008090 0.999967
vn 0.000000 -0.016762 0.999860
vn 0.000000 -0.004283 0.999991
vn 0.000000 0.011982 0.999928
vn 0.000000 0.012969 0.999916
vn 0.000000 0.002324 0.999997
vn 0.000000 -0.000467 1.000000
vn 0.000000 -0.047323 0.998880
vn 0.000000 -0.037244 0.999306
vn 0.000000 0.034997 0.999387
vn 0.000000 0.002841 0.999996
vn 0.000000 -0.122841 0.992426
vn 0.000000 -0.211253 0.977431
vn 0.000000 -0.353596 0.935398
vn 0.000000 -0.490477 0.871454
vn 0.000000 -0.286227 0.958162
vn 0.000000 -0.202242 0.979336
vn 0.000000 -0.478100 0.878305
vn 0.000000 -0.464972 0.885325
vn 0.000000 -0.401348 0.915926
vn -0.006520 0.997785 -0.066199
vn -0.011473 0.993126 -0.116483
vn -0.016113 0.986396 -0.163595
vn -0.009527 0.995265 -0.096729
vn 0.095101 0.242099 0.965580
vn 0.095345 0.231918 0.968051
vn 0.097354 0.116157 0.988448
vn 0.097993 0.022368 0.994936
vn 0.098017 -0.000197 0.995185
vn 0.098014 -0.008216 0.995151
vn 0.097970 -0.030913 0.994709
vn 0.098017 -0.001669 0.995183
vn 0.098014 0.008090 0.995152
vn 0.098003 -0.016762 0.995045
vn 0.098016 -0.004283 0.995176
vn 0.098010 0.011982 0.995113
vn 0.098009 0.012969 0.995101
vn 0.098017 0.002324 0.995182
vn 0.098017 -0.000467 0.995185
vn 0.097907 -0.047323 0.994070
vn 0.097949 -0.037244 0.994494
vn 0.097957 0.034997 0.994575
vn 0.098017 0.002841 0.995181
vn 0.097275 -0.122841 0.987648
vn 0.095805 -0.211253 0.972725
vn 0.091685 -0.353596 0.930894
vn 0.085417 -0.490477 0.867258
vn 0.093916 -0.286227 0.953548
vn 0.095992 -0.202242 0.974620
vn 0.086089 -0.478100 0.874076
vn 0.086777 -0.464972 0.881062
vn 0.089776 -0.401348 0.911515
vn -0.012977 0.997785 -0.065241
vn -0.022835 0.993126 -0.114798
vn -0.032070 0.986396 -0.161228
vn -0.018962 0.995265 -0.095329
vn 0.189287 0.242099 0.951608
vn 0.189771 0.231918 0.954045
vn 0.193770 0.116157 0.974146
vn 0.195042 0.022368 0.980540
vn 0.195090 -0.000197 0.980785
vn 0.195084 -0.008216 0.980752
vn 0.194997 -0.030913 0.980317
vn 0.195090 -0.001669 0.980784
vn 0.195084 0.008090 0.980753
vn 0.195063 -0.016762 0.980647
vn 0.195089 -0.004283 0.980776
vn 0.195076 0.011982 0.980715
vn 0.195074 0.012969 0.980703
vn 0.195090 0.002324 0.980783
vn 0.195090 -0.000467 0.980785
vn 0.194872 -0.047323 0.979686
vn 0.194955 -0.037244 0.980105
vn 0.194971 0.034997 0.980184
vn 0.195090 0.002841 0.980781
vn 0.193613 -0.122841 0.973357
vn 0.190687 -0.211253 0.958650
vn 0.182487 -0.353596 0.917425
vn 0.170012 -0.490477 0.854709
vn 0.186928 -0.286227 0.939751
vn 0.191059 -0.202242 0.960518
vn 0.171349 -0.478100 0.861429
vn 0.172718 -0.464972 0.868314
vn 0.178688 -0.401348 0.898326
vn -0.019309 0.997785 -0.063655
vn -0.033977 0.993126 -0.112007
vn -0.047719 0.986396 -0.157308
vn -0.028215 0.995265 -0.093012
vn 0.281649 0.242099 0.928473
vn 0.282370 0.231918 0.930850
vn 0.288320 0.116157 0.950463
vn 0.290212 0.022368 0.956701
vn 0.290285 -0.000197 0.956940
vn 0.290275 -0.008216 0.956908
vn 0.290146 -0.030913 0.956483
vn 0.290284 -0.001669 0.956939
vn 0.290275 0.008090 0.956909
vn 0.290244 -0.016762 0.956806
vn 0.290282 -0.004283 0.956932
vn 0.290264 0.011982 0.956872
vn 0.290260 0.012969 0.956860
vn 0.290284 0.002324 0.956938
vn 0.290285 -0.000467 0.956940
vn 0.289959 -0.047323 0.955868
vn 0.290083 -0.037244 0.956276
vn 0.290107 0.034997 0.956354
vn 0.290284 0.002841 0.956936
vn 0.288086 -0.122841 0.949693
vn 0.283733 -0.211253 0.935343
vn 0.271532 -0.353596 0.895120
vn 0.252970 -0.490477 0.833929
vn 0.278140 -0.286227 0.916904
vn 0.284286 -0.202242 0.937166
vn 0.254959 -0.478100 0.840486
vn 0.256996 -0.464972 0.847204
vn 0.265879 -0.401348 0.876486
vn -0.025456 0.997785 -0.061456
vn -0.044792 0.993126 -0.108137
vn -0.062908 0.986396 -0.151873
vn -0.037196 0.995265 -0.089798
vn 0.371299 0.242099 0.896396
vn 0.372250 0.231918 0.898690
vn 0.380093 0.116157 0.917626
vn 0.382588 0.022368 0.923648
vn 0.382683 -0.000197 0.923880
vn 0.382671 -0.008216 0.923848
vn 0.382501 -0.030913 0.923438
vn 0.382683 -0.001669 0.923878
vn 0.382671 0.008090 0.923849
vn 0.382630 -0.016762 0.923750
vn 0.382680 -0.004283 0.923871
vn 0.382656 0.011982 0.923813
vn 0.382651 0.012969 0.923802
vn 0.382682 0.002324 0.923877
vn 0.382683 -0.000467 0.923879
vn 0.382255 -0.047323 0.922844
vn 0.382418 -0.037244 0.923239
vn 0.382449 0.034997 0.923314
vn 0.382682 0.002841 0.923876
vn 0.379785 -0.122841 0.916882
vn 0.374047 -0.211253 0.903029
vn 0.357961 -0.353596 0.864195
vn 0.333491 -0.490477 0.805118
vn 0.366673 -0.286227 0.885226
vn 0.374775 -0.202242 0.904788
vn 0.336113 -0.478100 0.811448
vn 0.338799 -0.464972 0.817934
vn 0.350510 -0.401348 0.846205
vn -0.031357 0.997785 -0.058665
vn -0.055176 0.993126 -0.103226
vn -0.077491 0.986396 -0.144976
vn -0.045818 0.995265 -0.085720
vn 0.457373 0.242099 0.855686
vn 0.458544 0.231918 0.857876
vn 0.468206 0.116157 0.875951
vn 0.471279 0.022368 0.881701
vn 0.471397 -0.000197 0.881921
vn 0.471381 -0.008216 0.881891
vn 0.471171 -0.030913 0.881500
vn 0.471396 -0.001669 0.881920
vn 0.471381 0.008090 0.881892
vn 0.471331 -0.016762 0.881797
vn 0.471392 -0.004283 0.881913
vn 0.471363 0.011982 0.881858
vn 0.471357 0.012969 0.881847
vn 0.471395 0.002324 0.881919
vn 0.471397 -0.000467 0.881921
vn 0.470869 -0.047323 0.880933
vn 0.471070 -0.037244 0.881309
vn 0.471108 0.034997 0.881381
vn 0.471395 0.002841 0.881918
vn 0.467827 -0.122841 0.875242
vn 0.460758 -0.211253 0.862018
vn 0.440944 -0.353596 0.824947
vn 0.410801 -0.490477 0.768554
vn 0.451674 -0.286227 0.845023
vn 0.461656 -0.202242 0.863697
vn 0.414030 -0.478100 0.774596
vn 0.417339 -0.464972 0.780787
vn 0.431764 -0.401348 0.807774
vn -0.036956 0.997785 -0.055309
vn -0.065028 0.993126 -0.097321
vn -0.091328 0.986396 -0.136683
vn -0.054000 0.995265 -0.080816
vn 0.539043 0.242099 0.806735
vn 0.540423 0.231918 0.808800
vn 0.551809 0.116157 0.825841
vn 0.555431 0.022368 0.831262
vn 0.555570 -0.000197 0.831470
vn 0.555551 -0.008216 0.831442
vn 0.555305 -0.030913 0.831072
vn 0.555569 -0.001669 0.831468
vn 0.555552 0.008090 0.831442
vn 0.555492 -0.016762 0.831353
vn 0.555565 -0.004283 0.831462
vn 0.555530 0.011982 0.831410
vn 0.555524 0.012969 0.831400
vn 0.555569 0.002324 0.831467
vn 0.555570 -0.000467 0.831470
vn 0.554948 -0.047323 0.830538
vn 0.555185 -0.037244 0.830893
vn 0.555230 0.034997 0.830960
vn 0.555568 0.002841 0.831466
vn 0.551363 -0.122841 0.825172
vn 0.543032 -0.211253 0.812704
vn 0.519679 -0.353596 0.777755
vn 0.484154 -0.490477 0.724587
vn 0.532326 -0.286227 0.796683
vn 0.544090 -0.202242 0.814288
vn 0.487960 -0.478100 0.730284
vn 0.491860 -0.464972 0.736121
vn 0.508861 -0.401348 0.761564
vn -0.042199 0.997785 -0.051420
vn -0.074254 0.993126 -0.090479
vn -0.104286 0.986396 -0.127073
vn -0.061661 0.995265 -0.075134
vn 0.615521 0.242099 0.750015
vn 0.617097 0.231918 0.751935
vn 0.630099 0.116157 0.767778
vn 0.634235 0.022368 0.772817
vn 0.634393 -0.000197 0.773010
vn 0.634372 -0.008216 0.772984
vn 0.634090 -0.030913 0.772641
vn 0.634392 -0.001669 0.773009
vn 0.634373 0.008090 0.772985
vn 0.634304 -0.016762 0.772902
vn 0.634387 -0.004283 0.773003
vn 0.634348 0.011982 0.772955
vn 0.634340 0.012969 0.772945
vn 0.634392 0.002324 0.773008
vn 0.634393 -0.000467 0.773010
vn 0.633683 -0.047323 0.772144
vn 0.633953 -0.037244 0.772474
vn 0.634005 0.034997 0.772537
vn 0.634391 0.002841 0.773007
vn 0.629589 -0.122841 0.767156
vn 0.620076 -0.211253 0.755565
vn 0.593410 -0.353596 0.723073
vn 0.552844 -0.490477 0.673643
vn 0.607852 -0.286227 0.740669
vn 0.621284 -0.202242 0.757037
vn 0.557191 -0.478100 0.678939
vn 0.561644 -0.464972 0.684366
vn 0.581057 -0.401348 0.708020
vn -0.047036 0.997785 -0.047036
vn -0.082765 0.993126 -0.082765
vn -0.116239 0.986396 -0.116239
vn -0.068729 0.995265 -0.068729
vn 0.686071 0.242099 0.686071
vn 0.687828 0.231918 0.687828
vn 0.702320 0.116157 0.702320
vn 0.706930 0.022368 0.706930
vn 0.707107 -0.000197 0.707107
vn 0.707083 -0.008216 0.707083
vn 0.706769 -0.030913 0.706769
vn 0.707106 -0.001669 0.707106
vn 0.707084 0.008090 0.707084
vn 0.707007 -0.016762 0.707007
vn 0.707100 -0.004283 0.707100
vn 0.707056 0.011982 0.707056
vn 0.707047 0.012969 0.707047
vn 0.707105 0.002324 0.707105
vn 0.707107 -0.000467 0.707107
vn 0.706315 -0.047323 0.706315
vn 0.706616 -0.037244 0.706616
vn 0.706674 0.034997 0.706674
vn 0.707104 0.002841 0.707104
vn 0.701751 -0.122841 0.701751
vn 0.691148 -0.211253 0.691148
vn 0.661426 -0.353596 0.661426
vn 0.616211 -0.490477 0.616211
vn 0.677523 -0.286227 0.677523
vn 0.692495 -0.202242 0.692495
vn 0.621056 -0.478100 0.621056
vn 0.626020 -0.464972 0.626020
vn 0.647657 -0.401348 0.647657
vn -0.051420 0.997785 -0.042199
vn -0.090479 0.993126 -0.074254
vn -0.127073 0.986396 -0.104286
vn -0.075134 0.995265 -0.061661
vn 0.750015 0.242099 0.615521
vn 0.751935 0.231918 0.617097
vn 0.767778 0.116157 0.630099
vn 0.772817 0.022368 0.634235
vn 0.773010 -0.000197 0.634393
vn 0.772984 -0.008216 0.634372
vn 0.772641 -0.030913 0.634090
vn 0.773009 -0.001669 0.634392
vn 0.772985 0.008090 0.634373
vn 0.772902 -0.016762 0.634304
vn 0.773003 -0.004283 0.634387
vn 0.772955 0.011982 0.634348
vn 0.772945 0.012969 0.634340
vn 0.773008 0.002324 0.634392
vn 0.773010 -0.000467 0.634393
vn 0.772144 -0.047323 0.633683
vn 0.772474 -0.037244 0.633953
vn 0.772537 0.034997 0.634005
vn 0.773007 0.002841 0.634391
vn 0.767156 -0.122841 0.629589
vn 0.755565 -0.211253 0.620076
vn 0.723073 -0.353596 0.593410
vn 0.673643 -0.490477 0.552844
vn 0.740669 -0.286227 0.607852
vn 0.757037 -0.202242 0.621284
vn 0.678939 -0.478100 0.557191
vn 0.684366 -0.464972 0.561644
vn 0.708020 -0.401348 0.581057
vn -0.055309 0.997785 -0.036956
vn -0.097321 0.993126 -0.065028
vn -0.136683 0.986396 -0.091328
vn -0.080816 0.995265 -0.054000
vn 0.806735 0.242099 0.539043
vn 0.808800 0.231918 0.540423
vn 0.825841 0.116157 0.551809
vn 0.831262 0.022368 0.555431
vn 0.831470 -0.000197 0.555570
vn 0.831442 -0.008216 0.555551
vn 0.831072 -0.030913 0.555305
vn 0.831468 -0.001669 0.555569
vn 0.831442 0.008090 0.555552
vn 0.831353 -0.016762 0.555492
vn 0.831462 -0.004283 0.555565
vn 0.831410 0.011982 0.555530
vn 0.831400 0.012969 0.555524
vn 0.831467 0.002324 0.555569
vn 0.831470 -0.000467 0.555570
vn 0.830538 -0.047323 0.554948
vn 0.830893 -0.037244 0.555185
vn 0.830960 0.034997 0.555230
vn 0.831466 0.002841 0.555568
vn 0.825172 -0.122841 0.551363
vn 0.812704 -0.211253 0.543032
vn 0.777755 -0.353596 0.519679
vn 0.724587 -0.490477 0.484154
vn 0.796683 -0.286227 0.532326
vn 0.814288 -0.202242 0.544090
vn 0.730284 -0.478100 0.487960
vn 0.736121 -0.464972 0.491860
vn 0.761564 -0.401348 0.508861
vn -0.058665 0.997785 -0.031357
vn -0.103226 0.993126 -0.055176
vn -0.144976 0.986396 -0.077491
vn -0.085720 0.995265 -0.045818
vn 0.855686 0.242099 0.457373
vn 0.857876 0.231918 0.458544
vn 0.875951 0.116157 0.468206
vn 0.881701 0.022368 0.471279
vn 0.881921 -0.000197 0.471397
vn 0.881891 -0.008216 0.471381
vn 0.881500 -0.030913 0.471171
vn 0.881920 -0.001669 0.471396
vn 0.881892 0.008090 0.471381
vn 0.881797 -0.016762 0.471331
vn 0.881913 -0.004283 0.471392
vn 0.881858 0.011982 0.471363
vn 0.881847 0.012969 0.471357
vn 0.881919 0.002324 0.471395
vn 0.881921 -0.000467 0.471397
vn 0.880933 -0.047323 0.470869
vn 0.881309 -0.037244 0.471070
vn 0.881381 0.034997 0.471108
vn 0.881918 0.002841 0.471395
vn 0.875242 -0.122841 0.467827
vn 0.862018 -0.211253 0.460758
vn 0.824947 -0.353596 0.440944
vn 0.768554 -0.490477 0.410801
vn 0.845023 -0.286227 0.451674
vn 0.863697 -0.202242 0.461656
vn 0.774596 -0.478100 0.414030
vn 0.780787 -0.464972 0.417339
vn 0.807774 -0.401348 0.431764
vn -0.061456 0.997785 -0.025456
vn -0.108137 0.993126 -0.044792
vn -0.151873 0.986396 -0.062908
vn -0.089798 0.995265 -0.037196
vn 0.896396 0.242099 0.371299
vn 0.898690 0.231918 0.372250
vn 0.917626 0.116157 0.380093
vn 0.923648 0.022368 0.382588
vn 0.923880 -0.000197 0.382683
vn 0.923848 -0.008216 0.382671
vn 0.923438 -0.030913 0.382501
vn 0.923878 -0.001669 0.382683
vn 0.923849 0.008090 0.382671
vn 0.923750 -0.016762 0.382630
vn 0.923871 -0.004283 0.382680
vn 0.923813 0.011982 0.382656
vn 0.923802 0.012969 0.382651
vn 0.923877 0.002324 0.382682
vn 0.923879 -0.000467 0.382683
vn 0.922844 -0.047323 0.382255
vn 0.923239 -0.037244 0.382418
vn 0.923314 0.034997 0.382449
vn 0.923876 0.002841 0.382682
vn 0.916882 -0.122841 0.379785
vn 0.903029 -0.211253 0.374047
vn 0.864195 -0.353596 0.357961
vn 0.805118 -0.490477 0.333491
vn 0.885226 -0.286227 0.366673
vn 0.904788 -0.202242 0.374775
vn 0.811448 -0.478100 0.336113
vn 0.817934 -0.464972 0.338799
vn 0.846205 -0.401348 0.350510
vn -0.063655 0.997785 -0.019309
vn -0.112007 0.993126 -0.033977
vn -0.157308 0.986396 -0.047719
vn -0.093012 0.995265 -0.028215
vn 0.928473 0.242099 0.281649
vn 0.930850 0.231918 0.282370
vn 0.950463 0.116157 0.288320
vn 0.956701 0.022368 0.290212
vn 0.956940 -0.000197 0.290285
vn 0.956908 -0.008216 0.290275
vn 0.956483 -0.030913 0.290146
vn 0.956939 -0.001669 0.290284
vn 0.956909 0.008090 0.290275
vn 0.956806 -0.016762 0.290244
vn 0.956932 -0.004283 0.290282
vn 0.956872 0.011982 0.290264
vn 0.956860 0.012969 0.290260
vn 0.956938 0.002324 0.290284
vn 0.956940 -0.000467 0.290285
vn 0.955868 -0.047323 0.289959
vn 0.956276 -0.037244 0.290083
vn 0.956354 0.034997 0.290107
vn 0.956936 0.002841 0.290284
vn 0.949693 -0.122841 0.288086
vn 0.935343 -0.211253 0.283733
vn 0.895120 -0.353596 0.271532
vn 0.833929 -0.490477 0.252970
vn 0.916904 -0.286227 0.278140
vn 0.937166 -0.202242 0.284286
vn 0.840486 -0.478100 0.254959
vn 0.847204 -0.464972 0.256996
vn 0.876486 -0.401348 0.265879
vn -0.065241 0.997785 -0.012977
vn -0.114798 0.993126 -0.022835
vn -0.161228 0.986396 -0.032070
vn -0.095329 0.995265 -0.018962
vn 0.951608 0.242099 0.189287
vn 0.954045 0.231918 0.189771
vn 0.974146 0.116157 0.193770
vn 0.980540 0.022368 0.195042
vn 0.980785 -0.000197 0.195090
vn 0.980752 -0.008216 0.195084
vn 0.980317 -0.030913 0.194997
vn 0.980784 -0.001669 0.195090
vn 0.980753 0.008090 0.195084
vn 0.980647 -0.016762 0.195063
vn 0.980776 -0.004283 0.195089
vn 0.980715 0.011982 0.195076
vn 0.980703 0.012969 0.195074
vn 0.980783 0.002324 0.195090
vn 0.980785 -0.000467 0.195090
vn 0.979686 -0.047323 0.194872
vn 0.980105 -0.037244 0.194955
vn 0.980184 0.034997 0.194971
vn 0.980781 0.002841 0.195090
vn 0.973357 -0.122841 0.193613
vn 0.958650 -0.211253 0.190687
vn 0.917425 -0.353596 0.182487
vn 0.854709 -0.490477 0.170012
vn 0.939751 -0.286227 0.186928
vn 0.960518 -0.202242 0.191059
vn 0.861429 -0.478100 0.171349
vn 0.868314 -0.464972 0.172718
vn 0.898326 -0.401348 0.178688
vn -0.066199 0.997785 -0.006520
vn -0.116483 0.993126 -0.011473
vn -0.163595 0.986396 -0.016113
vn -0.096729 0.995265 -0.009527
vn 0.965580 0.242099 0.095101
vn 0.968051 0.231918 0.095345
vn 0.988448 0.116157 0.097354
vn 0.994936 0.022368 0.097993
vn 0.995185 -0.000197 0.098017
vn 0.995151 -0.008216 0.098014
vn 0.994709 -0.030913 0.097970
vn 0.995183 -0.001669 0.098017
vn 0.995152 0.008090 0.098014
vn 0.995045 -0.016762 0.098003
vn 0.995176 -0.004283 0.098016
vn 0.995113 0.011982 0.098010
vn 0.995101 0.012969 0.098009
vn 0.995182 0.002324 0.098017
vn 0.995185 -0.000467 0.098017
vn 0.994070 -0.047323 0.097907
vn 0.994494 -0.037244 0.097949
vn 0.994575 0.034997 0.097957
vn 0.995181 0.002841 0.098017
vn 0.987648 -0.122841 0.097275
vn 0.972725 -0.211253 0.095805
vn 0.930894 -0.353596 0.091685
vn 0.867258 -0.490477 0.085417
vn 0.953548 -0.286227 0.093916
vn 0.974620 -0.202242 0.095992
vn 0.874076 -0.478100 0.086089
vn 0.881062 -0.464972 0.086777
vn 0.911515 -0.401348 0.089776
vn -0.066519 0.997785 0.000000
vn -0.117047 0.993126 0.000000
vn -0.164387 0.986396 0.000000
vn -0.097197 0.995265 0.000000
vn 0.970252 0.242099 -0.000000
vn 0.972735 0.231918 -0.000000
vn 0.993231 0.116157 -0.000000
vn 0.999750 0.022368 -0.000000
vn 1.000000 -0.000197 -0.000000
vn 0.999966 -0.008216 -0.000000
vn 0.999522 -0.030913 -0.000000
vn 0.999999 -0.001669 -0.000000
vn 0.999967 0.008090 -0.000000
vn 0.999860 -0.016762 -0.000000
vn 0.999991 -0.004283 -0.000000
vn 0.999928 0.011982 -0.000000
vn 0.999916 0.012969 -0.000000
vn 0.999997 0.002324 -0.000000
vn 1.000000 -0.000467 -0.000000
vn 0.998880 -0.047323 -0.000000
vn 0.999306 -0.037244 -0.000000
vn 0.999387 0.034997 -0.000000
vn 0.999996 0.002841 -0.000000
vn 0.992426 -0.122841 -0.000000
vn 0.977431 -0.211253 -0.000000
vn 0.935398 -0.353596 -0.000000
vn 0.871454 -0.490477 -0.000000
vn 0.958162 -0.286227 -0.000000
vn 0.979336 -0.202242 -0.000000
vn 0.878305 -0.478100 -0.000000
vn 0.885325 -0.464972 -0.000000
vn 0.915926 -0.401348 -0.000000
vn -0.066199 0.997785 0.006520
vn -0.116483 0.993126 0.011473
vn -0.163595 0.986396 0.016113
vn -0.096729 0.995265 0.009527
vn 0.965580 0.242099 -0.095101
vn 0.968051 0.231918 -0.095345
vn 0.988448 0.116157 -0.097354
vn 0.994936 0.022368 -0.097993
vn 0.995185 -0.000197 -0.098017
vn 0.995151 -0.008216 -0.098014
vn 0.994709 -0.030913 -0.097970
vn 0.995183 -0.001669 -0.098017
vn 0.995152 0.008090 -0.098014
vn 0.995045 -0.016762 -0.098003
vn 0.995176 -0.004283 -0.098016
vn 0.995113 0.011982 -0.098010
vn 0.995101 0.012969 -0.098009
vn 0.995182 0.002324 -0.098017
vn 0.995185 -0.000467 -0.098017
vn 0.994070 -0.047323 -0.097907
vn 0.994494 -0.037244 -0.097949
vn 0.994575 0.034997 -0.097957
vn 0.995181 0.002841 -0.098017
vn 0.987648 -0.122841 -0.097275
vn 0.972725 -0.211253 -0.095805
vn 0.930894 -0.353596 -0.091685
vn 0.867258 -0.490477 -0.085417
vn 0.953548 -0.286227 -0.093916
vn 0.974620 -0.202242 -0.095992
vn 0.874076 -0.478100 -0.086089
vn 0.881062 -0.464972 -0.086777
vn 0.911515 -0.401348 -0.089776
vn -0.065241 0.997785 0.012977
vn -0.114798 0.993126 0.022835
vn -0.161228 0.986396 0.032070
vn -0.095329 0.995265 0.018962
vn 0.951608 0.242099 -0.189287
vn 0.954045 0.231918 -0.189771
vn 0.974146 0.116157 -0.193770
vn 0.980540 0.022368 -0.195042
vn 0.980785 -0.000197 -0.195090
vn 0.980752 -0.008216 -0.195084
vn 0.980317 -0.030913 -0.194997
vn 0.980784 -0.001669 -0.195090
vn 0.980753 0.008090 -0.195084
vn 0.980647 -0.016762 -0.195063
vn 0.980776 -0.004283 -0.195089
vn 0.980715 0.011982 -0.195076
vn 0.980703 0.012969 -0.195074
vn 0.980783 0.002324 -0.195090
vn 0.980785 -0.000467 -0.195090
vn 0.979686 -0.047323 -0.194872
vn 0.980105 -0.037244 -0.194955
vn 0.980184 0.034997 -0.194971
vn 0.980781 0.002841 -0.195090
vn 0.973357 -0.122841 -0.193613
vn 0.958650 -0.211253 -0.190687
vn 0.917425 -0.353596 -0.182487
vn 0.854709 -0.490477 -0.170012
vn 0.939751 -0.286227 -0.186928
vn 0.960518 -0.202242 -0.191059
vn 0.861429 -0.478100 -0.171349
vn 0.868314 -0.464972 -0.172718
vn 0.898326 -0.401348 -0.178688
vn -0.063655 0.997785 0.019309
vn -0.112007 0.993126 0.033977
vn -0.157308 0.986396 0.047719
vn -0.093012 0.995265 0.028215
vn 0.928473 0.242099 -0.281649
vn 0.930850 0.231918 -0.282370
vn 0.950463 0.116157 -0.288320
vn 0.956701 0.022368 -0.290212
vn 0.956940 -0.000197 -0.290285
vn 0.956908 -0.008216 -0.290275
vn 0.956483 -0.030913 -0.290146
vn 0.956939 -0.001669 -0.290284
vn 0.956909 0.008090 -0.290275
vn 0.956806 -0.016762 -0.290244
vn 0.956932 -0.004283 -0.290282
vn 0.956872 0.011982 -0.290264
vn 0.956860 0.012969 -0.290260
vn 0.956938 0.002324 -0.290284
vn 0.956940 -0.000467 -0.290285
vn 0.955868 -0.047323 -0.289959
vn 0.956276 -0.037244 -0.290083
vn 0.956354 0.034997 -0.290107
vn 0.956936 0.002841 -0.290284
vn 0.949693 -0.122841 -0.288086
vn 0.935343 -0.211253 -0.283733
vn 0.895120 -0.353596 -0.271532
vn 0.833929 -0.490477 -0.252970
vn 0.916904 -0.286227 -0.278140
vn 0.937166 -0.202242 -0.284286
vn 0.840486 -0.478100 -0.254959
vn 0.847204 -0.464972 -0.256996
vn 0.876486 -0.401348 -0.265879
vn -0.061456 0.997785 0.025456
vn -0.108137 0.993126 0.044792
vn -0.151873 0.986396 0.062908
vn -0.089798 0.995265 0.037196
vn 0.896396 0.242099 -0.371299
vn 0.898690 0.231918 -0.372250
vn 0.917626 0.116157 -0.380093
vn 0.923648 0.022368 -0.382588
vn 0.923880 -0.000197 -0.382683
vn 0.923848 -0.008216 -0.382671
vn 0.923438 -0.030913 -0.382501
vn 0.923878 -0.001669 -0.382683
vn 0.923849 0.008090 -0.382671
vn 0.923750 -0.016762 -0.382630
vn 0.923871 -0.004283 -0.382680
vn 0.923813 0.011982 -0.382656
vn 0.923802 0.012969 -0.382651
vn 0.923877 0.002324 -0.382682
vn 0.923879 -0.000467 -0.382683
vn 0.922844 -0.047323 -0.382255
vn 0.923239 -0.037244 -0.382418
vn 0.923314 0.034997 -0.382449
vn 0.923876 0.002841 -0.382682
vn 0.916882 -0.122841 -0.379785
vn 0.903029 -0.211253 -0.374047
vn 0.864195 -0.353596 -0.357961
vn 0.805118 -0.490477 -0.333491
vn 0.885226 -0.286227 -0.366673
vn 0.904788 -0.202242 -0.374775
vn 0.811448 -0.478100 -0.336113
vn 0.817934 -0.464972 -0.338799
vn 0.846205 -0.401348 -0.350510
vn -0.058665 0.997785 0.031357
vn -0.103226 0.993126 0.055176
vn -0.144976 0.986396 0.077491
vn -0.085720 0.995265 0.045818
vn 0.855686 0.242099 -0.457373
vn 0.857876 0.231918 -0.458544
vn 0.875951 0.116157 -0.468206
vn 0.881701 0.022368 -0.471279
vn 0.881921 -0.000197 -0.471397
vn 0.881891 -0.008216 -0.471381
vn 0.881500 -0.030913 -0.471171
vn 0.881920 -0.001669 -0.471396
vn 0.881892 0.008090 -0.471381
vn 0.881797 -0.016762 -0.471331
vn 0.881913 -0.004283 -0.471392
vn 0.881858 0.011982 -0.471363
vn 0.881847 0.012969 -0.471357
vn 0.881919 0.002324 -0.471395
vn 0.881921 -0.000467 -0.471397
vn 0.880933 -0.047323 -0.470869
vn 0.881309 -0.037244 -0.471070
vn 0.881381 0.034997 -0.471108
vn 0.881918 0.002841 -0.471395
vn 0.875242 -0.122841 -0.467827
vn 0.862018 -0.211253 -0.460758
vn 0.824947 -0.353596 -0.440944
vn 0.768554 -0.490477 -0.410801
vn 0.845023 -0.286227 -0.451674
vn 0.863697 -0.202242 -0.461656
vn 0.774596 -0.478100 -0.414030
vn 0.780787 -0.464972 -0.417339
vn 0.807774 -0.401348 -0.431764
vn -0.055309 0.997785 0.036956
vn -0.097321 0.993126 0.065028
vn -0.136683 0.986396 0.091328
vn -0.080816 0.995265 0.054000
vn 0.806735 0.242099 -0.539043
vn 0.808800 0.231918 -0.540423
vn 0.825841 0.116157 -0.551809
vn 0.831262 0.022368 -0.555431
vn 0.831470 -0.000197 -0.555570
vn 0.831442 -0.008216 -0.555551
vn 0.831072 -0.030913 -0.555305
vn 0.831468 -0.001669 -0.555569
vn 0.831442 0.008090 -0.555552
vn 0.831353 -0.016762 -0.555492
vn 0.831462 -0.004283 -0.555565
vn 0.831410 0.011982 -0.555530
vn 0.831400 0.012969 -0.555524
vn 0.831467 0.002324 -0.555569
vn 0.831470 -0.000467 -0.555570
vn 0.830538 -0.047323 -0.554948
vn 0.830893 -0.037244 -0.555185
vn 0.830960 0.034997 -0.555230
vn 0.831466 0.002841 -0.555568
vn 0.825172 -0.122841 -0.551363
vn 0.812704 -0.211253 -0.543032
vn 0.777755 -0.353596 -0.519679
vn 0.724587 -0.490477 -0.484154
vn 0.796683 -0.286227 -0.532326
vn 0.814288 -0.202242 -0.544090
vn 0.730284 -0.478100 -0.487960
vn 0.736121 -0.464972 -0.491860
vn 0.761564 -0.401348 -0.508861
vn -0.051420 0.997785 0.042199
vn -0.090479 0.993126 0.074254
vn -0.127073 0.986396 0.104286
vn -0.075134 0.995265 0.061661
vn 0.750015 0.242099 -0.615521
vn 0.751935 0.231918 -0.617097
vn 0.767778 0.116157 -0.630099
vn 0.772817 0.022368 -0.634235
vn 0.773010 -0.000197 -0.634393
vn 0.772984 -0.008216 -0.634372
vn 0.772641 -0.030913 -0.634090
vn 0.773009 -0.001669 -0.634392
vn 0.772985 0.008090 -0.634373
vn 0.772902 -0.016762 -0.634304
vn 0.773003 -0.004283 -0.634387
vn 0.772955 0.011982 -0.634348
vn 0.772945 0.012969 -0.634340
vn 0.773008 0.002324 -0.634392
vn 0.773010 -0.000467 -0.634393
vn 0.772144 -0.047323 -0.633683
vn 0.772474 -0.037244 -0.633953
vn 0.772537 0.034997 -0.634005
vn 0.773007 0.002841 -0.634391
vn 0.767156 -0.122841 -0.629589
vn 0.755565 -0.211253 -0.620076
vn 0.723073 -0.353596 -0.593410
vn 0.673643 -0.490477 -0.552844
vn 0.740669 -0.286227 -0.607852
vn 0.757037 -0.202242 -0.621284
vn 0.678939 -0.478100 -0.557191
vn 0.684366 -0.464972 -0.561644
vn 0.708020 -0.401348 -0.581057
vn -0.047036 0.997785 0.047036
vn -0.082765 0.993126 0.082765
vn -0.116239 0.986396 0.116239
vn -0.068729 0.995265 0.068729
vn 0.686071 0.242099 -0.686071
vn 0.687828 0.231918 -0.687828
vn 0.702320 0.116157 -0.702320
vn 0.706930 0.022368 -0.706930
vn 0.707107 -0.000197 -0.707107
vn 0.707083 -0.008216 -0.707083
vn 0.706769 -0.030913 -0.706769
vn 0.707106 -0.001669 -0.707106
vn 0.707084 0.008090 -0.707084
vn 0.707007 -0.016762 -0.707007
vn 0.707100 -0.004283 -0.707100
vn 0.707056 0.011982 -0.707056
vn 0.707047 0.012969 -0.707047
vn 0.707105 0.002324 -0.707105
vn 0.707107 -0.000467 -0.707107
vn 0.706315 -0.047323 -0.706315
vn 0.706616 -0.037244 -0.706616
vn 0.706674 0.034997 -0.706674
vn 0.707104 0.002841 -0.707104
vn 0.701751 -0.122841 -0.701751
vn 0.691148 -0.211253 -0.691148
vn 0.661426 -0.353596 -0.661426
vn 0.616211 -0.490477 -0.616211
vn 0.677523 -0.286227 -0.677523
vn 0.692495 -0.202242 -0.692495
vn 0.621056 -0.478100 -0.621056
vn 0.626020 -0.464972 -0.626020
vn 0.647657 -0.401348 -0.647657
vn -0.042199 0.997785 0.051420
vn -0.074254 0.993126 0.090479
vn -0.104286 0.986396 0.127073
vn -0.061661 0.995265 0.075134
vn 0.615521 0.242099 -0.750015
vn 0.617097 0.231918 -0.751935
vn 0.630099 0.116157 -0.767778
vn 0.634235 0.022368 -0.772817
vn 0.634393 -0.000197 -0.773010
vn 0.634372 -0.008216 -0.772984
vn 0.634090 -0.030913 -0.772641
vn 0.634392 -0.001669 -0.773009
vn 0.634373 0.008090 -0.772985
vn 0.634304 -0.016762 -0.772902
vn 0.634387 -0.004283 -0.773003
vn 0.634348 0.011982 -0.772955
vn 0.634340 0.012969 -0.772945
vn 0.634392 0.002324 -0.773008
vn 0.634393 -0.000467 -0.773010
vn 0.633683 -0.047323 -0.772144
vn 0.633953 -0.037244 -0.772474
vn 0.634005 0.034997 -0.772537
vn 0.634391 0.002841 -0.773007
vn 0.629589 -0.122841 -0.767156
vn 0.620076 -0.211253 -0.755565
vn 0.593410 -0.353596 -0.723073
vn 0.552844 -0.490477 -0.673643
vn 0.607852 -0.286227 -0.740669
vn 0.621284 -0.202242 -0.757037
vn 0.557191 -0.478100 -0.678939
vn 0.561644 -0.464972 -0.684366
vn 0.581057 -0.401348 -0.708020
vn -0.036956 0.997785 0.055309
vn -0.065028 0.993126 0.097321
vn -0.091328 0.986396 0.136683
vn -0.054000 0.995265 0.080816
vn 0.539043 0.242099 -0.806735
vn 0.540423 0.231918 -0.808800
vn 0.551809 0.116157 -0.825841
vn 0.555431 0.022368 -0.831262
vn 0.555570 -0.000197 -0.831470
vn 0.555551 -0.008216 -0.831442
vn 0.555305 -0.030913 -0.831072
vn 0.555569 -0.001669 -0.831468
vn 0.555552 0.008090 -0.831442
vn 0.555492 -0.016762 -0.831353
vn 0.555565 -0.004283 -0.831462
vn 0.555530 0.011982 -0.831410
vn 0.555524 0.012969 -0.831400
vn 0.555569 0.002324 -0.831467
vn 0.555570 -0.000467 -0.831470
vn 0.554948 -0.047323 -0.830538
vn 0.555185 -0.037244 -0.830893
vn 0.555230 0.034997 -0.830960
vn 0.555568 0.002841 -0.831466
vn 0.551363 -0.122841 -0.825172
vn 0.543032 -0.211253 -0.812704
vn 0.519679 -0.353596 -0.777755
vn 0.484154 -0.490477 -0.724587
vn 0.532326 -0.286227 -0.796683
vn 0.544090 -0.202242 -0.814288
vn 0.487960 -0.478100 -0.730284
vn 0.491860 -0.464972 -0.736121
vn 0.508861 -0.401348 -0.761564
vn -0.031357 0.997785 0.058665
vn -0.055176 0.993126 0.103226
vn -0.077491 0.986396 0.144976
vn -0.045818 0.995265 0.085720
vn 0.457373 0.242099 -0.855686
vn 0.458544 0.231918 -0.857876
vn 0.468206 0.116157 -0.875951
vn 0.471279 0.022368 -0.881701
vn 0.471397 -0.000197 -0.881921
vn 0.471381 -0.008216 -0.881891
vn 0.471171 -0.030913 -0.881500
vn 0.471396 -0.001669 -0.881920
vn 0.471381 0.008090 -0.881892
vn 0.471331 -0.016762 -0.881797
vn 0.471392 -0.004283 -0.881913
vn 0.471363 0.011982 -0.881858
vn 0.471357 0.012969 -0.881847
vn 0.471395 0.002324 -0.881919
vn 0.471397 -0.000467 -0.881921
vn 0.470869 -0.047323 -0.880933
vn 0.471070 -0.037244 -0.881309
vn 0.471108 0.034997 -0.881381
vn 0.471395 0.002841 -0.881918
vn 0.467827 -0.122841 -0.875242
vn 0.460758 -0.211253 -0.862018
vn 0.440944 -0.353596 -0.824947
vn 0.410801 -0.490477 -0.768554
vn 0.451674 -0.286227 -0.845023
vn 0.461656 -0.202242 -0.863697
vn 0.414030 -0.478100 -0.774596
vn 0.417339 -0.464972 -0.780787
vn 0.431764 -0.401348 -0.807774
vn -0.025456 0.997785 0.061456
vn -0.044792 0.993126 0.108137
vn -0.062908 0.986396 0.151873
vn -0.037196 0.995265 0.089798
vn 0.371299 0.242099 -0.896396
vn 0.372250 0.231918 -0.898690
vn 0.380093 0.116157 -0.917626
vn 0.382588 0.022368 -0.923648
vn 0.382683 -0.000197 -0.923880
vn 0.382671 -0.008216 -0.923848
vn 0.382501 -0.030913 -0.923438
vn 0.382683 -0.001669 -0.923878
vn 0.382671 0.008090 -0.923849
vn 0.382630 -0.016762 -0.923750
vn 0.382680 -0.004283 -0.923871
vn 0.382656 0.011982 -0.923813
vn 0.382651 0.012969 -0.923802
vn 0.382682 0.002324 -0.923877
vn 0.382683 -0.000467 -0.923879
vn 0.382255 -0.047323 -0.922844
vn 0.382418 -0.037244 -0.923239
vn 0.382449 0.034997 -0.923314
vn 0.382682 0.002841 -0.923876
vn 0.379785 -0.122841 -0.916882
vn 0.374047 -0.211253 -0.903029
vn 0.357961 -0.353596 -0.864195
vn 0.333491 -0.490477 -0.805118
vn 0.366673 -0.286227 -0.885226
vn 0.374775 -0.202242 -0.904788
vn 0.336113 -0.478100 -0.811448
vn 0.338799 -0.464972 -0.817934
vn 0.350510 -0.401348 -0.846205
vn -0.019309 0.997785 0.063655
vn -0.033977 0.993126 0.112007
vn -0.047719 0.986396 0.157308
vn -0.028215 0.995265 0.093012
vn 0.281649 0.242099 -0.928473
vn 0.282370 0.231918 -0.930850
vn 0.288320 0.116157 -0.950463
vn 0.290212 0.022368 -0.956701
vn 0.290285 -0.000197 -0.956940
vn 0.290275 -0.008216 -0.956908
vn 0.290146 -0.030913 -0.956483
vn 0.290284 -0.001669 -0.956939
vn 0.290275 0.008090 -0.956909
vn 0.290244 -0.016762 -0.956806
vn 0.290282 -0.004283 -0.956932
vn 0.290264 0.011982 -0.956872
vn 0.290260 0.012969 -0.956860
vn 0.290284 0.002324 -0.956938
vn 0.290285 -0.000467 -0.956940
vn 0.289959 -0.047323 -0.955868
vn 0.290083 -0.037244 -0.956276
vn 0.290107 0.034997 -0.956354
vn 0.290284 0.002841 -0.956936
vn 0.288086 -0.122841 -0.949693
vn 0.283733 -0.211253 -0.935343
vn 0.271532 -0.353596 -0.895120
vn 0.252970 -0.490477 -0.833929
vn 0.278140 -0.286227 -0.916904
vn 0.284286 -0.202242 -0.937166
vn 0.254959 -0.478100 -0.840486
vn 0.256996 -0.464972 -0.847204
vn 0.265879 -0.401348 -0.876486
vn -0.012977 0.997785 0.065241
vn -0.022835 0.993126 0.114798
vn -0.032070 0.986396 0.161228
vn -0.018962 0.995265 0.095329
vn 0.189287 0.242099 -0.951608
vn 0.189771 0.231918 -0.954045
vn 0.193770 0.116157 -0.974146
vn 0.195042 0.022368 -0.980540
vn 0.195090 -0.000197 -0.980785
vn 0.195084 -0.008216 -0.980752
vn 0.194997 -0.030913 -0.980317
vn 0.195090 -0.001669 -0.980784
vn 0.195084 0.008090 -0.980753
vn 0.195063 -0.016762 -0.980647
vn 0.195089 -0.004283 -0.980776
vn 0.195076 0.011982 -0.980715
vn 0.195074 0.012969 -0.980703
vn 0.195090 0.002324 -0.980783
vn 0.195090 -0.000467 -0.980785
vn 0.194872 -0.047323 -0.979686
vn 0.194955 -0.037244 -0.980105
vn 0.194971 0.034997 -0.980184
vn 0.195090 0.002841 -0.980781
vn 0.193613 -0.122841 -0.973357
vn 0.190687 -0.211253 -0.958650
vn 0.182487 -0.353596 -0.917425
vn 0.170012 -0.490477 -0.854709
vn 0.186928 -0.286227 -0.939751
vn 0.191059 -0.202242 -0.960518
vn 0.171349 -0.478100 -0.861429
vn 0.172718 -0.464972 -0.868314
vn 0.178688 -0.401348 -0.898326
vn -0.006520 0.997785 0.066199
vn -0.011473 0.993126 0.116483
vn -0.016113 0.986396 0.163595
vn -0.009527 0.995265 0.096729
vn 0.095101 0.242099 -0.965580
vn 0.095345 0.231918 -0.968051
vn 0.097354 0.116157 -0.988448
vn 0.097993 0.022368 -0.994936
vn 0.098017 -0.000197 -0.995185
vn 0.098014 -0.008216 -0.995151
vn 0.097970 -0.030913 -0.994709
vn 0.098017 -0.001669 -0.995183
vn 0.098014 0.008090 -0.995152
vn 0.098003 -0.016762 -0.995045
vn 0.098016 -0.004283 -0.995176
vn 0.098010 0.011982 -0.995113
vn 0.098009 0.012969 -0.995101
vn 0.098017 0.002324 -0.995182
vn 0.098017 -0.000467 -0.995185
vn 0.097907 -0.047323 -0.994070
vn 0.097949 -0.037244 -0.994494
vn 0.097957 0.034997 -0.994575
vn 0.098017 0.002841 -0.995181
vn 0.097275 -0.122841 -0.987648
vn 0.095805 -0.211253 -0.972725
vn 0.091685 -0.353596 -0.930894
vn 0.085417 -0.490477 -0.867258
vn 0.093916 -0.286227 -0.953548
vn 0.095992 -0.202242 -0.974620
vn 0.086089 -0.478100 -0.874076
vn 0.086777 -0.464972 -0.881062
vn 0.089776 -0.401348 -0.911515
vn 0.000000 0.997785 0.066519
vn 0.000000 0.993126 0.117047
vn 0.000000 0.986396 0.164387
vn 0.000000 0.995265 0.097197
vn 0.000000 0.242099 -0.970252
vn 0.000000 0.231918 -0.972735
vn 0.000000 0.116157 -0.993231
vn 0.000000 0.022368 -0.999750
vn 0.000000 -0.000197 -1.000000
vn 0.000000 -0.008216 -0.999966
vn 0.000000 -0.030913 -0.999522
vn 0.000000 -0.001669 -0.999999
vn 0.000000 0.008090 -0.999967
vn 0.000000 -0.016762 -0.999860
vn 0.000000 -0.004283 -0.999991
vn 0.000000 0.011982 -0.999928
vn 0.000000 0.012969 -0.999916
vn 0.000000 0.002324 -0.999997
vn 0.000000 -0.000467 -1.000000
vn 0.000000 -0.047323 -0.998880
vn 0.000000 -0.037244 -0.999306
vn 0.000000 0.034997 -0.999387
vn 0.000000 0.002841 -0.999996
vn 0.000000 -0.122841 -0.992426
vn 0.000000 -0.211253 -0.977431
vn 0.000000 -0.353596 -0.935398
vn 0.000000 -0.490477 -0.871454
vn 0.000000 -0.286227 -0.958162
vn 0.000000 -0.202242 -0.979336
vn 0.000000 -0.478100 -0.878305
vn 0.000000 -0.464972 -0.885325
vn 0.000000 -0.401348 -0.915926
vn 0.006520 0.997785 0.066199
vn 0.011473 0.993126 0.116483
vn 0.016113 0.986396 0.163595
vn 0.009527 0.995265 0.096729
vn -0.095101 0.242099 -0.965580
vn -0.095345 0.231918 -0.968051
vn -0.097354 0.116157 -0.988448
vn -0.097993 0.022368 -0.994936
vn -0.098017 -0.000197 -0.995185
vn -0.098014 -0.008216 -0.995151
vn -0.097970 -0.030913 -0.994709
vn -0.098017 -0.001669 -0.995183
vn -0.098014 0.008090 -0.995152
vn -0.098003 -0.016762 -0.995045
vn -0.098016 -0.004283 -0.995176
vn -0.098010 0.011982 -0.995113
vn -0.098009 0.012969 -0.995101
vn -0.098017 0.002324 -0.995182
vn -0.098017 -0.000467 -0.995185
vn -0.097907 -0.047323 -0.994070
vn -0.097949 -0.037244 -0.994494
vn -0.097957 0.034997 -0.994575
vn -0.098017 0.002841 -0.995181
vn -0.097275 -0.122841 -0.987648
vn -0.095805 -0.211253 -0.972725
vn -0.091685 -0.353596 -0.930894
vn -0.085417 -0.490477 -0.867258
vn -0.093916 -0.286227 -0.953548
vn -0.095992 -0.202242 -0.974620
vn -0.086089 -0.478100 -0.874076
vn -0.086777 -0.464972 -0.881062
vn -0.089776 -0.401348 -0.911515
vn 0.012977 0.997785 0.065241
vn 0.022835 0.993126 0.114798
vn 0.032070 0.986396 0.161228
vn 0.018962 0.995265 0.095329
vn -0.189287 0.242099 -0.951608
vn -0.189771 0.231918 -0.954045
vn -0.193770 0.116157 -0.974146
vn -0.195042 0.022368 -0.980540
vn -0.195090 -0.000197 -0.980785
vn -0.195084 -0.008216 -0.980752
vn -0.194997 -0.030913 -0.980317
vn -0.195090 -0.001669 -0.980784
vn -0.195084 0.008090 -0.980753
vn -0.195063 -0.016762 -0.980647
vn -0.195089 -0.004283 -0.980776
vn -0.195076 0.011982 -0.980715
vn -0.195074 0.012969 -0.980703
vn -0.195090 0.002324 -0.980783
vn -0.195090 -0.000467 -0.980785
vn -0.194872 -0.047323 -0.979686
vn -0.194955 -0.037244 -0.980105
vn -0.194971 0.034997 -0.980184
vn -0.195090 0.002841 -0.980781
vn -0.193613 -0.122841 -0.973357
vn -0.190687 -0.211253 -0.958650
vn -0.182487 -0.353596 -0.917425
vn -0.170012 -0.490477 -0.854709
vn -0.186928 -0.286227 -0.939751
vn -0.191059 -0.202242 -0.960518
vn -0.171349 -0.478100 -0.861429
vn -0.172718 -0.464972 -0.868314
vn -0.178688 -0.401348 -0.898326
vn 0.019309 0.997785 0.063655
vn 0.033977 0.993126 0.112007
vn 0.047719 0.986396 0.157308
vn 0.028215 0.995265 0.093012
vn -0.281649 0.242099 -0.928473
vn -0.282370 0.231918 -0.930850
vn -0.288320 0.116157 -0.950463
vn -0.290212 0.022368 -0.956701
vn -0.290285 -0.000197 -0.956940
vn -0.290275 -0.008216 -0.956908
vn -0.290146 -0.030913 -0.956483
vn -0.290284 -0.001669 -0.956939
vn -0.290275 0.008090 -0.956909
vn -0.290244 -0.016762 -0.956806
vn -0.290282 -0.004283 -0.956932
vn -0.290264 0.011982 -0.956872
vn -0.290260 0.012969 -0.956860
vn -0.290284 0.002324 -0.956938
vn -0.290285 -0.000467 -0.956940
vn -0.289959 -0.047323 -0.955868
vn -0.290083 -0.037244 -0.956276
vn -0.290107 0.034997 -0.956354
vn -0.290284 0.002841 -0.956936
vn -0.288086 -0.122841 -0.949693
vn -0.283733 -0.211253 -0.935343
vn -0.271532 -0.353596 -0.895120
vn -0.252970 -0.490477 -0.833929
vn -0.278140 -0.286227 -0.916904
vn -0.284286 -0.202242 -0.937166
vn -0.254959 -0.478100 -0.840486
vn -0.256996 -0.464972 -0.847204
vn -0.265879 -0.401348 -0.876486
vn 0.025456 0.997785 0.061456
vn 0.044792 0.993126 0.108137
vn 0.062908 0.986396 0.151873
vn 0.037196 0.995265 0.089798
vn -0.371299 0.242099 -0.896396
vn -0.372250 0.231918 -0.898690
vn -0.380093 0.116157 -0.917626
vn -0.382588 0.022368 -0.923648
vn -0.382683 -0.000197 -0.923880
vn -0.382671 -0.008216 -0.923848
vn -0.382501 -0.030913 -0.923438
vn -0.382683 -0.001669 -0.923878
vn -0.382671 0.008090 -0.923849
vn -0.382630 -0.016762 -0.923750
vn -0.382680 -0.004283 -0.923871
vn -0.382656 0.011982 -0.923813
vn -0.382651 0.012969 -0.923802
vn -0.382682 0.002324 -0.923877
vn -0.382683 -0.000467 -0.923879
vn -0.382255 -0.047323 -0.922844
vn -0.382418 -0.037244 -0.923239
vn -0.382449 0.034997 -0.923314
vn -0.382682 0.002841 -0.923876
vn -0.379785 -0.122841 -0.916882
vn -0.374047 -0.211253 -0.903029
vn -0.357961 -0.353596 -0.864195
vn -0.333491 -0.490477 -0.805118
vn -0.366673 -0.286227 -0.885226
vn -0.374775 -0.202242 -0.904788
vn -0.336113 -0.478100 -0.811448
vn -0.338799 -0.464972 -0.817934
vn -0.350510 -0.401348 -0.846205
vn 0.031357 0.997785 0.058665
vn 0.055176 0.993126 0.103226
vn 0.077491 0.986396 0.144976
vn 0.045818 0.995265 0.085720
vn -0.457373 0.242099 -0.855686
vn -0.458544 0.231918 -0.857876
vn -0.468206 0.116157 -0.875951
vn -0.471279 0.022368 -0.881701
vn -0.471397 -0.000197 -0.881921
vn -0.471381 -0.008216 -0.881891
vn -0.471171 -0.030913 -0.881500
vn -0.471396 -0.001669 -0.881920
vn -0.471381 0.008090 -0.881892
vn -0.471331 -0.016762 -0.881797
vn -0.471392 -0.004283 -0.881913
vn -0.471363 0.011982 -0.881858
vn -0.471357 0.012969 -0.881847
vn -0.471395 0.002324 -0.881919
vn -0.471397 -0.000467 -0.881921
vn -0.470869 -0.047323 -0.880933
vn -0.471070 -0.037244 -0.881309
vn -0.471108 0.034997 -0.881381
vn -0.471395 0.002841 -0.881918
vn -0.467827 -0.122841 -0.875242
vn -0.460758 -0.211253 -0.862018
vn -0.440944 -0.353596 -0.824947
vn -0.410801 -0.490477 -0.768554
vn -0.451674 -0.286227 -0.845023
vn -0.461656 -0.202242 -0.863697
vn -0.414030 -0.478100 -0.774596
vn -0.417339 -0.464972 -0.780787
vn -0.431764 -0.401348 -0.807774
vn 0.036956 0.997785 0.055309
vn 0.065028 0.993126 0.097321
vn 0.091328 0.986396 0.136683
vn 0.054000 0.995265 0.080816
vn -0.539043 0.242099 -0.806735
vn -0.540423 0.231918 -0.808800
vn -0.551809 0.116157 -0.825841
vn -0.555431 0.022368 -0.831262
vn -0.555570 -0.000197 -0.831470
vn -0.555551 -0.008216 -0.831442
vn -0.555305 -0.030913 -0.831072
vn -0.555569 -0.001669 -0.831468
vn -0.555552 0.008090 -0.831442
vn -0.555492 -0.016762 -0.831353
vn -0.555565 -0.004283 -0.831462
vn -0.555530 0.011982 -0.831410
vn -0.555524 0.012969 -0.831400
vn -0.555569 0.002324 -0.831467
vn -0.555570 -0.000467 -0.831470
vn -0.554948 -0.047323 -0.830538
vn -0.555185 -0.037244 -0.830893
vn -0.555230 0.034997 -0.830960
vn -0.555568 0.002841 -0.831466
vn -0.551363 -0.122841 -0.825172
vn -0.543032 -0.211253 -0.812704
vn -0.519679 -0.353596 -0.777755
vn -0.484154 -0.490477 -0.724587
vn -0.532326 -0.286227 -0.796683
vn -0.544090 -0.202242 -0.814288
vn -0.487960 -0.478100 -0.730284
vn -0.491860 -0.464972 -0.736121
vn -0.508861 -0.401348 -0.761564
vn 0.042199 0.997785 0.051420
vn 0.074254 0.993126 0.090479
vn 0.104286 0.986396 0.127073
vn 0.061661 0.995265 0.075134
vn -0.615521 0.242099 -0.750015
vn -0.617097 0.231918 -0.751935
vn -0.630099 0.116157 -0.767778
vn -0.634235 0.022368 -0.772817
vn -0.634393 -0.000197 -0.773010
vn -0.634372 -0.008216 -0.772984
vn -0.634090 -0.030913 -0.772641
vn -0.634392 -0.001669 -0.773009
vn -0.634373 0.008090 -0.772985
vn -0.634304 -0.016762 -0.772902
vn -0.634387 -0.004283 -0.773003
vn -0.634348 0.011982 -0.772955
vn -0.634340 0.012969 -0.772945
vn -0.634392 0.002324 -0.773008
vn -0.634393 -0.000467 -0.773010
vn -0.633683 -0.047323 -0.772144
vn -0.633953 -0.037244 -0.772474
vn -0.634005 0.034997 -0.772537
vn -0.634391 0.002841 -0.773007
vn -0.629589 -0.122841 -0.767156
vn -0.620076 -0.211253 -0.755565
vn -0.593410 -0.353596 -0.723073
vn -0.552844 -0.490477 -0.673643
vn -0.607852 -0.286227 -0.740669
vn -0.621284 -0.202242 -0.757037
vn -0.557191 -0.478100 -0.678939
vn -0.561644 -0.464972 -0.684366
vn -0.581057 -0.401348 -0.708020
vn 0.047036 0.997785 0.047036
vn 0.082765 0.993126 0.082765
vn 0.116239 0.986396 0.116239
vn 0.068729 0.995265 0.068729
vn -0.686071 0.242099 -0.686071
vn -0.687828 0.231918 -0.687828
vn -0.702320 0.116157 -0.702320
vn -0.706930 0.022368 -0.706930
vn -0.707107 -0.000197 -0.707107
vn -0.707083 -0.008216 -0.707083
vn -0.706769 -0.030913 -0.706769
vn -0.707106 -0.001669 -0.707106
vn -0.707084 0.008090 -0.707084
vn -0.707007 -0.016762 -0.707007
vn -0.707100 -0.004283 -0.707100
vn -0.707056 0.011982 -0.707056
vn -0.707047 0.012969 -0.707047
vn -0.707105 0.002324 -0.707105
vn -0.707107 -0.000467 -0.707107
vn -0.706315 -0.047323 -0.706315
vn -0.706616 -0.037244 -0.706616
vn -0.706674 0.034997 -0.706674
vn -0.707104 0.002841 -0.707104
vn -0.701751 -0.122841 -0.701751
vn -0.691148 -0.211253 -0.691148
vn -0.661426 -0.353596 -0.661426
vn -0.616211 -0.490477 -0.616211
vn -0.677523 -0.286227 -0.677523
vn -0.692495 -0.202242 -0.692495
vn -0.621056 -0.478100 -0.621056
vn -0.626020 -0.464972 -0.626020
vn -0.647657 -0.401348 -0.647657
vn 0.051420 0.997785 0.042199
vn 0.090479 0.993126 0.074254
vn 0.127073 0.986396 0.104286
vn 0.075134 0.995265 0.061661
vn -0.750015 0.242099 -0.615521
vn -0.751935 0.231918 -0.617097
vn -0.767778 0.116157 -0.630099
vn -0.772817 0.022368 -0.634235
vn -0.773010 -0.000197 -0.634393
vn -0.772984 -0.008216 -0.634372
vn -0.772641 -0.030913 -0.634090
vn -0.773009 -0.001669 -0.634392
vn -0.772985 0.008090 -0.634373
vn -0.772902 -0.016762 -0.634304
vn -0.773003 -0.004283 -0.634387
vn -0.772955 0.011982 -0.634348
vn -0.772945 0.012969 -0.634340
vn -0.773008 0.002324 -0.634392
vn -0.773010 -0.000467 -0.634393
vn -0.772144 -0.047323 -0.633683
vn -0.772474 -0.037244 -0.633953
vn -0.772537 0.034997 -0.634005
vn -0.773007 0.002841 -0.634391
vn -0.767156 -0.122841 -0.629589
vn -0.755565 -0.211253 -0.620076
vn -0.723073 -0.353596 -0.593410
vn -0.673643 -0.490477 -0.552844
vn -0.740669 -0.286227 -0.607852
vn -0.757037 -0.202242 -0.621284
vn -0.678939 -0.478100 -0.557191
vn -0.684366 -0.464972 -0.561644
vn -0.708020 -0.401348 -0.581057
vn 0.055309 0.997785 0.036956
vn 0.097321 0.993126 0.065028
vn 0.136683 0.986396 0.091328
vn 0.080816 0.995265 0.054000
vn -0.806735 0.242099 -0.539043
vn -0.808800 0.231918 -0.540423
vn -0.825841 0.116157 -0.551809
vn -0.831262 0.022368 -0.555431
vn -0.831470 -0.000197 -0.555570
vn -0.831442 -0.008216 -0.555551
vn -0.831072 -0.030913 -0.555305
vn -0.831468 -0.001669 -0.555569
vn -0.831442 0.008090 -0.555552
vn -0.831353 -0.016762 -0.555492
vn -0.831462 -0.004283 -0.555565
vn -0.831410 0.011982 -0.555530
vn -0.831400 0.012969 -0.555524
vn -0.831467 0.002324 -0.555569
vn -0.831470 -0.000467 -0.555570
vn -0.830538 -0.047323 -0.554948
vn -0.830893 -0.037244 -0.555185
vn -0.830960 0.034997 -0.555230
vn -0.831466 0.002841 -0.555568
vn -0.825172 -0.122841 -0.551363
vn -0.812704 -0.211253 -0.543032
vn -0.777755 -0.353596 -0.519679
vn -0.724587 -0.490477 -0.484154
vn -0.796683 -0.286227 -0.532326
vn -0.814288 -0.202242 -0.544090
vn -0.730284 -0.478100 -0.487960
vn -0.736121 -0.464972 -0.491860
vn -0.761564 -0.401348 -0.508861
vn 0.058665 0.997785 0.031357
vn 0.103226 0.993126 0.055176
vn 0.144976 0.986396 0.077491
vn 0.085720 0.995265 0.045818
vn -0.855686 0.242099 -0.457373
vn -0.857876 0.231918 -0.458544
vn -0.875951 0.116157 -0.468206
vn -0.881701 0.022368 -0.471279
vn -0.881921 -0.000197 -0.471397
vn -0.881891 -0.008216 -0.471381
vn -0.881500 -0.030913 -0.471171
vn -0.881920 -0.001669 -0.471396
vn -0.881892 0.008090 -0.471381
vn -0.881797 -0.016762 -0.471331
vn -0.881913 -0.004283 -0.471392
vn -0.881858 0.011982 -0.471363
vn -0.881847 0.012969 -0.471357
vn -0.881919 0.002324 -0.471395
vn -0.881921 -0.000467 -0.471397
vn -0.880933 -0.047323 -0.470869
vn -0.881309 -0.037244 -0.471070
vn -0.881381 0.034997 -0.471108
vn -0.881918 0.002841 -0.471395
vn -0.875242 -0.122841 -0.467827
vn -0.862018 -0.211253 -0.460758
vn -0.824947 -0.353596 -0.440944
vn -0.768554 -0.490477 -0.410801
vn -0.845023 -0.286227 -0.451674
vn -0.863697 -0.202242 -0.461656
vn -0.774596 -0.478100 -0.414030
vn -0.780787 -0.464972 -0.417339
vn -0.807774 -0.401348 -0.431764
vn 0.061456 0.997785 0.025456
vn 0.108137 0.993126 0.044792
vn 0.151873 0.986396 0.062908
vn 0.089798 0.995265 0.037196
vn -0.896396 0.242099 -0.371299
vn -0.898690 0.231918 -0.372250
vn -0.917626 0.116157 -0.380093
vn -0.923648 0.022368 -0.382588
vn -0.923880 -0.000197 -0.382683
vn -0.923848 -0.008216 -0.382671
vn -0.923438 -0.030913 -0.382501
vn -0.923878 -0.001669 -0.382683
vn -0.923849 0.008090 -0.382671
vn -0.923750 -0.016762 -0.382630
vn -0.923871 -0.004283 -0.382680
vn -0.923813 0.011982 -0.382656
vn -0.923802 0.012969 -0.382651
vn -0.923877 0.002324 -0.382682
vn -0.923879 -0.000467 -0.382683
vn -0.922844 -0.047323 -0.382255
vn -0.923239 -0.037244 -0.382418
vn -0.923314 0.034997 -0.382449
vn -0.923876 0.002841 -0.382682
vn -0.916882 -0.122841 -0.379785
vn -0.903029 -0.211253 -0.374047
vn -0.864195 -0.353596 -0.357961
vn -0.805118 -0.490477 -0.333491
vn -0.885226 -0.286227 -0.366673
vn -0.904788 -0.202242 -0.374775
vn -0.811448 -0.478100 -0.336113
vn -0.817934 -0.464972 -0.338799
vn -0.846205 -0.401348 -0.350510
vn 0.063655 0.997785 0.019309
vn 0.112007 0.993126 0.033977
vn 0.157308 0.986396 0.047719
vn 0.093012 0.995265 0.028215
vn -0.928473 0.242099 -0.281649
vn -0.930850 0.231918 -0.282370
vn -0.950463 0.116157 -0.288320
vn -0.956701 0.022368 -0.290212
vn -0.956940 -0.000197 -0.290285
vn -0.956908 -0.008216 -0.290275
vn -0.956483 -0.030913 -0.290146
vn -0.956939 -0.001669 -0.290284
vn -0.956909 0.008090 -0.290275
vn -0.956806 -0.016762 -0.290244
vn -0.956932 -0.004283 -0.290282
vn -0.956872 0.011982 -0.290264
vn -0.956860 0.012969 -0.290260
vn -0.956938 0.002324 -0.290284
vn -0.956940 -0.000467 -0.290285
vn -0.955868 -0.047323 -0.289959
vn -0.956276 -0.037244 -0.290083
vn -0.956354 0.034997 -0.290107
vn -0.956936 0.002841 -0.290284
vn -0.949693 -0.122841 -0.288086
vn -0.935343 -0.211253 -0.283733
vn -0.895120 -0.353596 -0.271532
vn -0.833929 -0.490477 -0.252970
vn -0.916904 -0.286227 -0.278140
vn -0.937166 -0.202242 -0.284286
vn -0.840486 -0.478100 -0.254959
vn -0.847204 -0.464972 -0.256996
vn -0.876486 -0.401348 -0.265879
vn 0.065241 0.997785 0.012977
vn 0.114798 0.993126 0.022835
vn 0.161228 0.986396 0.032070
vn 0.095329 0.995265 0.018962
vn -0.951608 0.242099 -0.189287
vn -0.954045 0.231918 -0.189771
vn -0.974146 0.116157 -0.193770
vn -0.980540 0.022368 -0.195042
vn -0.980785 -0.000197 -0.195090
vn -0.980752 -0.008216 -0.195084
vn -0.980317 -0.030913 -0.194997
vn -0.980784 -0.001669 -0.195090
vn -0.980753 0.008090 -0.195084
vn -0.980647 -0.016762 -0.195063
vn -0.980776 -0.004283 -0.195089
vn -0.980715 0.011982 -0.195076
vn -0.980703 0.012969 -0.195074
vn -0.980783 0.002324 -0.195090
vn -0.980785 -0.000467 -0.195090
vn -0.979686 -0.047323 -0.194872
vn -0.980105 -0.037244 -0.194955
vn -0.980184 0.034997 -0.194971
vn -0.980781 0.002841 -0.195090
vn -0.973357 -0.122841 -0.193613
vn -0.958650 -0.211253 -0.190687
vn -0.917425 -0.353596 -0.182487
vn -0.854709 -0.490477 -0.170012
vn -0.939751 -0.286227 -0.186928
vn -0.960518 -0.202242 -0.191059
vn -0.861429 -0.478100 -0.171349
vn -0.868314 -0.464972 -0.172718
vn -0.898326 -0.401348 -0.178688
vn 0.066199 0.997785 0.006520
vn 0.116483 0.993126 0.011473
vn 0.163595 0.986396 0.016113
vn 0.096729 0.995265 0.009527
vn -0.965580 0.242099 -0.095101
vn -0.968051 0.231918 -0.095345
vn -0.988448 0.116157 -0.097354
vn -0.994936 0.022368 -0.097993
vn -0.995185 -0.000197 -0.098017
vn -0.995151 -0.008216 -0.098014
vn -0.994709 -0.030913 -0.097970
vn -0.995183 -0.001669 -0.098017
vn -0.995152 0.008090 -0.098014
vn -0.995045 -0.016762 -0.098003
vn -0.995176 -0.004283 -0.098016
vn -0.995113 0.011982 -0.098010
vn -0.995101 0.012969 -0.098009
vn -0.995182 0.002324 -0.098017
vn -0.995185 -0.000467 -0.098017
vn -0.994070 -0.047323 -0.097907
vn -0.994494 -0.037244 -0.097949
vn -0.994575 0.034997 -0.097957
vn -0.995181 0.002841 -0.098017
vn -0.987648 -0.122841 -0.097275
vn -0.972725 -0.211253 -0.095805
vn -0.930894 -0.353596 -0.091685
vn -0.867258 -0.490477 -0.085417
vn -0.953548 -0.286227 -0.093916
vn -0.974620 -0.202242 -0.095992
vn -0.874076 -0.478100 -0.086089
vn -0.881062 -0.464972 -0.086777
vn -0.911515 -0.401348 -0.089776
vn 0.066519 0.997785 0.000000
vn 0.117047 0.993126 0.000000
vn 0.164387 0.986396 0.000000
vn 0.097197 0.995265 0.000000
vn -0.970252 0.242099 -0.000000
vn -0.972735 0.231918 -0.000000
vn -0.993231 0.116157 -0.000000
vn -0.999750 0.022368 -0.000000
vn -1.000000 -0.000197 -0.000000
vn -0.999966 -0.008216 -0.000000
vn -0.999522 -0.030913 -0.000000
vn -0.999999 -0.001669 -0.000000
vn -0.999967 0.008090 -0.000000
vn -0.999860 -0.016762 -0.000000
vn -0.999991 -0.004283 -0.000000
vn -0.999928 0.011982 -0.000000
vn -0.999916 0.012969 -0.000000
vn -0.999997 0.002324 -0.000000
vn -1.000000 -0.000467 -0.000000
vn -0.998880 -0.047323 -0.000000
vn -0.999306 -0.037244 -0.000000
vn -0.999387 0.034997 -0.000000
vn -0.999996 0.002841 -0.000000
vn -0.992426 -0.122841 -0.000000
vn -0.977431 -0.211253 -0.000000
vn -0.935398 -0.353596 -0.000000
vn -0.871454 -0.490477 -0.000000
vn -0.958162 -0.286227 -0.000000
vn -0.979336 -0.202242 -0.000000
vn -0.878305 -0.478100 -0.000000
vn -0.885325 -0.464972 -0.000000
vn -0.915926 -0.401348 -0.000000
vn 0.066199 0.997785 -0.006520
vn 0.116483 0.993126 -0.011473
vn 0.163595 0.986396 -0.016113
vn 0.096729 0.995265 -0.009527
vn -0.965580 0.242099 0.095101
vn -0.968051 0.231918 0.095345
vn -0.988448 0.116157 0.097354
vn -0.994936 0.022368 0.097993
vn -0.995185 -0.000197 0.098017
vn -0.995151 -0.008216 0.098014
vn -0.994709 -0.030913 0.097970
vn -0.995183 -0.001669 0.098017
vn -0.995152 0.008090 0.098014
vn -0.995045 -0.016762 0.098003
vn -0.995176 -0.004283 0.098016
vn -0.995113 0.011982 0.098010
vn -0.995101 0.012969 0.098009
vn -0.995182 0.002324 0.098017
vn -0.995185 -0.000467 0.098017
vn -0.994070 -0.047323 0.097907
vn -0.994494 -0.037244 0.097949
vn -0.994575 0.034997 0.097957
vn -0.995181 0.002841 0.098017
vn -0.987648 -0.122841 0.097275
vn -0.972725 -0.211253 0.095805
vn -0.930894 -0.353596 0.091685
vn -0.867258 -0.490477 0.085417
vn -0.953548 -0.286227 0.093916
vn -0.974620 -0.202242 0.095992
vn -0.874076 -0.478100 0.086089
vn -0.881062 -0.464972 0.086777
vn -0.911515 -0.401348 0.089776
vn 0.065241 0.997785 -0.012977
vn 0.114798 0.993126 -0.022835
vn 0.161228 0.986396 -0.032070
vn 0.095329 0.995265 -0.018962
vn -0.951608 0.242099 0.189287
vn -0.954045 0.231918 0.189771
vn -0.974146 0.116157 0.193770
vn -0.980540 0.022368 0.195042
vn -0.980785 -0.000197 0.195090
vn -0.980752 -0.008216 0.195084
vn -0.980317 -0.030913 0.194997
vn -0.980784 -0.001669 0.195090
vn -0.980753 0.008090 0.195084
vn -0.980647 -0.016762 0.195063
vn -0.980776 -0.004283 0.195089
vn -0.980715 0.011982 0.195076
vn -0.980703 0.012969 0.195074
vn -0.980783 0.002324 0.195090
vn -0.980785 -0.000467 0.195090
vn -0.979686 -0.047323 0.194872
vn -0.980105 -0.037244 0.194955
vn -0.980184 0.034997 0.194971
vn -0.980781 0.002841 0.195090
vn -0.973357 -0.122841 0.193613
vn -0.958650 -0.211253 0.190687
vn -0.917425 -0.353596 0.182487
vn -0.854709 -0.490477 0.170012
vn -0.939751 -0.286227 0.186928
vn -0.960518 -0.202242 0.191059
vn -0.861429 -0.478100 0.171349
vn -0.868314 -0.464972 0.172718
vn -0.898326 -0.401348 0.178688
vn 0.063655 0.997785 -0.019309
vn 0.112007 0.993126 -0.033977
vn 0.157308 0.986396 -0.047719
vn 0.093012 0.995265 -0.028215
vn -0.928473 0.242099 0.281649
vn -0.930850 0.231918 0.282370
vn -0.950463 0.116157 0.288320
vn -0.956701 0.022368 0.290212
vn -0.956940 -0.000197 0.290285
vn -0.956908 -0.008216 0.290275
vn -0.956483 -0.030913 0.290146
vn -0.956939 -0.001669 0.290284
vn -0.956909 0.008090 0.290275
vn -0.956806 -0.016762 0.290244
vn -0.956932 -0.004283 0.290282
vn -0.956872 0.011982 0.290264
vn -0.956860 0.012969 0.290260
vn -0.956938 0.002324 0.290284
vn -0.956940 -0.000467 0.290285
vn -0.955868 -0.047323 0.289959
vn -0.956276 -0.037244 0.290083
vn -0.956354 0.034997 0.290107
vn -0.956936 0.002841 0.290284
vn -0.949693 -0.122841 0.288086
vn -0.935343 -0.211253 0.283733
vn -0.895120 -0.353596 0.271532
vn -0.833929 -0.490477 0.252970
vn -0.916904 -0.286227 0.278140
vn -0.937166 -0.202242 0.284286
vn -0.840486 -0.478100 0.254959
vn -0.847204 -0.464972 0.256996
vn -0.876486 -0.401348 0.265879
vn 0.061456 0.997785 -0.025456
vn 0.108137 0.993126 -0.044792
vn 0.151873 0.986396 -0.062908
vn 0.089798 0.995265 -0.037196
vn -0.896396 0.242099 0.371299
vn -0.898690 0.231918 0.372250
vn -0.917626 0.116157 0.380093
vn -0.923648 0.022368 0.382588
vn -0.923880 -0.000197 0.382683
vn -0.923848 -0.008216 0.382671
vn -0.923438 -0.030913 0.382501
vn -0.923878 -0.001669 0.382683
vn -0.923849 0.008090 0.382671
vn -0.923750 -0.016762 0.382630
vn -0.923871 -0.004283 0.382680
vn -0.923813 0.011982 0.382656
vn -0.923802 0.012969 0.382651
vn -0.923877 0.002324 0.382682
vn -0.923879 -0.000467 0.382683
vn -0.922844 -0.047323 0.382255
vn -0.923239 -0.037244 0.382418
vn -0.923314 0.034997 0.382449
vn -0.923876 0.002841 0.382682
vn -0.916882 -0.122841 0.379785
vn -0.903029 -0.211253 0.374047
vn -0.864195 -0.353596 0.357961
vn -0.805118 -0.490477 0.333491
vn -0.885226 -0.286227 0.366673
vn -0.904788 -0.202242 0.374775
vn -0.811448 -0.478100 0.336113
vn -0.817934 -0.464972 0.338799
vn -0.846205 -0.401348 0.350510
vn 0.058665 0.997785 -0.031357
vn 0.103226 0.993126 -0.055176
vn 0.144976 0.986396 -0.077491
vn 0.085720 0.995265 -0.045818
vn -0.855686 0.242099 0.457373
vn -0.857876 0.231918 0.458544
vn -0.875951 0.116157 0.468206
vn -0.881701 0.022368 0.471279
vn -0.881921 -0.000197 0.471397
vn -0.881891 -0.008216 0.471381
vn -0.881500 -0.030913 0.471171
vn -0.881920 -0.001669 0.471396
vn -0.881892 0.008090 0.471381
vn -0.881797 -0.016762 0.471331
vn -0.881913 -0.004283 0.471392
vn -0.881858 0.011982 0.471363
vn -0.881847 0.012969 0.471357
vn -0.881919 0.002324 0.471395
vn -0.881921 -0.000467 0.471397
vn -0.880933 -0.047323 0.470869
vn -0.881309 -0.037244 0.471070
vn -0.881381 0.034997 0.471108
vn -0.881918 0.002841 0.471395
vn -0.875242 -0.122841 0.467827
vn -0.862018 -0.211253 0.460758
vn -0.824947 -0.353596 0.440944
vn -0.768554 -0.490477 0.410801
vn -0.845023 -0.286227 0.451674
vn -0.863697 -0.202242 0.461656
vn -0.774596 -0.478100 0.414030
vn -0.780787 -0.464972 0.417339
vn -0.807774 -0.401348 0.431764
vn 0.055309 0.997785 -0.036956
vn 0.097321 0.993126 -0.065028
vn 0.136683 0.986396 -0.091328
vn 0.080816 0.995265 -0.054000
vn -0.806735 0.242099 0.539043
vn -0.808800 0.231918 0.540423
vn -0.825841 0.116157 0.551809
vn -0.831262 0.022368 0.555431
vn -0.831470 -0.000197 0.555570
vn -0.831442 -0.008216 0.555551
vn -0.831072 -0.030913 0.555305
vn -0.831468 -0.001669 0.555569
vn -0.831442 0.008090 0.555552
vn -0.831353 -0.016762 0.555492
vn -0.831462 -0.004283 0.555565
vn -0.831410 0.011982 0.555530
vn -0.831400 0.012969 0.555524
vn -0.831467 0.002324 0.555569
vn -0.831470 -0.000467 0.555570
vn -0.830538 -0.047323 0.554948
vn -0.830893 -0.037244 0.555185
vn -0.830960 0.034997 0.555230
vn -0.831466 0.002841 0.555568
vn -0.825172 -0.122841 0.551363
vn -0.812704 -0.211253 0.543032
vn -0.777755 -0.353596 0.519679
vn -0.724587 -0.490477 0.484154
vn -0.796683 -0.286227 0.532326
vn -0.814288 -0.202242 0.544090
vn -0.730284 -0.478100 0.487960
vn -0.736121 -0.464972 0.491860
vn -0.761564 -0.401348 0.508861
vn 0.051420 0.997785 -0.042199
vn 0.090479 0.993126 -0.074254
vn 0.127073 0.986396 -0.104286
vn 0.075134 0.995265 -0.061661
vn -0.750015 0.242099 0.615521
vn -0.751935 0.231918 0.617097
vn -0.767778 0.116157 0.630099
vn -0.772817 0.022368 0.634235
vn -0.773010 -0.000197 0.634393
vn -0.772984 -0.008216 0.634372
vn -0.772641 -0.030913 0.634090
vn -0.773009 -0.001669 0.634392
vn -0.772985 0.008090 0.634373
vn -0.772902 -0.016762 0.634304
vn -0.773003 -0.004283 0.634387
vn -0.772955 0.011982 0.634348
vn -0.772945 0.012969 0.634340
vn -0.773008 0.002324 0.634392
vn -0.773010 -0.000467 0.634393
vn -0.772144 -0.047323 0.633683
vn -0.772474 -0.037244 0.633953
vn -0.772537 0.034997 0.634005
vn -0.773007 0.002841 0.634391
vn -0.767156 -0.122841 0.629589
vn -0.755565 -0.211253 0.620076
vn -0.723073 -0.353596 0.593410
vn -0.673643 -0.490477 0.552844
vn -0.740669 -0.286227 0.607852
vn -0.757037 -0.202242 0.621284
vn -0.678939 -0.478100 0.557191
vn -0.684366 -0.464972 0.561644
vn -0.708020 -0.401348 0.581057
vn 0.047036 0.997785 -0.047036
vn 0.082765 0.993126 -0.082765
vn 0.116239 0.986396 -0.116239
vn 0.068729 0.995265 -0.068729
vn -0.686071 0.242099 0.686071
vn -0.687828 0.231918 0.687828
vn -0.702320 0.116157 0.702320
vn -0.706930 0.022368 0.706930
vn -0.707107 -0.000197 0.707107
vn -0.707083 -0.008216 0.707083
vn -0.706769 -0.030913 0.706769
vn -0.707106 -0.001669 0.707106
vn -0.707084 0.008090 0.707084
vn -0.707007 -0.016762 0.707007
vn -0.707100 -0.004283 0.707100
vn -0.707056 0.011982 0.707056
vn -0.707047 0.012969 0.707047
vn -0.707105 0.002324 0.707105
vn -0.707107 -0.000467 0.707107
vn -0.706315 -0.047323 0.706315
vn -0.706616 -0.037244 0.706616
vn -0.706674 0.034997 0.706674
vn -0.707104 0.002841 0.707104
vn -0.701751 -0.122841 0.701751
vn -0.691148 -0.211253 0.691148
vn -0.661426 -0.353596 0.661426
vn -0.616211 -0.490477 0.616211
vn -0.677523 -0.286227 0.677523
vn -0.692495 -0.202242 0.692495
vn -0.621056 -0.478100 0.621056
vn -0.626020 -0.464972 0.626020
vn -0.647657 -0.401348 0.647657
vn 0.042199 0.997785 -0.051420
vn 0.074254 0.993126 -0.090479
vn 0.104286 0.986396 -0.127073
vn 0.061661 0.995265 -0.075134
vn -0.615521 0.242099 0.750015
vn -0.617097 0.231918 0.751935
vn -0.630099 0.116157 0.767778
vn -0.634235 0.022368 0.772817
vn -0.634393 -0.000197 0.773010
vn -0.634372 -0.008216 0.772984
vn -0.634090 -0.030913 0.772641
vn -0.634392 -0.001669 0.773009
vn -0.634373 0.008090 0.772985
vn -0.634304 -0.016762 0.772902
vn -0.634387 -0.004283 0.773003
vn -0.634348 0.011982 0.772955
vn -0.634340 0.012969 0.772945
vn -0.634392 0.002324 0.773008
vn -0.634393 -0.000467 0.773010
vn -0.633683 -0.047323 0.772144
vn -0.633953 -0.037244 0.772474
vn -0.634005 0.034997 0.772537
vn -0.634391 0.002841 0.773007
vn -0.629589 -0.122841 0.767156
vn -0.620076 -0.211253 0.755565
vn -0.593410 -0.353596 0.723073
vn -0.552844 -0.490477 0.673643
vn -0.607852 -0.286227 0.740669
vn -0.621284 -0.202242 0.757037
vn -0.557191 -0.478100 0.678939
vn -0.561644 -0.464972 0.684366
vn -0.581057 -0.401348 0.708020
vn 0.036956 0.997785 -0.055309
vn 0.065028 0.993126 -0.097321
vn 0.091328 0.986396 -0.136683
vn 0.054000 0.995265 -0.080816
vn -0.539043 0.242099 0.806735
vn -0.540423 0.231918 0.808800
vn -0.551809 0.116157 0.825841
vn -0.555431 0.022368 0.831262
vn -0.555570 -0.000197 0.831470
vn -0.555551 -0.008216 0.831442
vn -0.555305 -0.030913 0.831072
vn -0.555569 -0.001669 0.831468
vn -0.555552 0.008090 0.831442
vn -0.555492 -0.016762 0.831353
vn -0.555565 -0.004283 0.831462
vn -0.555530 0.011982 0.831410
vn -0.555524 0.012969 0.831400
vn -0.555569 0.002324 0.831467
vn -0.555570 -0.000467 0.831470
vn -0.554948 -0.047323 0.830538
vn -0.555185 -0.037244 0.830893
vn -0.555230 0.034997 0.830960
vn -0.555568 0.002841 0.831466
vn -0.551363 -0.122841 0.825172
vn -0.543032 -0.211253 0.812704
vn -0.519679 -0.353596 0.777755
vn -0.484154 -0.490477 0.724587
vn -0.532326 -0.286227 0.796683
vn -0.544090 -0.202242 0.814288
vn -0.487960 -0.478100 0.730284
vn -0.491860 -0.464972 0.736121
vn -0.508861 -0.401348 0.761564
vn 0.031357 0.997785 -0.058665
vn 0.055176 0.993126 -0.103226
vn 0.077491 0.986396 -0.144976
vn 0.045818 0.995265 -0.085720
vn -0.457373 0.242099 0.855686
vn -0.458544 0.231918 0.857876
vn -0.468206 0.116157 0.875951
vn -0.471279 0.022368 0.881701
vn -0.471397 -0.000197 0.881921
vn -0.471381 -0.008216 0.881891
vn -0.471171 -0.030913 0.881500
vn -0.471396 -0.001669 0.881920
vn -0.471381 0.008090 0.881892
vn -0.471331 -0.016762 0.881797
vn -0.471392 -0.004283 0.881913
vn -0.471363 0.011982 0.881858
vn -0.471357 0.012969 0.881847
vn -0.471395 0.002324 0.881919
vn -0.471397 -0.000467 0.881921
vn -0.470869 -0.047323 0.880933
vn -0.471070 -0.037244 0.881309
vn -0.471108 0.034997 0.881381
vn -0.471395 0.002841 0.881918
vn -0.467827 -0.122841 0.875242
vn -0.460758 -0.211253 0.862018
vn -0.440944 -0.353596 0.824947
vn -0.410801 -0.490477 0.768554
vn -0.451674 -0.286227 0.845023
vn -0.461656 -0.202242 0.863697
vn -0.414030 -0.478100 0.774596
vn -0.417339 -0.464972 0.780787
vn -0.431764 -0.401348 0.807774
vn 0.025456 0.997785 -0.061456
vn 0.044792 0.993126 -0.108137
vn 0.062908 0.986396 -0.151873
vn 0.037196 0.995265 -0.089798
vn -0.371299 0.242099 0.896396
vn -0.372250 0.231918 0.898690
vn -0.380093 0.116157 0.917626
vn -0.382588 0.022368 0.923648
vn -0.382683 -0.000197 0.923880
vn -0.382671 -0.008216 0.923848
vn -0.382501 -0.030913 0.923438
vn -0.382683 -0.001669 0.923878
vn -0.382671 0.008090 0.923849
vn -0.382630 -0.016762 0.923750
vn -0.382680 -0.004283 0.923871
vn -0.382656 0.011982 0.923813
vn -0.382651 0.012969 0.923802
vn -0.382682 0.002324 0.923877
vn -0.382683 -0.000467 0.923879
vn -0.382255 -0.047323 0.922844
vn -0.382418 -0.037244 0.923239
vn -0.382449 0.034997 0.923314
vn -0.382682 0.002841 0.923876
vn -0.379785 -0.122841 0.916882
vn -0.374047 -0.211253 0.903029
vn -0.357961 -0.353596 0.864195
vn -0.333491 -0.490477 0.805118
vn -0.366673 -0.286227 0.885226
vn -0.374775 -0.202242 0.904788
vn -0.336113 -0.478100 0.811448
vn -0.338799 -0.464972 0.817934
vn -0.350510 -0.401348 0.846205
vn 0.019309 0.997785 -0.063655
vn 0.033977 0.993126 -0.112007
vn 0.047719 0.986396 -0.157308
vn 0.028215 0.995265 -0.093012
vn -0.281649 0.242099 0.928473
vn -0.282370 0.231918 0.930850
vn -0.288320 0.116157 0.950463
vn -0.290212 0.022368 0.956701
vn -0.290285 -0.000197 0.956940
vn -0.290275 -0.008216 0.956908
vn -0.290146 -0.030913 0.956483
vn -0.290284 -0.001669 0.956939
vn -0.290275 0.008090 0.956909
vn -0.290244 -0.016762 0.956806
vn -0.290282 -0.004283 0.956932
vn -0.290264 0.011982 0.956872
vn -0.290260 0.012969 0.956860
vn -0.290284 0.002324 0.956938
vn -0.290285 -0.000467 0.956940
vn -0.289959 -0.047323 0.955868
vn -0.290083 -0.037244 0.956276
vn -0.290107 0.034997 0.956354
vn -0.290284 0.002841 0.956936
vn -0.288086 -0.122841 0.949693
vn -0.283733 -0.211253 0.935343
vn -0.271532 -0.353596 0.895120
vn -0.252970 -0.490477 0.833929
vn -0.278140 -0.286227 0.916904
vn -0.284286 -0.202242 0.937166
vn -0.254959 -0.478100 0.840486
vn -0.256996 -0.464972 0.847204
vn -0.265879 -0.401348 0.876486
vn 0.012977 0.997785 -0.065241
vn 0.022835 0.993126 -0.114798
vn 0.032070 0.986396 -0.161228
vn 0.018962 0.995265 -0.095329
vn -0.189287 0.242099 0.951608
vn -0.189771 0.231918 0.954045
vn -0.193770 0.116157 0.974146
vn -0.195042 0.022368 0.980540
vn -0.195090 -0.000197 0.980785
vn -0.195084 -0.008216 0.980752
vn -0.194997 -0.030913 0.980317
vn -0.195090 -0.001669 0.980784
vn -0.195084 0.008090 0.980753
vn -0.195063 -0.016762 0.980647
vn -0.195089 -0.004283 0.980776
vn -0.195076 0.011982 0.980715
vn -0.195074 0.012969 0.980703
vn -0.195090 0.002324 0.980783
vn -0.195090 -0.000467 0.980785
vn -0.194872 -0.047323 0.979686
vn -0.194955 -0.037244 0.980105
vn -0.194971 0.034997 0.980184
vn -0.195090 0.002841 0.980781
vn -0.193613 -0.122841 0.973357
vn -0.190687 -0.211253 0.958650
vn -0.182487 -0.353596 0.917425
vn -0.170012 -0.490477 0.854709
vn -0.186928 -0.286227 0.939751
vn -0.191059 -0.202242 0.960518
vn -0.171349 -0.478100 0.861429
vn -0.172718 -0.464972 0.868314
vn -0.178688 -0.401348 0.898326
vn 0.006520 0.997785 -0.066199
vn 0.011473 0.993126 -0.116483
vn 0.016113 0.986396 -0.163595
vn 0.009527 0.995265 -0.096729
vn -0.095101 0.242099 0.965580
vn -0.095345 0.231918 0.968051
vn -0.097354 0.116157 0.988448
vn -0.097993 0.022368 0.994936
vn -0.098017 -0.000197 0.995185
vn -0.098014 -0.008216 0.995151
vn -0.097970 -0.030913 0.994709
vn -0.098017 -0.001669 0.995183
vn -0.098014 0.008090 0.995152
vn -0.098003 -0.016762 0.995045
vn -0.098016 -0.004283 0.995176
vn -0.098010 0.011982 0.995113
vn -0.098009 0.012969 0.995101
vn -0.098017 0.002324 0.995182
vn -0.098017 -0.000467 0.995185
vn -0.097907 -0.047323 0.994070
vn -0.097949 -0.037244 0.994494
vn -0.097957 0.034997 0.994575
vn -0.098017 0.002841 0.995181
vn -0.097275 -0.122841 0.987648
vn -0.095805 -0.211253 0.972725
vn -0.091685 -0.353596 0.930894
vn -0.085417 -0.490477 0.867258
vn -0.093916 -0.286227 0.953548
vn -0.095992 -0.202242 0.974620
vn -0.086089 -0.478100 0.874076
vn -0.086777 -0.464972 0.881062
vn -0.089776 -0.401348 0.911515
vn 0.000000 0.997785 -0.066519
vn 0.000000 0.993126 -0.117047
vn 0.000000 0.986396 -0.164387
vn 0.000000 0.995265 -0.097197
vn -0.000000 0.242099 0.970252
vn -0.000000 0.231918 0.972735
vn -0.000000 0.116157 0.993231
vn -0.000000 0.022368 0.999750
vn -0.000000 -0.000197 1.000000
vn -0.000000 -0.008216 0.999966
vn -0.000000 -0.030913 0.999522
vn -0.000000 -0.001669 0.999999
vn -0.000000 0.008090 0.999967
vn -0.000000 -0.016762 0.999860
vn -0.000000 -0.004283 0.999991
vn -0.000000 0.011982 0.999928
vn -0.000000 0.012969 0.999916
vn -0.000000 0.002324 0.999997
vn -0.000000 -0.000467 1.000000
vn -0.000000 -0.047323 0.998880
vn -0.000000 -0.037244 0.999306
vn -0.000000 0.034997 0.999387
vn -0.000000 0.002841 0.999996
vn -0.000000 -0.122841 0.992426
vn -0.000000 -0.211253 0.977431
vn -0.000000 -0.353596 0.935398
vn -0.000000 -0.490477 0.871454
vn -0.000000 -0.286227 0.958162
vn -0.000000 -0.202242 0.979336
vn -0.000000 -0.478100 0.878305
vn -0.000000 -0.464972 0.885325
vn -0.000000 -0.401348 0.915926
vn -0.000000 0.000000 -1.000000
vn -0.000000 0.000000 -1.000000
vn -0.000000 0.000000 -1.000000
vn -0.000000 0.000000 -1.000000
vn -0.000000 0.707000 -0.707000
vn -0.049068 0.000000 -0.998795
vn -0.049068 0.000000 -0.998795
vn -0.049068 0.000000 -0.998795
vn -0.049068 0.000000 -0.998795
vn -0.034691 0.707000 -0.706148
vn -0.098017 0.000000 -0.995185
vn -0.098017 0.000000 -0.995185
vn -0.098017 0.000000 -0.995185
vn -0.098017 0.000000 -0.995185
vn -0.069298 0.707000 -0.703596
vn -0.146730 0.000000 -0.989177
vn -0.146730 0.000000 -0.989177
vn -0.146730 0.000000 -0.989177
vn -0.146730 0.000000 -0.989177
vn -0.103738 0.707000 -0.699348
vn -0.195090 0.000000 -0.980785
vn -0.195090 0.000000 -0.980785
vn -0.195090 0.000000 -0.980785
vn -0.195090 0.000000 -0.980785
vn -0.137929 0.707000 -0.693415
vn -0.242980 0.000000 -0.970031
vn -0.242980 0.000000 -0.970031
vn -0.242980 0.000000 -0.970031
vn -0.242980 0.000000 -0.970031
vn -0.171787 0.707000 -0.685812
vn -0.290285 0.000000 -0.956940
vn -0.290285 0.000000 -0.956940
vn -0.290285 0.000000 -0.956940
vn -0.290285 0.000000 -0.956940
vn -0.205231 0.707000 -0.676557
vn -0.336890 0.000000 -0.941544
vn -0.336890 0.000000 -0.941544
vn -0.336890 0.000000 -0.941544
vn -0.336890 0.000000 -0.941544
vn -0.238181 0.707000 -0.665672
vn -0.382683 0.000000 -0.923880
vn -0.382683 0.000000 -0.923880
vn -0.382683 0.000000 -0.923880
vn -0.382683 0.000000 -0.923880
vn -0.270557 0.707000 -0.653183
vn -0.427555 0.000000 -0.903989
vn -0.427555 0.000000 -0.903989
vn -0.427555 0.000000 -0.903989
vn -0.427555 0.000000 -0.903989
vn -0.302281 0.707000 -0.639120
vn -0.471397 0.000000 -0.881921
vn -0.471397 0.000000 -0.881921
vn -0.471397 0.000000 -0.881921
vn -0.471397 0.000000 -0.881921
vn -0.333277 0.707000 -0.623518
vn -0.514103 0.000000 -0.857729
vn -0.514103 0.000000 -0.857729
vn -0.514103 0.000000 -0.857729
vn -0.514103 0.000000 -0.857729
vn -0.363471 0.707000 -0.606414
vn -0.555570 0.000000 -0.831470
vn -0.555570 0.000000 -0.831470
vn -0.555570 0.000000 -0.831470
vn -0.555570 0.000000 -0.831470
vn -0.392788 0.707000 -0.587849
vn -0.595699 0.000000 -0.803208
vn -0.595699 0.000000 -0.803208
vn -0.595699 0.000000 -0.803208
vn -0.595699 0.000000 -0.803208
vn -0.421159 0.707000 -0.567868
vn -0.634393 0.000000 -0.773010
vn -0.634393 0.000000 -0.773010
vn -0.634393 0.000000 -0.773010
vn -0.634393 0.000000 -0.773010
vn -0.448516 0.707000 -0.546518
vn -0.671559 0.000000 -0.740951
vn -0.671559 0.000000 -0.740951
vn -0.671559 0.000000 -0.740951
vn -0.671559 0.000000 -0.740951
vn -0.474792 0.707000 -0.523852
vn -0.707107 0.000000 -0.707107
vn -0.707107 0.000000 -0.707107
vn -0.707107 0.000000 -0.707107
vn -0.707107 0.000000 -0.707107
vn -0.499924 0.707000 -0.499924
vn -0.740951 0.000000 -0.671559
vn -0.740951 0.000000 -0.671559
vn -0.740951 0.000000 -0.671559
vn -0.740951 0.000000 -0.671559
vn -0.523852 0.707000 -0.474792
vn -0.773010 0.000000 -0.634393
vn -0.773010 0.000000 -0.634393
vn -0.773010 0.000000 -0.634393
vn -0.773010 0.000000 -0.634393
vn -0.546518 0.707000 -0.448516
vn -0.803208 0.000000 -0.595699
vn -0.803208 0.000000 -0.595699
vn -0.803208 0.000000 -0.595699
vn -0.803208 0.000000 -0.595699
vn -0.567868 0.707000 -0.421159
vn -0.831470 0.000000 -0.555570
vn -0.831470 0.000000 -0.555570
vn -0.831470 0.000000 -0.555570
vn -0.831470 0.000000 -0.555570
vn -0.587849 0.707000 -0.392788
vn -0.857729 0.000000 -0.514103
vn -0.857729 0.000000 -0.514103
vn -0.857729 0.000000 -0.514103
vn -0.857729 0.000000 -0.514103
vn -0.606414 0.707000 -0.363471
vn -0.881921 0.000000 -0.471397
vn -0.881921 0.000000 -0.471397
vn -0.881921 0.000000 -0.471397
vn -0.881921 0.000000 -0.471397
vn -0.623518 0.707000 -0.333277
vn -0.903989 0.000000 -0.427555
vn -0.903989 0.000000 -0.427555
vn -0.903989 0.000000 -0.427555
vn -0.903989 0.000000 -0.427555
vn -0.639120 0.707000 -0.302281
vn -0.923880 0.000000 -0.382683
vn -0.923880 0.000000 -0.382683
vn -0.923880 0.000000 -0.382683
vn -0.923880 0.000000 -0.382683
vn -0.653183 0.707000 -0.270557
vn -0.941544 0.000000 -0.336890
vn -0.941544 0.000000 -0.336890
vn -0.941544 0.000000 -0.336890
vn -0.941544 0.000000 -0.336890
vn -0.665672 0.707000 -0.238181
vn -0.956940 0.000000 -0.290285
vn -0.956940 0.000000 -0.290285
vn -0.956940 0.000000 -0.290285
vn -0.956940 0.000000 -0.290285
vn -0.676557 0.707000 -0.205231
vn -0.970031 0.000000 -0.242980
vn -0.970031 0.000000 -0.242980
vn -0.970031 0.000000 -0.242980
vn -0.970031 0.000000 -0.242980
vn -0.685812 0.707000 -0.171787
vn -0.980785 0.000000 -0.195090
vn -0.980785 0.000000 -0.195090
vn -0.980785 0.000000 -0.195090
vn -0.980785 0.000000 -0.195090
vn -0.693415 0.707000 -0.137929
vn -0.989177 0.000000 -0.146730
vn -0.989177 0.000000 -0.146730
vn -0.989177 0.000000 -0.146730
vn -0.989177 0.000000 -0.146730
vn -0.699348 0.707000 -0.103738
vn -0.995185 0.000000 -0.098017
vn -0.995185 0.000000 -0.098017
vn -0.995185 0.000000 -0.098017
vn -0.995185 0.000000 -0.098017
vn -0.703596 0.707000 -0.069298
vn -0.998795 0.000000 -0.049068
vn -0.998795 0.000000 -0.049068
vn -0.998795 0.000000 -0.049068
vn -0.998795 0.000000 -0.049068
vn -0.706148 0.707000 -0.034691
vn -1.000000 0.000000 0.000000
vn -1.000000 0.000000 0.000000
vn -1.000000 0.000000 0.000000
vn -1.000000 0.000000 0.000000
vn -0.707000 0.707000 0.000000
vn -0.998795 0.000000 0.049068
vn -0.998795 0.000000 0.049068
vn -0.998795 0.000000 0.049068
vn -0.998795 0.000000 0.049068
vn -0.706148 0.707000 0.034691
vn -0.995185 0.000000 0.098017
vn -0.995185 0.000000 0.098017
vn -0.995185 0.000000 0.098017
vn -0.995185 0.000000 0.098017
vn -0.703596 0.707000 0.069298
vn -0.989177 0.000000 0.146730
vn -0.989177 0.000000 0.146730
vn -0.989177 0.000000 0.146730
vn -0.989177 0.000000 0.146730
vn -0.699348 0.707000 0.103738
vn -0.980785 0.000000 0.195090
vn -0.980785 0.000000 0.195090
vn -0.980785 0.000000 0.195090
vn -0.980785 0.000000 0.195090
vn -0.693415 0.707000 0.137929
vn -0.970031 0.000000 0.242980
vn -0.970031 0.000000 0.242980
vn -0.970031 0.000000 0.242980
vn -0.970031 0.000000 0.242980
vn -0.685812 0.707000 0.171787
vn -0.956940 0.000000 0.290285
vn -0.956940 0.000000 0.290285
vn -0.956940 0.000000 0.290285
vn -0.956940 0.000000 0.290285
vn -0.676557 0.707000 0.205231
vn -0.941544 0.000000 0.336890
vn -0.941544 0.000000 0.336890
vn -0.941544 0.000000 0.336890
vn -0.941544 0.000000 0.336890
vn -0.665672 0.707000 0.238181
vn -0.923880 0.000000 0.382683
vn -0.923880 0.000000 0.382683
vn -0.923880 0.000000 0.382683
vn -0.923880 0.000000 0.382683
vn -0.653183 0.707000 0.270557
vn -0.903989 0.000000 0.427555
vn -0.903989 0.000000 0.427555
vn -0.903989 0.000000 0.427555
vn -0.903989 0.000000 0.427555
vn -0.639120 0.707000 0.302281
vn -0.881921 0.000000 0.471397
vn -0.881921 0.000000 0.471397
vn -0.881921 0.000000 0.471397
vn -0.881921 0.000000 0.471397
vn -0.623518 0.707000 0.333277
vn -0.857729 0.000000 0.514103
vn -0.857729 0.000000 0.514103
vn -0.857729 0.000000 0.514103
vn -0.857729 0.000000 0.514103
vn -0.606414 0.707000 0.363471
vn -0.831470 0.000000 0.555570
vn -0.831470 0.000000 0.555570
vn -0.831470 0.000000 0.555570
vn -0.831470 0.000000 0.555570
vn -0.587849 0.707000 0.392788
vn -0.803208 0.000000 0.595699
vn -0.803208 0.000000 0.595699
vn -0.803208 0.000000 0.595699
vn -0.803208 0.000000 0.595699
vn -0.567868 0.707000 0.421159
vn -0.773010 0.000000 0.634393
vn -0.773010 0.000000 0.634393
vn -0.773010 0.000000 0.634393
vn -0.773010 0.000000 0.634393
vn -0.546518 0.707000 0.448516
vn -0.740951 0.000000 0.671559
vn -0.740951 0.000000 0.671559
vn -0.740951 0.000000 0.671559
vn -0.740951 0.000000 0.671559
vn -0.523852 0.707000 0.474792
vn -0.707107 0.000000 0.707107
vn -0.707107 0.000000 0.707107
vn -0.707107 0.000000 0.707107
vn -0.707107 0.000000 0.707107
vn -0.499924 0.707000 0.499924
vn -0.671559 0.000000 0.740951
vn -0.671559 0.000000 0.740951
vn -0.671559 0.000000 0.740951
vn -0.671559 0.000000 0.740951
vn -0.474792 0.707000 0.523852
vn -0.634393 0.000000 0.773010
vn -0.634393 0.000000 0.773010
vn -0.634393 0.000000 0.773010
vn -0.634393 0.000000 0.773010
vn -0.448516 0.707000 0.546518
vn -0.595699 0.000000 0.803208
vn -0.595699 0.000000 0.803208
vn -0.595699 0.000000 0.803208
vn -0.595699 0.000000 0.803208
vn -0.421159 0.707000 0.567868
vn -0.555570 0.000000 0.831470
vn -0.555570 0.000000 0.831470
vn -0.555570 0.000000 0.831470
vn -0.555570 0.000000 0.831470
vn -0.392788 0.707000 0.587849
vn -0.514103 0.000000 0.857729
vn -0.514103 0.000000 0.857729
vn -0.514103 0.000000 0.857729
vn -0.514103 0.000000 0.857729
vn -0.363471 0.707000 0.606414
vn -0.471397 0.000000 0.881921
vn -0.471397 0.000000 0.881921
vn -0.471397 0.000000 0.881921
vn -0.471397 0.000000 0.881921
vn -0.333277 0.707000 0.623518
vn -0.427555 0.000000 0.903989
vn -0.427555 0.000000 0.903989
vn -0.427555 0.000000 0.903989
vn -0.427555 0.000000 0.903989
vn -0.302281 0.707000 0.639120
vn -0.382683 0.000000 0.923880
vn -0.382683 0.000000 0.923880
vn -0.382683 0.000000 0.923880
vn -0.382683 0.000000 0.923880
vn -0.270557 0.707000 0.653183
vn -0.336890 0.000000 0.941544
vn -0.336890 0.000000 0.941544
vn -0.336890 0.000000 0.941544
vn -0.336890 0.000000 0.941544
vn -0.238181 0.707000 0.665672
vn -0.290285 0.000000 0.956940
vn -0.290285 0.000000 0.956940
vn -0.290285 0.000000 0.956940
vn -0.290285 0.000000 0.956940
vn -0.205231 0.707000 0.676557
vn -0.242980 0.000000 0.970031
vn -0.242980 0.000000 0.970031
vn -0.242980 0.000000 0.970031
vn -0.242980 0.000000 0.970031
vn -0.171787 0.707000 0.685812
vn -0.195090 0.000000 0.980785
vn -0.195090 0.000000 0.980785
vn -0.195090 0.000000 0.980785
vn -0.195090 0.000000 0.980785
vn -0.137929 0.707000 0.693415
vn -0.146730 0.000000 0.989177
vn -0.146730 0.000000 0.989177
vn -0.146730 0.000000 0.989177
vn -0.146730 0.000000 0.989177
vn -0.103738 0.707000 0.699348
vn -0.098017 0.000000 0.995185
vn -0.098017 0.000000 0.995185
vn -0.098017 0.000000 0.995185
vn -0.098017 0.000000 0.995185
vn -0.069298 0.707000 0.703596
vn -0.049068 0.000000 0.998795
vn -0.049068 0.000000 0.998795
vn -0.049068 0.000000 0.998795
vn -0.049068 0.000000 0.998795
vn -0.034691 0.707000 0.706148
vn 0.000000 0.000000 1.000000
vn 0.000000 0.000000 1.000000
vn 0.000000 0.000000 1.000000
vn 0.000000 0.000000 1.000000
vn 0.000000 0.707000 0.707000
vn 0.049068 0.000000 0.998795
vn 0.049068 0.000000 0.998795
vn 0.049068 0.000000 0.998795
vn 0.049068 0.000000 0.998795
vn 0.034691 0.707000 0.706148
vn 0.098017 0.000000 0.995185
vn 0.098017 0.000000 0.995185
vn 0.098017 0.000000 0.995185
vn 0.098017 0.000000 0.995185
vn 0.069298 0.707000 0.703596
vn 0.146730 0.000000 0.989177
vn 0.146730 0.000000 0.989177
vn 0.146730 0.000000 0.989177
vn 0.146730 0.000000 0.989177
vn 0.103738 0.707000 0.699348
vn 0.195090 0.000000 0.980785
vn 0.195090 0.000000 0.980785
vn 0.195090 0.000000 0.980785
vn 0.195090 0.000000 0.980785
vn 0.137929 0.707000 0.693415
vn 0.242980 0.000000 0.970031
vn 0.242980 0.000000 0.970031
vn 0.242980 0.000000 0.970031
vn 0.242980 0.000000 0.970031
vn 0.171787 0.707000 0.685812
vn 0.290285 0.000000 0.956940
vn 0.290285 0.000000 0.956940
vn 0.290285 0.000000 0.956940
vn 0.290285 0.000000 0.956940
vn 0.205231 0.707000 0.676557
vn 0.336890 0.000000 0.941544
vn 0.336890 0.000000 0.941544
vn 0.336890 0.000000 0.941544
vn 0.336890 0.000000 0.941544
vn 0.238181 0.707000 0.665672
vn 0.382683 0.000000 0.923880
vn 0.382683 0.000000 0.923880
vn 0.382683 0.000000 0.923880
vn 0.382683 0.000000 0.923880
vn 0.270557 0.707000 0.653183
vn 0.427555 0.000000 0.903989
vn 0.427555 0.000000 0.903989
vn 0.427555 0.000000 0.903989
vn 0.427555 0.000000 0.903989
vn 0.302281 0.707000 0.639120
vn 0.471397 0.000000 0.881921
vn 0.471397 0.000000 0.881921
vn 0.471397 0.000000 0.881921
vn 0.471397 0.000000 0.881921
vn 0.333277 0.707000 0.623518
vn 0.514103 0.000000 0.857729
vn 0.514103 0.000000 0.857729
vn 0.514103 0.000000 0.857729
vn 0.514103 0.000000 0.857729
vn 0.363471 0.707000 0.606414
vn 0.555570 0.000000 0.831470
vn 0.555570 0.000000 0.831470
vn 0.555570 0.000000 0.831470
vn 0.555570 0.000000 0.831470
vn 0.392788 0.707000 0.587849
vn 0.595699 0.000000 0.803208
vn 0.595699 0.000000 0.803208
vn 0.595699 0.000000 0.803208
vn 0.595699 0.000000 0.803208
vn 0.421159 0.707000 0.567868
vn 0.634393 0.000000 0.773010
vn 0.634393 0.000000 0.773010
vn 0.634393 0.000000 0.773010
vn 0.634393 0.000000 0.773010
vn 0.448516 0.707000 0.546518
vn 0.671559 0.000000 0.740951
vn 0.671559 0.000000 0.740951
vn 0.671559 0.000000 0.740951
vn 0.671559 0.000000 0.740951
vn 0.474792 0.707000 0.523852
vn 0.707107 0.000000 0.707107
vn 0.707107 0.000000 0.707107
vn 0.707107 0.000000 0.707107
vn 0.707107 0.000000 0.707107
vn 0.499924 0.707000 0.499924
vn 0.740951 0.000000 0.671559
vn 0.740951 0.000000 0.671559
vn 0.740951 0.000000 0.671559
vn 0.740951 0.000000 0.671559
vn 0.523852 0.707000 0.474792
vn 0.773010 0.000000 0.634393
vn 0.773010 0.000000 0.634393
vn 0.773010 0.000000 0.634393
vn 0.773010 0.000000 0.634393
vn 0.546518 0.707000 0.448516
vn 0.803208 0.000000 0.595699
vn 0.803208 0.000000 0.595699
vn 0.803208 0.000000 0.595699
vn 0.803208 0.000000 0.595699
vn 0.567868 0.707000 0.421159
vn 0.831470 0.000000 0.555570
vn 0.831470 0.000000 0.555570
vn 0.831470 0.000000 0.555570
vn 0.831470 0.000000 0.555570
vn 0.587849 0.707000 0.392788
vn 0.857729 0.000000 0.514103
vn 0.857729 0.000000 0.514103
vn 0.857729 0.000000 0.514103
vn 0.857729 0.000000 0.514103
vn 0.606414 0.707000 0.363471
vn 0.881921 0.000000 0.471397
vn 0.881921 0.000000 0.471397
vn 0.881921 0.000000 0.471397
vn 0.881921 0.000000 0.471397
vn 0.623518 0.707000 0.333277
vn 0.903989 0.000000 0.427555
vn 0.903989 0.000000 0.427555
vn 0.903989 0.000000 0.427555
vn 0.903989 0.000000 0.427555
vn 0.639120 0.707000 0.302281
vn 0.923880 0.000000 0.382683
vn 0.923880 0.000000 0.382683
vn 0.923880 0.000000 0.382683
vn 0.923880 0.000000 0.382683
vn 0.653183 0.707000 0.270557
vn 0.941544 0.000000 0.336890
vn 0.941544 0.000000 0.336890
vn 0.941544 0.000000 0.336890
vn 0.941544 0.000000 0.336890
vn 0.665672 0.707000 0.238181
vn 0.956940 0.000000 0.290285
vn 0.956940 0.000000 0.290285
vn 0.956940 0.000000 0.290285
vn 0.956940 0.000000 0.290285
vn 0.676557 0.707000 0.205231
vn 0.970031 0.000000 0.242980
vn 0.970031 0.000000 0.242980
vn 0.970031 0.000000 0.242980
vn 0.970031 0.000000 0.242980
vn 0.685812 0.707000 0.171787
vn 0.980785 0.000000 0.195090
vn 0.980785 0.000000 0.195090
vn 0.980785 0.000000 0.195090
vn 0.980785 0.000000 0.195090
vn 0.693415 0.707000 0.137929
vn 0.989177 0.000000 0.146730
vn 0.989177 0.000000 0.146730
vn 0.989177 0.000000 0.146730
vn 0.989177 0.000000 0.146730
vn 0.699348 0.707000 0.103738
vn 0.995185 0.000000 0.098017
vn 0.995185 0.000000 0.098017
vn 0.995185 0.000000 0.098017
vn 0.995185 0.000000 0.098017
vn 0.703596 0.707000 0.069298
vn 0.998795 0.000000 0.049068
vn 0.998795 0.000000 0.049068
vn 0.998795 0.000000 0.049068
vn 0.998795 0.000000 0.049068
vn 0.706148 0.707000 0.034691
vn 1.000000 0.000000 0.000000
vn 1.000000 0.000000 0.000000
vn 1.000000 0.000000 0.000000
vn 1.000000 0.000000 0.000000
vn 0.707000 0.707000 0.000000
vn 0.998795 0.000000 -0.049068
vn 0.998795 0.000000 -0.049068
vn 0.998795 0.000000 -0.049068
vn 0.998795 0.000000 -0.049068
vn 0.706148 0.707000 -0.034691
vn 0.995185 0.000000 -0.098017
vn 0.995185 0.000000 -0.098017
vn 0.995185 0.000000 -0.098017
vn 0.995185 0.000000 -0.098017
vn 0.703596 0.707000 -0.069298
vn 0.989177 0.000000 -0.146730
vn 0.989177 0.000000 -0.146730
vn 0.989177 0.000000 -0.146730
vn 0.989177 0.000000 -0.146730
vn 0.699348 0.707000 -0.103738
vn 0.980785 0.000000 -0.195090
vn 0.980785 0.000000 -0.195090
vn 0.980785 0.000000 -0.195090
vn 0.980785 0.000000 -0.195090
vn 0.693415 0.707000 -0.137929
vn 0.970031 0.000000 -0.242980
vn 0.970031 0.000000 -0.242980
vn 0.970031 0.000000 -0.242980
vn 0.970031 0.000000 -0.242980
vn 0.685812 0.707000 -0.171787
vn 0.956940 0.000000 -0.290285
vn 0.956940 0.000000 -0.290285
vn 0.956940 0.000000 -0.290285
vn 0.956940 0.000000 -0.290285
vn 0.676557 0.707000 -0.205231
vn 0.941544 0.000000 -0.336890
vn 0.941544 0.000000 -0.336890
vn 0.941544 0.000000 -0.336890
vn 0.941544 0.000000 -0.336890
vn 0.665672 0.707000 -0.238181
vn 0.923880 0.000000 -0.382683
vn 0.923880 0.000000 -0.382683
vn 0.923880 0.000000 -0.382683
vn 0.923880 0.000000 -0.382683
vn 0.653183 0.707000 -0.270557
vn 0.903989 0.000000 -0.427555
vn 0.903989 0.000000 -0.427555
vn 0.903989 0.000000 -0.427555
vn 0.903989 0.000000 -0.427555
vn 0.639120 0.707000 -0.302281
vn 0.881921 0.000000 -0.471397
vn 0.881921 0.000000 -0.471397
vn 0.881921 0.000000 -0.471397
vn 0.881921 0.000000 -0.471397
vn 0.623518 0.707000 -0.333277
vn 0.857729 0.000000 -0.514103
vn 0.857729 0.000000 -0.514103
vn 0.857729 0.000000 -0.514103
vn 0.857729 0.000000 -0.514103
vn 0.606414 0.707000 -0.363471
vn 0.831470 0.000000 -0.555570
vn 0.831470 0.000000 -0.555570
vn 0.831470 0.000000 -0.555570
vn 0.831470 0.000000 -0.555570
vn 0.587849 0.707000 -0.392788
vn 0.803208 0.000000 -0.595699
vn 0.803208 0.000000 -0.595699
vn 0.803208 0.000000 -0.595699
vn 0.803208 0.000000 -0.595699
vn 0.567868 0.707000 -0.421159
vn 0.773010 0.000000 -0.634393
vn 0.773010 0.000000 -0.634393
vn 0.773010 0.000000 -0.634393
vn 0.773010 0.000000 -0.634393
vn 0.546518 0.707000 -0.448516
vn 0.740951 0.000000 -0.671559
vn 0.740951 0.000000 -0.671559
vn 0.740951 0.000000 -0.671559
vn 0.740951 0.000000 -0.671559
vn 0.523852 0.707000 -0.474792
vn 0.707107 0.000000 -0.707107
vn 0.707107 0.000000 -0.707107
vn 0.707107 0.000000 -0.707107
vn 0.707107 0.000000 -0.707107
vn 0.499924 0.707000 -0.499924
vn 0.671559 0.000000 -0.740951
vn 0.671559 0.000000 -0.740951
vn 0.671559 0.000000 -0.740951
vn 0.671559 0.000000 -0.740951
vn 0.474792 0.707000 -0.523852
vn 0.634393 0.000000 -0.773010
vn 0.634393 0.000000 -0.773010
vn 0.634393 0.000000 -0.773010
vn 0.634393 0.000000 -0.773010
vn 0.448516 0.707000 -0.546518
vn 0.595699 0.000000 -0.803208
vn 0.595699 0.000000 -0.803208
vn 0.595699 0.000000 -0.803208
vn 0.595699 0.000000 -0.803208
vn 0.421159 0.707000 -0.567868
vn 0.555570 0.000000 -0.831470
vn 0.555570 0.000000 -0.831470
vn 0.555570 0.000000 -0.831470
vn 0.555570 0.000000 -0.831470
vn 0.392788 0.707000 -0.587849
vn 0.514103 0.000000 -0.857729
vn 0.514103 0.000000 -0.857729
vn 0.514103 0.000000 -0.857729
vn 0.514103 0.000000 -0.857729
vn 0.363471 0.707000 -0.606414
vn 0.471397 0.000000 -0.881921
vn 0.471397 0.000000 -0.881921
vn 0.471397 0.000000 -0.881921
vn 0.471397 0.000000 -0.881921
vn 0.333277 0.707000 -0.623518
vn 0.427555 0.000000 -0.903989
vn 0.427555 0.000000 -0.903989
vn 0.427555 0.000000 -0.903989
vn 0.427555 0.000000 -0.903989
vn 0.302281 0.707000 -0.639120
vn 0.382683 0.000000 -0.923880
vn 0.382683 0.000000 -0.923880
vn 0.382683 0.000000 -0.923880
vn 0.382683 0.000000 -0.923880
vn 0.270557 0.707000 -0.653183
vn 0.336890 0.000000 -0.941544
vn 0.336890 0.000000 -0.941544
vn 0.336890 0.000000 -0.941544
vn 0.336890 0.000000 -0.941544
vn 0.238181 0.707000 -0.665672
vn 0.290285 0.000000 -0.956940
vn 0.290285 0.000000 -0.956940
vn 0.290285 0.000000 -0.956940
vn 0.290285 0.000000 -0.956940
vn 0.205231 0.707000 -0.676557
vn 0.242980 0.000000 -0.970031
vn 0.242980 0.000000 -0.970031
vn 0.242980 0.000000 -0.970031
vn 0.242980 0.000000 -0.970031
vn 0.171787 0.707000 -0.685812
vn 0.195090 0.000000 -0.980785
vn 0.195090 0.000000 -0.980785
vn 0.195090 0.000000 -0.980785
vn 0.195090 0.000000 -0.980785
vn 0.137929 0.707000 -0.693415
vn 0.146730 0.000000 -0.989177
vn 0.146730 0.000000 -0.989177
vn 0.146730 0.000000 -0.989177
vn 0.146730 0.000000 -0.989177
vn 0.103738 0.707000 -0.699348
vn 0.098017 0.000000 -0.995185
vn 0.098017 0.000000 -0.995185
vn 0.098017 0.000000 -0.995185
vn 0.098017 0.000000 -0.995185
vn 0.069298 0.707000 -0.703596
vn 0.049068 0.000000 -0.998795
vn 0.049068 0.000000 -0.998795
vn 0.049068 0.000000 -0.998795
vn 0.049068 0.000000 -0.998795
vn 0.034691 0.707000 -0.706148
vn 0.000000 0.000000 -1.000000
vn 0.000000 0.000000 -1.000000
vn 0.000000 0.000000 -1.000000
vn 0.000000 0.000000 -1.000000
vn 0.000000 0.707000 -0.707000
vn 0.000000 1.000000 0.000000

g Bottle_Body
usemtl Mat_Translucent_PP
s 1
f 1/1/1 41/41/41 42/42/42 2/2/2
f 2/2/2 42/42/42 43/43/43 3/3/3
f 3/3/3 43/43/43 44/44/44 4/4/4
f 4/4/4 44/44/44 45/45/45 5/5/5
f 5/5/5 45/45/45 46/46/46 6/6/6
f 6/6/6 46/46/46 47/47/47 7/7/7
f 7/7/7 47/47/47 48/48/48 8/8/8
f 8/8/8 48/48/48 49/49/49 9/9/9
f 9/9/9 49/49/49 50/50/50 10/10/10
f 10/10/10 50/50/50 51/51/51 11/11/11
f 11/11/11 51/51/51 52/52/52 12/12/12
f 12/12/12 52/52/52 53/53/53 13/13/13
f 13/13/13 53/53/53 54/54/54 14/14/14
f 14/14/14 54/54/54 55/55/55 15/15/15
f 15/15/15 55/55/55 56/56/56 16/16/16
f 16/16/16 56/56/56 57/57/57 17/17/17
f 17/17/17 57/57/57 58/58/58 18/18/18
f 18/18/18 58/58/58 59/59/59 19/19/19
f 19/19/19 59/59/59 60/60/60 20/20/20
f 20/20/20 60/60/60 61/61/61 21/21/21
f 21/21/21 61/61/61 62/62/62 22/22/22
f 22/22/22 62/62/62 63/63/63 23/23/23
f 23/23/23 63/63/63 64/64/64 24/24/24
f 24/24/24 64/64/64 65/65/65 25/25/25
f 25/25/25 65/65/65 66/66/66 26/26/26
f 26/26/26 66/66/66 67/67/67 27/27/27
f 27/27/27 67/67/67 68/68/68 28/28/28
f 28/28/28 68/68/68 69/69/69 29/29/29
f 29/29/29 69/69/69 70/70/70 30/30/30
f 30/30/30 70/70/70 71/71/71 31/31/31
f 31/31/31 71/71/71 72/72/72 32/32/32
f 32/32/32 72/72/72 73/73/73 33/33/33
f 33/33/33 73/73/73 74/74/74 34/34/34
f 34/34/34 74/74/74 75/75/75 35/35/35
f 35/35/35 75/75/75 76/76/76 36/36/36
f 36/36/36 76/76/76 77/77/77 37/37/37
f 37/37/37 77/77/77 78/78/78 38/38/38
f 38/38/38 78/78/78 79/79/79 39/39/39
f 39/39/39 79/79/79 80/80/80 40/40/40
f 41/41/41 81/81/81 82/82/82 42/42/42
f 42/42/42 82/82/82 83/83/83 43/43/43
f 43/43/43 83/83/83 84/84/84 44/44/44
f 44/44/44 84/84/84 85/85/85 45/45/45
f 45/45/45 85/85/85 86/86/86 46/46/46
f 46/46/46 86/86/86 87/87/87 47/47/47
f 47/47/47 87/87/87 88/88/88 48/48/48
f 48/48/48 88/88/88 89/89/89 49/49/49
f 49/49/49 89/89/89 90/90/90 50/50/50
f 50/50/50 90/90/90 91/91/91 51/51/51
f 51/51/51 91/91/91 92/92/92 52/52/52
f 52/52/52 92/92/92 93/93/93 53/53/53
f 53/53/53 93/93/93 94/94/94 54/54/54
f 54/54/54 94/94/94 95/95/95 55/55/55
f 55/55/55 95/95/95 96/96/96 56/56/56
f 56/56/56 96/96/96 97/97/97 57/57/57
f 57/57/57 97/97/97 98/98/98 58/58/58
f 58/58/58 98/98/98 99/99/99 59/59/59
f 59/59/59 99/99/99 100/100/100 60/60/60
f 60/60/60 100/100/100 101/101/101 61/61/61
f 61/61/61 101/101/101 102/102/102 62/62/62
f 62/62/62 102/102/102 103/103/103 63/63/63
f 63/63/63 103/103/103 104/104/104 64/64/64
f 64/64/64 104/104/104 105/105/105 65/65/65
f 65/65/65 105/105/105 106/106/106 66/66/66
f 66/66/66 106/106/106 107/107/107 67/67/67
f 67/67/67 107/107/107 108/108/108 68/68/68
f 68/68/68 108/108/108 109/109/109 69/69/69
f 69/69/69 109/109/109 110/110/110 70/70/70
f 70/70/70 110/110/110 111/111/111 71/71/71
f 71/71/71 111/111/111 112/112/112 72/72/72
f 72/72/72 112/112/112 113/113/113 73/73/73
f 73/73/73 113/113/113 114/114/114 74/74/74
f 74/74/74 114/114/114 115/115/115 75/75/75
f 75/75/75 115/115/115 116/116/116 76/76/76
f 76/76/76 116/116/116 117/117/117 77/77/77
f 77/77/77 117/117/117 118/118/118 78/78/78
f 78/78/78 118/118/118 119/119/119 79/79/79
f 79/79/79 119/119/119 120/120/120 80/80/80
f 81/81/81 121/121/121 122/122/122 82/82/82
f 82/82/82 122/122/122 123/123/123 83/83/83
f 83/83/83 123/123/123 124/124/124 84/84/84
f 84/84/84 124/124/124 125/125/125 85/85/85
f 85/85/85 125/125/125 126/126/126 86/86/86
f 86/86/86 126/126/126 127/127/127 87/87/87
f 87/87/87 127/127/127 128/128/128 88/88/88
f 88/88/88 128/128/128 129/129/129 89/89/89
f 89/89/89 129/129/129 130/130/130 90/90/90
f 90/90/90 130/130/130 131/131/131 91/91/91
f 91/91/91 131/131/131 132/132/132 92/92/92
f 92/92/92 132/132/132 133/133/133 93/93/93
f 93/93/93 133/133/133 134/134/134 94/94/94
f 94/94/94 134/134/134 135/135/135 95/95/95
f 95/95/95 135/135/135 136/136/136 96/96/96
f 96/96/96 136/136/136 137/137/137 97/97/97
f 97/97/97 137/137/137 138/138/138 98/98/98
f 98/98/98 138/138/138 139/139/139 99/99/99
f 99/99/99 139/139/139 140/140/140 100/100/100
f 100/100/100 140/140/140 141/141/141 101/101/101
f 101/101/101 141/141/141 142/142/142 102/102/102
f 102/102/102 142/142/142 143/143/143 103/103/103
f 103/103/103 143/143/143 144/144/144 104/104/104
f 104/104/104 144/144/144 145/145/145 105/105/105
f 105/105/105 145/145/145 146/146/146 106/106/106
f 106/106/106 146/146/146 147/147/147 107/107/107
f 107/107/107 147/147/147 148/148/148 108/108/108
f 108/108/108 148/148/148 149/149/149 109/109/109
f 109/109/109 149/149/149 150/150/150 110/110/110
f 110/110/110 150/150/150 151/151/151 111/111/111
f 111/111/111 151/151/151 152/152/152 112/112/112
f 112/112/112 152/152/152 153/153/153 113/113/113
f 113/113/113 153/153/153 154/154/154 114/114/114
f 114/114/114 154/154/154 155/155/155 115/115/115
f 115/115/115 155/155/155 156/156/156 116/116/116
f 116/116/116 156/156/156 157/157/157 117/117/117
f 117/117/117 157/157/157 158/158/158 118/118/118
f 118/118/118 158/158/158 159/159/159 119/119/119
f 119/119/119 159/159/159 160/160/160 120/120/120
f 121/121/121 161/161/161 162/162/162 122/122/122
f 122/122/122 162/162/162 163/163/163 123/123/123
f 123/123/123 163/163/163 164/164/164 124/124/124
f 124/124/124 164/164/164 165/165/165 125/125/125
f 125/125/125 165/165/165 166/166/166 126/126/126
f 126/126/126 166/166/166 167/167/167 127/127/127
f 127/127/127 167/167/167 168/168/168 128/128/128
f 128/128/128 168/168/168 169/169/169 129/129/129
f 129/129/129 169/169/169 170/170/170 130/130/130
f 130/130/130 170/170/170 171/171/171 131/131/131
f 131/131/131 171/171/171 172/172/172 132/132/132
f 132/132/132 172/172/172 173/173/173 133/133/133
f 133/133/133 173/173/173 174/174/174 134/134/134
f 134/134/134 174/174/174 175/175/175 135/135/135
f 135/135/135 175/175/175 176/176/176 136/136/136
f 136/136/136 176/176/176 177/177/177 137/137/137
f 137/137/137 177/177/177 178/178/178 138/138/138
f 138/138/138 178/178/178 179/179/179 139/139/139
f 139/139/139 179/179/179 180/180/180 140/140/140
f 140/140/140 180/180/180 181/181/181 141/141/141
f 141/141/141 181/181/181 182/182/182 142/142/142
f 142/142/142 182/182/182 183/183/183 143/143/143
f 143/143/143 183/183/183 184/184/184 144/144/144
f 144/144/144 184/184/184 185/185/185 145/145/145
f 145/145/145 185/185/185 186/186/186 146/146/146
f 146/146/146 186/186/186 187/187/187 147/147/147
f 147/147/147 187/187/187 188/188/188 148/148/148
f 148/148/148 188/188/188 189/189/189 149/149/149
f 149/149/149 189/189/189 190/190/190 150/150/150
f 150/150/150 190/190/190 191/191/191 151/151/151
f 151/151/151 191/191/191 192/192/192 152/152/152
f 152/152/152 192/192/192 193/193/193 153/153/153
f 153/153/153 193/193/193 194/194/194 154/154/154
f 154/154/154 194/194/194 195/195/195 155/155/155
f 155/155/155 195/195/195 196/196/196 156/156/156
f 156/156/156 196/196/196 197/197/197 157/157/157
f 157/157/157 197/197/197 198/198/198 158/158/158
f 158/158/158 198/198/198 199/199/199 159/159/159
f 159/159/159 199/199/199 200/200/200 160/160/160
f 161/161/161 201/201/201 202/202/202 162/162/162
f 162/162/162 202/202/202 203/203/203 163/163/163
f 163/163/163 203/203/203 204/204/204 164/164/164
f 164/164/164 204/204/204 205/205/205 165/165/165
f 165/165/165 205/205/205 206/206/206 166/166/166
f 166/166/166 206/206/206 207/207/207 167/167/167
f 167/167/167 207/207/207 208/208/208 168/168/168
f 168/168/168 208/208/208 209/209/209 169/169/169
f 169/169/169 209/209/209 210/210/210 170/170/170
f 170/170/170 210/210/210 211/211/211 171/171/171
f 171/171/171 211/211/211 212/212/212 172/172/172
f 172/172/172 212/212/212 213/213/213 173/173/173
f 173/173/173 213/213/213 214/214/214 174/174/174
f 174/174/174 214/214/214 215/215/215 175/175/175
f 175/175/175 215/215/215 216/216/216 176/176/176
f 176/176/176 216/216/216 217/217/217 177/177/177
f 177/177/177 217/217/217 218/218/218 178/178/178
f 178/178/178 218/218/218 219/219/219 179/179/179
f 179/179/179 219/219/219 220/220/220 180/180/180
f 180/180/180 220/220/220 221/221/221 181/181/181
f 181/181/181 221/221/221 222/222/222 182/182/182
f 182/182/182 222/222/222 223/223/223 183/183/183
f 183/183/183 223/223/223 224/224/224 184/184/184
f 184/184/184 224/224/224 225/225/225 185/185/185
f 185/185/185 225/225/225 226/226/226 186/186/186
f 186/186/186 226/226/226 227/227/227 187/187/187
f 187/187/187 227/227/227 228/228/228 188/188/188
f 188/188/188 228/228/228 229/229/229 189/189/189
f 189/189/189 229/229/229 230/230/230 190/190/190
f 190/190/190 230/230/230 231/231/231 191/191/191
f 191/191/191 231/231/231 232/232/232 192/192/192
f 192/192/192 232/232/232 233/233/233 193/193/193
f 193/193/193 233/233/233 234/234/234 194/194/194
f 194/194/194 234/234/234 235/235/235 195/195/195
f 195/195/195 235/235/235 236/236/236 196/196/196
f 196/196/196 236/236/236 237/237/237 197/197/197
f 197/197/197 237/237/237 238/238/238 198/198/198
f 198/198/198 238/238/238 239/239/239 199/199/199
f 199/199/199 239/239/239 240/240/240 200/200/200
f 201/201/201 241/241/241 242/242/242 202/202/202
f 202/202/202 242/242/242 243/243/243 203/203/203
f 203/203/203 243/243/243 244/244/244 204/204/204
f 204/204/204 244/244/244 245/245/245 205/205/205
f 205/205/205 245/245/245 246/246/246 206/206/206
f 206/206/206 246/246/246 247/247/247 207/207/207
f 207/207/207 247/247/247 248/248/248 208/208/208
f 208/208/208 248/248/248 249/249/249 209/209/209
f 209/209/209 249/249/249 250/250/250 210/210/210
f 210/210/210 250/250/250 251/251/251 211/211/211
f 211/211/211 251/251/251 252/252/252 212/212/212
f 212/212/212 252/252/252 253/253/253 213/213/213
f 213/213/213 253/253/253 254/254/254 214/214/214
f 214/214/214 254/254/254 255/255/255 215/215/215
f 215/215/215 255/255/255 256/256/256 216/216/216
f 216/216/216 256/256/256 257/257/257 217/217/217
f 217/217/217 257/257/257 258/258/258 218/218/218
f 218/218/218 258/258/258 259/259/259 219/219/219
f 219/219/219 259/259/259 260/260/260 220/220/220
f 220/220/220 260/260/260 261/261/261 221/221/221
f 221/221/221 261/261/261 262/262/262 222/222/222
f 222/222/222 262/262/262 263/263/263 223/223/223
f 223/223/223 263/263/263 264/264/264 224/224/224
f 224/224/224 264/264/264 265/265/265 225/225/225
f 225/225/225 265/265/265 266/266/266 226/226/226
f 226/226/226 266/266/266 267/267/267 227/227/227
f 227/227/227 267/267/267 268/268/268 228/228/228
f 228/228/228 268/268/268 269/269/269 229/229/229
f 229/229/229 269/269/269 270/270/270 230/230/230
f 230/230/230 270/270/270 271/271/271 231/231/231
f 231/231/231 271/271/271 272/272/272 232/232/232
f 232/232/232 272/272/272 273/273/273 233/233/233
f 233/233/233 273/273/273 274/274/274 234/234/234
f 234/234/234 274/274/274 275/275/275 235/235/235
f 235/235/235 275/275/275 276/276/276 236/236/236
f 236/236/236 276/276/276 277/277/277 237/237/237
f 237/237/237 277/277/277 278/278/278 238/238/238
f 238/238/238 278/278/278 279/279/279 239/239/239
f 239/239/239 279/279/279 280/280/280 240/240/240
f 241/241/241 281/281/281 282/282/282 242/242/242
f 242/242/242 282/282/282 283/283/283 243/243/243
f 243/243/243 283/283/283 284/284/284 244/244/244
f 244/244/244 284/284/284 285/285/285 245/245/245
f 245/245/245 285/285/285 286/286/286 246/246/246
f 246/246/246 286/286/286 287/287/287 247/247/247
f 247/247/247 287/287/287 288/288/288 248/248/248
f 248/248/248 288/288/288 289/289/289 249/249/249
f 249/249/249 289/289/289 290/290/290 250/250/250
f 250/250/250 290/290/290 291/291/291 251/251/251
f 251/251/251 291/291/291 292/292/292 252/252/252
f 252/252/252 292/292/292 293/293/293 253/253/253
f 253/253/253 293/293/293 294/294/294 254/254/254
f 254/254/254 294/294/294 295/295/295 255/255/255
f 255/255/255 295/295/295 296/296/296 256/256/256
f 256/256/256 296/296/296 297/297/297 257/257/257
f 257/257/257 297/297/297 298/298/298 258/258/258
f 258/258/258 298/298/298 299/299/299 259/259/259
f 259/259/259 299/299/299 300/300/300 260/260/260
f 260/260/260 300/300/300 301/301/301 261/261/261
f 261/261/261 301/301/301 302/302/302 262/262/262
f 262/262/262 302/302/302 303/303/303 263/263/263
f 263/263/263 303/303/303 304/304/304 264/264/264
f 264/264/264 304/304/304 305/305/305 265/265/265
f 265/265/265 305/305/305 306/306/306 266/266/266
f 266/266/266 306/306/306 307/307/307 267/267/267
f 267/267/267 307/307/307 308/308/308 268/268/268
f 268/268/268 308/308/308 309/309/309 269/269/269
f 269/269/269 309/309/309 310/310/310 270/270/270
f 270/270/270 310/310/310 311/311/311 271/271/271
f 271/271/271 311/311/311 312/312/312 272/272/272
f 272/272/272 312/312/312 313/313/313 273/273/273
f 273/273/273 313/313/313 314/314/314 274/274/274
f 274/274/274 314/314/314 315/315/315 275/275/275
f 275/275/275 315/315/315 316/316/316 276/276/276
f 276/276/276 316/316/316 317/317/317 277/277/277
f 277/277/277 317/317/317 318/318/318 278/278/278
f 278/278/278 318/318/318 319/319/319 279/279/279
f 279/279/279 319/319/319 320/320/320 280/280/280
f 281/281/281 321/321/321 322/322/322 282/282/282
f 282/282/282 322/322/322 323/323/323 283/283/283
f 283/283/283 323/323/323 324/324/324 284/284/284
f 284/284/284 324/324/324 325/325/325 285/285/285
f 285/285/285 325/325/325 326/326/326 286/286/286
f 286/286/286 326/326/326 327/327/327 287/287/287
f 287/287/287 327/327/327 328/328/328 288/288/288
f 288/288/288 328/328/328 329/329/329 289/289/289
f 289/289/289 329/329/329 330/330/330 290/290/290
f 290/290/290 330/330/330 331/331/331 291/291/291
f 291/291/291 331/331/331 332/332/332 292/292/292
f 292/292/292 332/332/332 333/333/333 293/293/293
f 293/293/293 333/333/333 334/334/334 294/294/294
f 294/294/294 334/334/334 335/335/335 295/295/295
f 295/295/295 335/335/335 336/336/336 296/296/296
f 296/296/296 336/336/336 337/337/337 297/297/297
f 297/297/297 337/337/337 338/338/338 298/298/298
f 298/298/298 338/338/338 339/339/339 299/299/299
f 299/299/299 339/339/339 340/340/340 300/300/300
f 300/300/300 340/340/340 341/341/341 301/301/301
f 301/301/301 341/341/341 342/342/342 302/302/302
f 302/302/302 342/342/342 343/343/343 303/303/303
f 303/303/303 343/343/343 344/344/344 304/304/304
f 304/304/304 344/344/344 345/345/345 305/305/305
f 305/305/305 345/345/345 346/346/346 306/306/306
f 306/306/306 346/346/346 347/347/347 307/307/307
f 307/307/307 347/347/347 348/348/348 308/308/308
f 308/308/308 348/348/348 349/349/349 309/309/309
f 309/309/309 349/349/349 350/350/350 310/310/310
f 310/310/310 350/350/350 351/351/351 311/311/311
f 311/311/311 351/351/351 352/352/352 312/312/312
f 312/312/312 352/352/352 353/353/353 313/313/313
f 313/313/313 353/353/353 354/354/354 314/314/314
f 314/314/314 354/354/354 355/355/355 315/315/315
f 315/315/315 355/355/355 356/356/356 316/316/316
f 316/316/316 356/356/356 357/357/357 317/317/317
f 317/317/317 357/357/357 358/358/358 318/318/318
f 318/318/318 358/358/358 359/359/359 319/319/319
f 319/319/319 359/359/359 360/360/360 320/320/320
f 321/321/321 361/361/361 362/362/362 322/322/322
f 322/322/322 362/362/362 363/363/363 323/323/323
f 323/323/323 363/363/363 364/364/364 324/324/324
f 324/324/324 364/364/364 365/365/365 325/325/325
f 325/325/325 365/365/365 366/366/366 326/326/326
f 326/326/326 366/366/366 367/367/367 327/327/327
f 327/327/327 367/367/367 368/368/368 328/328/328
f 328/328/328 368/368/368 369/369/369 329/329/329
f 329/329/329 369/369/369 370/370/370 330/330/330
f 330/330/330 370/370/370 371/371/371 331/331/331
f 331/331/331 371/371/371 372/372/372 332/332/332
f 332/332/332 372/372/372 373/373/373 333/333/333
f 333/333/333 373/373/373 374/374/374 334/334/334
f 334/334/334 374/374/374 375/375/375 335/335/335
f 335/335/335 375/375/375 376/376/376 336/336/336
f 336/336/336 376/376/376 377/377/377 337/337/337
f 337/337/337 377/377/377 378/378/378 338/338/338
f 338/338/338 378/378/378 379/379/379 339/339/339
f 339/339/339 379/379/379 380/380/380 340/340/340
f 340/340/340 380/380/380 381/381/381 341/341/341
f 341/341/341 381/381/381 382/382/382 342/342/342
f 342/342/342 382/382/382 383/383/383 343/343/343
f 343/343/343 383/383/383 384/384/384 344/344/344
f 344/344/344 384/384/384 385/385/385 345/345/345
f 345/345/345 385/385/385 386/386/386 346/346/346
f 346/346/346 386/386/386 387/387/387 347/347/347
f 347/347/347 387/387/387 388/388/388 348/348/348
f 348/348/348 388/388/388 389/389/389 349/349/349
f 349/349/349 389/389/389 390/390/390 350/350/350
f 350/350/350 390/390/390 391/391/391 351/351/351
f 351/351/351 391/391/391 392/392/392 352/352/352
f 352/352/352 392/392/392 393/393/393 353/353/353
f 353/353/353 393/393/393 394/394/394 354/354/354
f 354/354/354 394/394/394 395/395/395 355/355/355
f 355/355/355 395/395/395 396/396/396 356/356/356
f 356/356/356 396/396/396 397/397/397 357/357/357
f 357/357/357 397/397/397 398/398/398 358/358/358
f 358/358/358 398/398/398 399/399/399 359/359/359
f 359/359/359 399/399/399 400/400/400 360/360/360
f 361/361/361 401/401/401 402/402/402 362/362/362
f 362/362/362 402/402/402 403/403/403 363/363/363
f 363/363/363 403/403/403 404/404/404 364/364/364
f 364/364/364 404/404/404 405/405/405 365/365/365
f 365/365/365 405/405/405 406/406/406 366/366/366
f 366/366/366 406/406/406 407/407/407 367/367/367
f 367/367/367 407/407/407 408/408/408 368/368/368
f 368/368/368 408/408/408 409/409/409 369/369/369
f 369/369/369 409/409/409 410/410/410 370/370/370
f 370/370/370 410/410/410 411/411/411 371/371/371
f 371/371/371 411/411/411 412/412/412 372/372/372
f 372/372/372 412/412/412 413/413/413 373/373/373
f 373/373/373 413/413/413 414/414/414 374/374/374
f 374/374/374 414/414/414 415/415/415 375/375/375
f 375/375/375 415/415/415 416/416/416 376/376/376
f 376/376/376 416/416/416 417/417/417 377/377/377
f 377/377/377 417/417/417 418/418/418 378/378/378
f 378/378/378 418/418/418 419/419/419 379/379/379
f 379/379/379 419/419/419 420/420/420 380/380/380
f 380/380/380 420/420/420 421/421/421 381/381/381
f 381/381/381 421/421/421 422/422/422 382/382/382
f 382/382/382 422/422/422 423/423/423 383/383/383
f 383/383/383 423/423/423 424/424/424 384/384/384
f 384/384/384 424/424/424 425/425/425 385/385/385
f 385/385/385 425/425/425 426/426/426 386/386/386
f 386/386/386 426/426/426 427/427/427 387/387/387
f 387/387/387 427/427/427 428/428/428 388/388/388
f 388/388/388 428/428/428 429/429/429 389/389/389
f 389/389/389 429/429/429 430/430/430 390/390/390
f 390/390/390 430/430/430 431/431/431 391/391/391
f 391/391/391 431/431/431 432/432/432 392/392/392
f 392/392/392 432/432/432 433/433/433 393/393/393
f 393/393/393 433/433/433 434/434/434 394/394/394
f 394/394/394 434/434/434 435/435/435 395/395/395
f 395/395/395 435/435/435 436/436/436 396/396/396
f 396/396/396 436/436/436 437/437/437 397/397/397
f 397/397/397 437/437/437 438/438/438 398/398/398
f 398/398/398 438/438/438 439/439/439 399/399/399
f 399/399/399 439/439/439 440/440/440 400/400/400
f 401/401/401 441/441/441 442/442/442 402/402/402
f 402/402/402 442/442/442 443/443/443 403/403/403
f 403/403/403 443/443/443 444/444/444 404/404/404
f 404/404/404 444/444/444 445/445/445 405/405/405
f 405/405/405 445/445/445 446/446/446 406/406/406
f 406/406/406 446/446/446 447/447/447 407/407/407
f 407/407/407 447/447/447 448/448/448 408/408/408
f 408/408/408 448/448/448 449/449/449 409/409/409
f 409/409/409 449/449/449 450/450/450 410/410/410
f 410/410/410 450/450/450 451/451/451 411/411/411
f 411/411/411 451/451/451 452/452/452 412/412/412
f 412/412/412 452/452/452 453/453/453 413/413/413
f 413/413/413 453/453/453 454/454/454 414/414/414
f 414/414/414 454/454/454 455/455/455 415/415/415
f 415/415/415 455/455/455 456/456/456 416/416/416
f 416/416/416 456/456/456 457/457/457 417/417/417
f 417/417/417 457/457/457 458/458/458 418/418/418
f 418/418/418 458/458/458 459/459/459 419/419/419
f 419/419/419 459/459/459 460/460/460 420/420/420
f 420/420/420 460/460/460 461/461/461 421/421/421
f 421/421/421 461/461/461 462/462/462 422/422/422
f 422/422/422 462/462/462 463/463/463 423/423/423
f 423/423/423 463/463/463 464/464/464 424/424/424
f 424/424/424 464/464/464 465/465/465 425/425/425
f 425/425/425 465/465/465 466/466/466 426/426/426
f 426/426/426 466/466/466 467/467/467 427/427/427
f 427/427/427 467/467/467 468/468/468 428/428/428
f 428/428/428 468/468/468 469/469/469 429/429/429
f 429/429/429 469/469/469 470/470/470 430/430/430
f 430/430/430 470/470/470 471/471/471 431/431/431
f 431/431/431 471/471/471 472/472/472 432/432/432
f 432/432/432 472/472/472 473/473/473 433/433/433
f 433/433/433 473/473/473 474/474/474 434/434/434
f 434/434/434 474/474/474 475/475/475 435/435/435
f 435/435/435 475/475/475 476/476/476 436/436/436
f 436/436/436 476/476/476 477/477/477 437/437/437
f 437/437/437 477/477/477 478/478/478 438/438/438
f 438/438/438 478/478/478 479/479/479 439/439/439
f 439/439/439 479/479/479 480/480/480 440/440/440
f 441/441/441 481/481/481 482/482/482 442/442/442
f 442/442/442 482/482/482 483/483/483 443/443/443
f 443/443/443 483/483/483 484/484/484 444/444/444
f 444/444/444 484/484/484 485/485/485 445/445/445
f 445/445/445 485/485/485 486/486/486 446/446/446
f 446/446/446 486/486/486 487/487/487 447/447/447
f 447/447/447 487/487/487 488/488/488 448/448/448
f 448/448/448 488/488/488 489/489/489 449/449/449
f 449/449/449 489/489/489 490/490/490 450/450/450
f 450/450/450 490/490/490 491/491/491 451/451/451
f 451/451/451 491/491/491 492/492/492 452/452/452
f 452/452/452 492/492/492 493/493/493 453/453/453
f 453/453/453 493/493/493 494/494/494 454/454/454
f 454/454/454 494/494/494 495/495/495 455/455/455
f 455/455/455 495/495/495 496/496/496 456/456/456
f 456/456/456 496/496/496 497/497/497 457/457/457
f 457/457/457 497/497/497 498/498/498 458/458/458
f 458/458/458 498/498/498 499/499/499 459/459/459
f 459/459/459 499/499/499 500/500/500 460/460/460
f 460/460/460 500/500/500 501/501/501 461/461/461
f 461/461/461 501/501/501 502/502/502 462/462/462
f 462/462/462 502/502/502 503/503/503 463/463/463
f 463/463/463 503/503/503 504/504/504 464/464/464
f 464/464/464 504/504/504 505/505/505 465/465/465
f 465/465/465 505/505/505 506/506/506 466/466/466
f 466/466/466 506/506/506 507/507/507 467/467/467
f 467/467/467 507/507/507 508/508/508 468/468/468
f 468/468/468 508/508/508 509/509/509 469/469/469
f 469/469/469 509/509/509 510/510/510 470/470/470
f 470/470/470 510/510/510 511/511/511 471/471/471
f 471/471/471 511/511/511 512/512/512 472/472/472
f 472/472/472 512/512/512 513/513/513 473/473/473
f 473/473/473 513/513/513 514/514/514 474/474/474
f 474/474/474 514/514/514 515/515/515 475/475/475
f 475/475/475 515/515/515 516/516/516 476/476/476
f 476/476/476 516/516/516 517/517/517 477/477/477
f 477/477/477 517/517/517 518/518/518 478/478/478
f 478/478/478 518/518/518 519/519/519 479/479/479
f 479/479/479 519/519/519 520/520/520 480/480/480
f 481/481/481 521/521/521 522/522/522 482/482/482
f 482/482/482 522/522/522 523/523/523 483/483/483
f 483/483/483 523/523/523 524/524/524 484/484/484
f 484/484/484 524/524/524 525/525/525 485/485/485
f 485/485/485 525/525/525 526/526/526 486/486/486
f 486/486/486 526/526/526 527/527/527 487/487/487
f 487/487/487 527/527/527 528/528/528 488/488/488
f 488/488/488 528/528/528 529/529/529 489/489/489
f 489/489/489 529/529/529 530/530/530 490/490/490
f 490/490/490 530/530/530 531/531/531 491/491/491
f 491/491/491 531/531/531 532/532/532 492/492/492
f 492/492/492 532/532/532 533/533/533 493/493/493
f 493/493/493 533/533/533 534/534/534 494/494/494
f 494/494/494 534/534/534 535/535/535 495/495/495
f 495/495/495 535/535/535 536/536/536 496/496/496
f 496/496/496 536/536/536 537/537/537 497/497/497
f 497/497/497 537/537/537 538/538/538 498/498/498
f 498/498/498 538/538/538 539/539/539 499/499/499
f 499/499/499 539/539/539 540/540/540 500/500/500
f 500/500/500 540/540/540 541/541/541 501/501/501
f 501/501/501 541/541/541 542/542/542 502/502/502
f 502/502/502 542/542/542 543/543/543 503/503/503
f 503/503/503 543/543/543 544/544/544 504/504/504
f 504/504/504 544/544/544 545/545/545 505/505/505
f 505/505/505 545/545/545 546/546/546 506/506/506
f 506/506/506 546/546/546 547/547/547 507/507/507
f 507/507/507 547/547/547 548/548/548 508/508/508
f 508/508/508 548/548/548 549/549/549 509/509/509
f 509/509/509 549/549/549 550/550/550 510/510/510
f 510/510/510 550/550/550 551/551/551 511/511/511
f 511/511/511 551/551/551 552/552/552 512/512/512
f 512/512/512 552/552/552 553/553/553 513/513/513
f 513/513/513 553/553/553 554/554/554 514/514/514
f 514/514/514 554/554/554 555/555/555 515/515/515
f 515/515/515 555/555/555 556/556/556 516/516/516
f 516/516/516 556/556/556 557/557/557 517/517/517
f 517/517/517 557/557/557 558/558/558 518/518/518
f 518/518/518 558/558/558 559/559/559 519/519/519
f 519/519/519 559/559/559 560/560/560 520/520/520
f 521/521/521 561/561/561 562/562/562 522/522/522
f 522/522/522 562/562/562 563/563/563 523/523/523
f 523/523/523 563/563/563 564/564/564 524/524/524
f 524/524/524 564/564/564 565/565/565 525/525/525
f 525/525/525 565/565/565 566/566/566 526/526/526
f 526/526/526 566/566/566 567/567/567 527/527/527
f 527/527/527 567/567/567 568/568/568 528/528/528
f 528/528/528 568/568/568 569/569/569 529/529/529
f 529/529/529 569/569/569 570/570/570 530/530/530
f 530/530/530 570/570/570 571/571/571 531/531/531
f 531/531/531 571/571/571 572/572/572 532/532/532
f 532/532/532 572/572/572 573/573/573 533/533/533
f 533/533/533 573/573/573 574/574/574 534/534/534
f 534/534/534 574/574/574 575/575/575 535/535/535
f 535/535/535 575/575/575 576/576/576 536/536/536
f 536/536/536 576/576/576 577/577/577 537/537/537
f 537/537/537 577/577/577 578/578/578 538/538/538
f 538/538/538 578/578/578 579/579/579 539/539/539
f 539/539/539 579/579/579 580/580/580 540/540/540
f 540/540/540 580/580/580 581/581/581 541/541/541
f 541/541/541 581/581/581 582/582/582 542/542/542
f 542/542/542 582/582/582 583/583/583 543/543/543
f 543/543/543 583/583/583 584/584/584 544/544/544
f 544/544/544 584/584/584 585/585/585 545/545/545
f 545/545/545 585/585/585 586/586/586 546/546/546
f 546/546/546 586/586/586 587/587/587 547/547/547
f 547/547/547 587/587/587 588/588/588 548/548/548
f 548/548/548 588/588/588 589/589/589 549/549/549
f 549/549/549 589/589/589 590/590/590 550/550/550
f 550/550/550 590/590/590 591/591/591 551/551/551
f 551/551/551 591/591/591 592/592/592 552/552/552
f 552/552/552 592/592/592 593/593/593 553/553/553
f 553/553/553 593/593/593 594/594/594 554/554/554
f 554/554/554 594/594/594 595/595/595 555/555/555
f 555/555/555 595/595/595 596/596/596 556/556/556
f 556/556/556 596/596/596 597/597/597 557/557/557
f 557/557/557 597/597/597 598/598/598 558/558/558
f 558/558/558 598/598/598 599/599/599 559/559/559
f 559/559/559 599/599/599 600/600/600 560/560/560
f 561/561/561 601/601/601 602/602/602 562/562/562
f 562/562/562 602/602/602 603/603/603 563/563/563
f 563/563/563 603/603/603 604/604/604 564/564/564
f 564/564/564 604/604/604 605/605/605 565/565/565
f 565/565/565 605/605/605 606/606/606 566/566/566
f 566/566/566 606/606/606 607/607/607 567/567/567
f 567/567/567 607/607/607 608/608/608 568/568/568
f 568/568/568 608/608/608 609/609/609 569/569/569
f 569/569/569 609/609/609 610/610/610 570/570/570
f 570/570/570 610/610/610 611/611/611 571/571/571
f 571/571/571 611/611/611 612/612/612 572/572/572
f 572/572/572 612/612/612 613/613/613 573/573/573
f 573/573/573 613/613/613 614/614/614 574/574/574
f 574/574/574 614/614/614 615/615/615 575/575/575
f 575/575/575 615/615/615 616/616/616 576/576/576
f 576/576/576 616/616/616 617/617/617 577/577/577
f 577/577/577 617/617/617 618/618/618 578/578/578
f 578/578/578 618/618/618 619/619/619 579/579/579
f 579/579/579 619/619/619 620/620/620 580/580/580
f 580/580/580 620/620/620 621/621/621 581/581/581
f 581/581/581 621/621/621 622/622/622 582/582/582
f 582/582/582 622/622/622 623/623/623 583/583/583
f 583/583/583 623/623/623 624/624/624 584/584/584
f 584/584/584 624/624/624 625/625/625 585/585/585
f 585/585/585 625/625/625 626/626/626 586/586/586
f 586/586/586 626/626/626 627/627/627 587/587/587
f 587/587/587 627/627/627 628/628/628 588/588/588
f 588/588/588 628/628/628 629/629/629 589/589/589
f 589/589/589 629/629/629 630/630/630 590/590/590
f 590/590/590 630/630/630 631/631/631 591/591/591
f 591/591/591 631/631/631 632/632/632 592/592/592
f 592/592/592 632/632/632 633/633/633 593/593/593
f 593/593/593 633/633/633 634/634/634 594/594/594
f 594/594/594 634/634/634 635/635/635 595/595/595
f 595/595/595 635/635/635 636/636/636 596/596/596
f 596/596/596 636/636/636 637/637/637 597/597/597
f 597/597/597 637/637/637 638/638/638 598/598/598
f 598/598/598 638/638/638 639/639/639 599/599/599
f 599/599/599 639/639/639 640/640/640 600/600/600
f 601/601/601 641/641/641 642/642/642 602/602/602
f 602/602/602 642/642/642 643/643/643 603/603/603
f 603/603/603 643/643/643 644/644/644 604/604/604
f 604/604/604 644/644/644 645/645/645 605/605/605
f 605/605/605 645/645/645 646/646/646 606/606/606
f 606/606/606 646/646/646 647/647/647 607/607/607
f 607/607/607 647/647/647 648/648/648 608/608/608
f 608/608/608 648/648/648 649/649/649 609/609/609
f 609/609/609 649/649/649 650/650/650 610/610/610
f 610/610/610 650/650/650 651/651/651 611/611/611
f 611/611/611 651/651/651 652/652/652 612/612/612
f 612/612/612 652/652/652 653/653/653 613/613/613
f 613/613/613 653/653/653 654/654/654 614/614/614
f 614/614/614 654/654/654 655/655/655 615/615/615
f 615/615/615 655/655/655 656/656/656 616/616/616
f 616/616/616 656/656/656 657/657/657 617/617/617
f 617/617/617 657/657/657 658/658/658 618/618/618
f 618/618/618 658/658/658 659/659/659 619/619/619
f 619/619/619 659/659/659 660/660/660 620/620/620
f 620/620/620 660/660/660 661/661/661 621/621/621
f 621/621/621 661/661/661 662/662/662 622/622/622
f 622/622/622 662/662/662 663/663/663 623/623/623
f 623/623/623 663/663/663 664/664/664 624/624/624
f 624/624/624 664/664/664 665/665/665 625/625/625
f 625/625/625 665/665/665 666/666/666 626/626/626
f 626/626/626 666/666/666 667/667/667 627/627/627
f 627/627/627 667/667/667 668/668/668 628/628/628
f 628/628/628 668/668/668 669/669/669 629/629/629
f 629/629/629 669/669/669 670/670/670 630/630/630
f 630/630/630 670/670/670 671/671/671 631/631/631
f 631/631/631 671/671/671 672/672/672 632/632/632
f 632/632/632 672/672/672 673/673/673 633/633/633
f 633/633/633 673/673/673 674/674/674 634/634/634
f 634/634/634 674/674/674 675/675/675 635/635/635
f 635/635/635 675/675/675 676/676/676 636/636/636
f 636/636/636 676/676/676 677/677/677 637/637/637
f 637/637/637 677/677/677 678/678/678 638/638/638
f 638/638/638 678/678/678 679/679/679 639/639/639
f 639/639/639 679/679/679 680/680/680 640/640/640
f 641/641/641 681/681/681 682/682/682 642/642/642
f 642/642/642 682/682/682 683/683/683 643/643/643
f 643/643/643 683/683/683 684/684/684 644/644/644
f 644/644/644 684/684/684 685/685/685 645/645/645
f 645/645/645 685/685/685 686/686/686 646/646/646
f 646/646/646 686/686/686 687/687/687 647/647/647
f 647/647/647 687/687/687 688/688/688 648/648/648
f 648/648/648 688/688/688 689/689/689 649/649/649
f 649/649/649 689/689/689 690/690/690 650/650/650
f 650/650/650 690/690/690 691/691/691 651/651/651
f 651/651/651 691/691/691 692/692/692 652/652/652
f 652/652/652 692/692/692 693/693/693 653/653/653
f 653/653/653 693/693/693 694/694/694 654/654/654
f 654/654/654 694/694/694 695/695/695 655/655/655
f 655/655/655 695/695/695 696/696/696 656/656/656
f 656/656/656 696/696/696 697/697/697 657/657/657
f 657/657/657 697/697/697 698/698/698 658/658/658
f 658/658/658 698/698/698 699/699/699 659/659/659
f 659/659/659 699/699/699 700/700/700 660/660/660
f 660/660/660 700/700/700 701/701/701 661/661/661
f 661/661/661 701/701/701 702/702/702 662/662/662
f 662/662/662 702/702/702 703/703/703 663/663/663
f 663/663/663 703/703/703 704/704/704 664/664/664
f 664/664/664 704/704/704 705/705/705 665/665/665
f 665/665/665 705/705/705 706/706/706 666/666/666
f 666/666/666 706/706/706 707/707/707 667/667/667
f 667/667/667 707/707/707 708/708/708 668/668/668
f 668/668/668 708/708/708 709/709/709 669/669/669
f 669/669/669 709/709/709 710/710/710 670/670/670
f 670/670/670 710/710/710 711/711/711 671/671/671
f 671/671/671 711/711/711 712/712/712 672/672/672
f 672/672/672 712/712/712 713/713/713 673/673/673
f 673/673/673 713/713/713 714/714/714 674/674/674
f 674/674/674 714/714/714 715/715/715 675/675/675
f 675/675/675 715/715/715 716/716/716 676/676/676
f 676/676/676 716/716/716 717/717/717 677/677/677
f 677/677/677 717/717/717 718/718/718 678/678/678
f 678/678/678 718/718/718 719/719/719 679/679/679
f 679/679/679 719/719/719 720/720/720 680/680/680
f 681/681/681 721/721/721 722/722/722 682/682/682
f 682/682/682 722/722/722 723/723/723 683/683/683
f 683/683/683 723/723/723 724/724/724 684/684/684
f 684/684/684 724/724/724 725/725/725 685/685/685
f 685/685/685 725/725/725 726/726/726 686/686/686
f 686/686/686 726/726/726 727/727/727 687/687/687
f 687/687/687 727/727/727 728/728/728 688/688/688
f 688/688/688 728/728/728 729/729/729 689/689/689
f 689/689/689 729/729/729 730/730/730 690/690/690
f 690/690/690 730/730/730 731/731/731 691/691/691
f 691/691/691 731/731/731 732/732/732 692/692/692
f 692/692/692 732/732/732 733/733/733 693/693/693
f 693/693/693 733/733/733 734/734/734 694/694/694
f 694/694/694 734/734/734 735/735/735 695/695/695
f 695/695/695 735/735/735 736/736/736 696/696/696
f 696/696/696 736/736/736 737/737/737 697/697/697
f 697/697/697 737/737/737 738/738/738 698/698/698
f 698/698/698 738/738/738 739/739/739 699/699/699
f 699/699/699 739/739/739 740/740/740 700/700/700
f 700/700/700 740/740/740 741/741/741 701/701/701
f 701/701/701 741/741/741 742/742/742 702/702/702
f 702/702/702 742/742/742 743/743/743 703/703/703
f 703/703/703 743/743/743 744/744/744 704/704/704
f 704/704/704 744/744/744 745/745/745 705/705/705
f 705/705/705 745/745/745 746/746/746 706/706/706
f 706/706/706 746/746/746 747/747/747 707/707/707
f 707/707/707 747/747/747 748/748/748 708/708/708
f 708/708/708 748/748/748 749/749/749 709/709/709
f 709/709/709 749/749/749 750/750/750 710/710/710
f 710/710/710 750/750/750 751/751/751 711/711/711
f 711/711/711 751/751/751 752/752/752 712/712/712
f 712/712/712 752/752/752 753/753/753 713/713/713
f 713/713/713 753/753/753 754/754/754 714/714/714
f 714/714/714 754/754/754 755/755/755 715/715/715
f 715/715/715 755/755/755 756/756/756 716/716/716
f 716/716/716 756/756/756 757/757/757 717/717/717
f 717/717/717 757/757/757 758/758/758 718/718/718
f 718/718/718 758/758/758 759/759/759 719/719/719
f 719/719/719 759/759/759 760/760/760 720/720/720
f 721/721/721 761/761/761 762/762/762 722/722/722
f 722/722/722 762/762/762 763/763/763 723/723/723
f 723/723/723 763/763/763 764/764/764 724/724/724
f 724/724/724 764/764/764 765/765/765 725/725/725
f 725/725/725 765/765/765 766/766/766 726/726/726
f 726/726/726 766/766/766 767/767/767 727/727/727
f 727/727/727 767/767/767 768/768/768 728/728/728
f 728/728/728 768/768/768 769/769/769 729/729/729
f 729/729/729 769/769/769 770/770/770 730/730/730
f 730/730/730 770/770/770 771/771/771 731/731/731
f 731/731/731 771/771/771 772/772/772 732/732/732
f 732/732/732 772/772/772 773/773/773 733/733/733
f 733/733/733 773/773/773 774/774/774 734/734/734
f 734/734/734 774/774/774 775/775/775 735/735/735
f 735/735/735 775/775/775 776/776/776 736/736/736
f 736/736/736 776/776/776 777/777/777 737/737/737
f 737/737/737 777/777/777 778/778/778 738/738/738
f 738/738/738 778/778/778 779/779/779 739/739/739
f 739/739/739 779/779/779 780/780/780 740/740/740
f 740/740/740 780/780/780 781/781/781 741/741/741
f 741/741/741 781/781/781 782/782/782 742/742/742
f 742/742/742 782/782/782 783/783/783 743/743/743
f 743/743/743 783/783/783 784/784/784 744/744/744
f 744/744/744 784/784/784 785/785/785 745/745/745
f 745/745/745 785/785/785 786/786/786 746/746/746
f 746/746/746 786/786/786 787/787/787 747/747/747
f 747/747/747 787/787/787 788/788/788 748/748/748
f 748/748/748 788/788/788 789/789/789 749/749/749
f 749/749/749 789/789/789 790/790/790 750/750/750
f 750/750/750 790/790/790 791/791/791 751/751/751
f 751/751/751 791/791/791 792/792/792 752/752/752
f 752/752/752 792/792/792 793/793/793 753/753/753
f 753/753/753 793/793/793 794/794/794 754/754/754
f 754/754/754 794/794/794 795/795/795 755/755/755
f 755/755/755 795/795/795 796/796/796 756/756/756
f 756/756/756 796/796/796 797/797/797 757/757/757
f 757/757/757 797/797/797 798/798/798 758/758/758
f 758/758/758 798/798/798 799/799/799 759/759/759
f 759/759/759 799/799/799 800/800/800 760/760/760
f 761/761/761 801/801/801 802/802/802 762/762/762
f 762/762/762 802/802/802 803/803/803 763/763/763
f 763/763/763 803/803/803 804/804/804 764/764/764
f 764/764/764 804/804/804 805/805/805 765/765/765
f 765/765/765 805/805/805 806/806/806 766/766/766
f 766/766/766 806/806/806 807/807/807 767/767/767
f 767/767/767 807/807/807 808/808/808 768/768/768
f 768/768/768 808/808/808 809/809/809 769/769/769
f 769/769/769 809/809/809 810/810/810 770/770/770
f 770/770/770 810/810/810 811/811/811 771/771/771
f 771/771/771 811/811/811 812/812/812 772/772/772
f 772/772/772 812/812/812 813/813/813 773/773/773
f 773/773/773 813/813/813 814/814/814 774/774/774
f 774/774/774 814/814/814 815/815/815 775/775/775
f 775/775/775 815/815/815 816/816/816 776/776/776
f 776/776/776 816/816/816 817/817/817 777/777/777
f 777/777/777 817/817/817 818/818/818 778/778/778
f 778/778/778 818/818/818 819/819/819 779/779/779
f 779/779/779 819/819/819 820/820/820 780/780/780
f 780/780/780 820/820/820 821/821/821 781/781/781
f 781/781/781 821/821/821 822/822/822 782/782/782
f 782/782/782 822/822/822 823/823/823 783/783/783
f 783/783/783 823/823/823 824/824/824 784/784/784
f 784/784/784 824/824/824 825/825/825 785/785/785
f 785/785/785 825/825/825 826/826/826 786/786/786
f 786/786/786 826/826/826 827/827/827 787/787/787
f 787/787/787 827/827/827 828/828/828 788/788/788
f 788/788/788 828/828/828 829/829/829 789/789/789
f 789/789/789 829/829/829 830/830/830 790/790/790
f 790/790/790 830/830/830 831/831/831 791/791/791
f 791/791/791 831/831/831 832/832/832 792/792/792
f 792/792/792 832/832/832 833/833/833 793/793/793
f 793/793/793 833/833/833 834/834/834 794/794/794
f 794/794/794 834/834/834 835/835/835 795/795/795
f 795/795/795 835/835/835 836/836/836 796/796/796
f 796/796/796 836/836/836 837/837/837 797/797/797
f 797/797/797 837/837/837 838/838/838 798/798/798
f 798/798/798 838/838/838 839/839/839 799/799/799
f 799/799/799 839/839/839 840/840/840 800/800/800
f 801/801/801 841/841/841 842/842/842 802/802/802
f 802/802/802 842/842/842 843/843/843 803/803/803
f 803/803/803 843/843/843 844/844/844 804/804/804
f 804/804/804 844/844/844 845/845/845 805/805/805
f 805/805/805 845/845/845 846/846/846 806/806/806
f 806/806/806 846/846/846 847/847/847 807/807/807
f 807/807/807 847/847/847 848/848/848 808/808/808
f 808/808/808 848/848/848 849/849/849 809/809/809
f 809/809/809 849/849/849 850/850/850 810/810/810
f 810/810/810 850/850/850 851/851/851 811/811/811
f 811/811/811 851/851/851 852/852/852 812/812/812
f 812/812/812 852/852/852 853/853/853 813/813/813
f 813/813/813 853/853/853 854/854/854 814/814/814
f 814/814/814 854/854/854 855/855/855 815/815/815
f 815/815/815 855/855/855 856/856/856 816/816/816
f 816/816/816 856/856/856 857/857/857 817/817/817
f 817/817/817 857/857/857 858/858/858 818/818/818
f 818/818/818 858/858/858 859/859/859 819/819/819
f 819/819/819 859/859/859 860/860/860 820/820/820
f 820/820/820 860/860/860 861/861/861 821/821/821
f 821/821/821 861/861/861 862/862/862 822/822/822
f 822/822/822 862/862/862 863/863/863 823/823/823
f 823/823/823 863/863/863 864/864/864 824/824/824
f 824/824/824 864/864/864 865/865/865 825/825/825
f 825/825/825 865/865/865 866/866/866 826/826/826
f 826/826/826 866/866/866 867/867/867 827/827/827
f 827/827/827 867/867/867 868/868/868 828/828/828
f 828/828/828 868/868/868 869/869/869 829/829/829
f 829/829/829 869/869/869 870/870/870 830/830/830
f 830/830/830 870/870/870 871/871/871 831/831/831
f 831/831/831 871/871/871 872/872/872 832/832/832
f 832/832/832 872/872/872 873/873/873 833/833/833
f 833/833/833 873/873/873 874/874/874 834/834/834
f 834/834/834 874/874/874 875/875/875 835/835/835
f 835/835/835 875/875/875 876/876/876 836/836/836
f 836/836/836 876/876/876 877/877/877 837/837/837
f 837/837/837 877/877/877 878/878/878 838/838/838
f 838/838/838 878/878/878 879/879/879 839/839/839
f 839/839/839 879/879/879 880/880/880 840/840/840
f 841/841/841 881/881/881 882/882/882 842/842/842
f 842/842/842 882/882/882 883/883/883 843/843/843
f 843/843/843 883/883/883 884/884/884 844/844/844
f 844/844/844 884/884/884 885/885/885 845/845/845
f 845/845/845 885/885/885 886/886/886 846/846/846
f 846/846/846 886/886/886 887/887/887 847/847/847
f 847/847/847 887/887/887 888/888/888 848/848/848
f 848/848/848 888/888/888 889/889/889 849/849/849
f 849/849/849 889/889/889 890/890/890 850/850/850
f 850/850/850 890/890/890 891/891/891 851/851/851
f 851/851/851 891/891/891 892/892/892 852/852/852
f 852/852/852 892/892/892 893/893/893 853/853/853
f 853/853/853 893/893/893 894/894/894 854/854/854
f 854/854/854 894/894/894 895/895/895 855/855/855
f 855/855/855 895/895/895 896/896/896 856/856/856
f 856/856/856 896/896/896 897/897/897 857/857/857
f 857/857/857 897/897/897 898/898/898 858/858/858
f 858/858/858 898/898/898 899/899/899 859/859/859
f 859/859/859 899/899/899 900/900/900 860/860/860
f 860/860/860 900/900/900 901/901/901 861/861/861
f 861/861/861 901/901/901 902/902/902 862/862/862
f 862/862/862 902/902/902 903/903/903 863/863/863
f 863/863/863 903/903/903 904/904/904 864/864/864
f 864/864/864 904/904/904 905/905/905 865/865/865
f 865/865/865 905/905/905 906/906/906 866/866/866
f 866/866/866 906/906/906 907/907/907 867/867/867
f 867/867/867 907/907/907 908/908/908 868/868/868
f 868/868/868 908/908/908 909/909/909 869/869/869
f 869/869/869 909/909/909 910/910/910 870/870/870
f 870/870/870 910/910/910 911/911/911 871/871/871
f 871/871/871 911/911/911 912/912/912 872/872/872
f 872/872/872 912/912/912 913/913/913 873/873/873
f 873/873/873 913/913/913 914/914/914 874/874/874
f 874/874/874 914/914/914 915/915/915 875/875/875
f 875/875/875 915/915/915 916/916/916 876/876/876
f 876/876/876 916/916/916 917/917/917 877/877/877
f 877/877/877 917/917/917 918/918/918 878/878/878
f 878/878/878 918/918/918 919/919/919 879/879/879
f 879/879/879 919/919/919 920/920/920 880/880/880
f 881/881/881 921/921/921 922/922/922 882/882/882
f 882/882/882 922/922/922 923/923/923 883/883/883
f 883/883/883 923/923/923 924/924/924 884/884/884
f 884/884/884 924/924/924 925/925/925 885/885/885
f 885/885/885 925/925/925 926/926/926 886/886/886
f 886/886/886 926/926/926 927/927/927 887/887/887
f 887/887/887 927/927/927 928/928/928 888/888/888
f 888/888/888 928/928/928 929/929/929 889/889/889
f 889/889/889 929/929/929 930/930/930 890/890/890
f 890/890/890 930/930/930 931/931/931 891/891/891
f 891/891/891 931/931/931 932/932/932 892/892/892
f 892/892/892 932/932/932 933/933/933 893/893/893
f 893/893/893 933/933/933 934/934/934 894/894/894
f 894/894/894 934/934/934 935/935/935 895/895/895
f 895/895/895 935/935/935 936/936/936 896/896/896
f 896/896/896 936/936/936 937/937/937 897/897/897
f 897/897/897 937/937/937 938/938/938 898/898/898
f 898/898/898 938/938/938 939/939/939 899/899/899
f 899/899/899 939/939/939 940/940/940 900/900/900
f 900/900/900 940/940/940 941/941/941 901/901/901
f 901/901/901 941/941/941 942/942/942 902/902/902
f 902/902/902 942/942/942 943/943/943 903/903/903
f 903/903/903 943/943/943 944/944/944 904/904/904
f 904/904/904 944/944/944 945/945/945 905/905/905
f 905/905/905 945/945/945 946/946/946 906/906/906
f 906/906/906 946/946/946 947/947/947 907/907/907
f 907/907/907 947/947/947 948/948/948 908/908/908
f 908/908/908 948/948/948 949/949/949 909/909/909
f 909/909/909 949/949/949 950/950/950 910/910/910
f 910/910/910 950/950/950 951/951/951 911/911/911
f 911/911/911 951/951/951 952/952/952 912/912/912
f 912/912/912 952/952/952 953/953/953 913/913/913
f 913/913/913 953/953/953 954/954/954 914/914/914
f 914/914/914 954/954/954 955/955/955 915/915/915
f 915/915/915 955/955/955 956/956/956 916/916/916
f 916/916/916 956/956/956 957/957/957 917/917/917
f 917/917/917 957/957/957 958/958/958 918/918/918
f 918/918/918 958/958/958 959/959/959 919/919/919
f 919/919/919 959/959/959 960/960/960 920/920/920
f 921/921/921 961/961/961 962/962/962 922/922/922
f 922/922/922 962/962/962 963/963/963 923/923/923
f 923/923/923 963/963/963 964/964/964 924/924/924
f 924/924/924 964/964/964 965/965/965 925/925/925
f 925/925/925 965/965/965 966/966/966 926/926/926
f 926/926/926 966/966/966 967/967/967 927/927/927
f 927/927/927 967/967/967 968/968/968 928/928/928
f 928/928/928 968/968/968 969/969/969 929/929/929
f 929/929/929 969/969/969 970/970/970 930/930/930
f 930/930/930 970/970/970 971/971/971 931/931/931
f 931/931/931 971/971/971 972/972/972 932/932/932
f 932/932/932 972/972/972 973/973/973 933/933/933
f 933/933/933 973/973/973 974/974/974 934/934/934
f 934/934/934 974/974/974 975/975/975 935/935/935
f 935/935/935 975/975/975 976/976/976 936/936/936
f 936/936/936 976/976/976 977/977/977 937/937/937
f 937/937/937 977/977/977 978/978/978 938/938/938
f 938/938/938 978/978/978 979/979/979 939/939/939
f 939/939/939 979/979/979 980/980/980 940/940/940
f 940/940/940 980/980/980 981/981/981 941/941/941
f 941/941/941 981/981/981 982/982/982 942/942/942
f 942/942/942 982/982/982 983/983/983 943/943/943
f 943/943/943 983/983/983 984/984/984 944/944/944
f 944/944/944 984/984/984 985/985/985 945/945/945
f 945/945/945 985/985/985 986/986/986 946/946/946
f 946/946/946 986/986/986 987/987/987 947/947/947
f 947/947/947 987/987/987 988/988/988 948/948/948
f 948/948/948 988/988/988 989/989/989 949/949/949
f 949/949/949 989/989/989 990/990/990 950/950/950
f 950/950/950 990/990/990 991/991/991 951/951/951
f 951/951/951 991/991/991 992/992/992 952/952/952
f 952/952/952 992/992/992 993/993/993 953/953/953
f 953/953/953 993/993/993 994/994/994 954/954/954
f 954/954/954 994/994/994 995/995/995 955/955/955
f 955/955/955 995/995/995 996/996/996 956/956/956
f 956/956/956 996/996/996 997/997/997 957/957/957
f 957/957/957 997/997/997 998/998/998 958/958/958
f 958/958/958 998/998/998 999/999/999 959/959/959
f 959/959/959 999/999/999 1000/1000/1000 960/960/960
f 961/961/961 1001/1001/1001 1002/1002/1002 962/962/962
f 962/962/962 1002/1002/1002 1003/1003/1003 963/963/963
f 963/963/963 1003/1003/1003 1004/1004/1004 964/964/964
f 964/964/964 1004/1004/1004 1005/1005/1005 965/965/965
f 965/965/965 1005/1005/1005 1006/1006/1006 966/966/966
f 966/966/966 1006/1006/1006 1007/1007/1007 967/967/967
f 967/967/967 1007/1007/1007 1008/1008/1008 968/968/968
f 968/968/968 1008/1008/1008 1009/1009/1009 969/969/969
f 969/969/969 1009/1009/1009 1010/1010/1010 970/970/970
f 970/970/970 1010/1010/1010 1011/1011/1011 971/971/971
f 971/971/971 1011/1011/1011 1012/1012/1012 972/972/972
f 972/972/972 1012/1012/1012 1013/1013/1013 973/973/973
f 973/973/973 1013/1013/1013 1014/1014/1014 974/974/974
f 974/974/974 1014/1014/1014 1015/1015/1015 975/975/975
f 975/975/975 1015/1015/1015 1016/1016/1016 976/976/976
f 976/976/976 1016/1016/1016 1017/1017/1017 977/977/977
f 977/977/977 1017/1017/1017 1018/1018/1018 978/978/978
f 978/978/978 1018/1018/1018 1019/1019/1019 979/979/979
f 979/979/979 1019/1019/1019 1020/1020/1020 980/980/980
f 980/980/980 1020/1020/1020 1021/1021/1021 981/981/981
f 981/981/981 1021/1021/1021 1022/1022/1022 982/982/982
f 982/982/982 1022/1022/1022 1023/1023/1023 983/983/983
f 983/983/983 1023/1023/1023 1024/1024/1024 984/984/984
f 984/984/984 1024/1024/1024 1025/1025/1025 985/985/985
f 985/985/985 1025/1025/1025 1026/1026/1026 986/986/986
f 986/986/986 1026/1026/1026 1027/1027/1027 987/987/987
f 987/987/987 1027/1027/1027 1028/1028/1028 988/988/988
f 988/988/988 1028/1028/1028 1029/1029/1029 989/989/989
f 989/989/989 1029/1029/1029 1030/1030/1030 990/990/990
f 990/990/990 1030/1030/1030 1031/1031/1031 991/991/991
f 991/991/991 1031/1031/1031 1032/1032/1032 992/992/992
f 992/992/992 1032/1032/1032 1033/1033/1033 993/993/993
f 993/993/993 1033/1033/1033 1034/1034/1034 994/994/994
f 994/994/994 1034/1034/1034 1035/1035/1035 995/995/995
f 995/995/995 1035/1035/1035 1036/1036/1036 996/996/996
f 996/996/996 1036/1036/1036 1037/1037/1037 997/997/997
f 997/997/997 1037/1037/1037 1038/1038/1038 998/998/998
f 998/998/998 1038/1038/1038 1039/1039/1039 999/999/999
f 999/999/999 1039/1039/1039 1040/1040/1040 1000/1000/1000
f 1001/1001/1001 1041/1041/1041 1042/1042/1042 1002/1002/1002
f 1002/1002/1002 1042/1042/1042 1043/1043/1043 1003/1003/1003
f 1003/1003/1003 1043/1043/1043 1044/1044/1044 1004/1004/1004
f 1004/1004/1004 1044/1044/1044 1045/1045/1045 1005/1005/1005
f 1005/1005/1005 1045/1045/1045 1046/1046/1046 1006/1006/1006
f 1006/1006/1006 1046/1046/1046 1047/1047/1047 1007/1007/1007
f 1007/1007/1007 1047/1047/1047 1048/1048/1048 1008/1008/1008
f 1008/1008/1008 1048/1048/1048 1049/1049/1049 1009/1009/1009
f 1009/1009/1009 1049/1049/1049 1050/1050/1050 1010/1010/1010
f 1010/1010/1010 1050/1050/1050 1051/1051/1051 1011/1011/1011
f 1011/1011/1011 1051/1051/1051 1052/1052/1052 1012/1012/1012
f 1012/1012/1012 1052/1052/1052 1053/1053/1053 1013/1013/1013
f 1013/1013/1013 1053/1053/1053 1054/1054/1054 1014/1014/1014
f 1014/1014/1014 1054/1054/1054 1055/1055/1055 1015/1015/1015
f 1015/1015/1015 1055/1055/1055 1056/1056/1056 1016/1016/1016
f 1016/1016/1016 1056/1056/1056 1057/1057/1057 1017/1017/1017
f 1017/1017/1017 1057/1057/1057 1058/1058/1058 1018/1018/1018
f 1018/1018/1018 1058/1058/1058 1059/1059/1059 1019/1019/1019
f 1019/1019/1019 1059/1059/1059 1060/1060/1060 1020/1020/1020
f 1020/1020/1020 1060/1060/1060 1061/1061/1061 1021/1021/1021
f 1021/1021/1021 1061/1061/1061 1062/1062/1062 1022/1022/1022
f 1022/1022/1022 1062/1062/1062 1063/1063/1063 1023/1023/1023
f 1023/1023/1023 1063/1063/1063 1064/1064/1064 1024/1024/1024
f 1024/1024/1024 1064/1064/1064 1065/1065/1065 1025/1025/1025
f 1025/1025/1025 1065/1065/1065 1066/1066/1066 1026/1026/1026
f 1026/1026/1026 1066/1066/1066 1067/1067/1067 1027/1027/1027
f 1027/1027/1027 1067/1067/1067 1068/1068/1068 1028/1028/1028
f 1028/1028/1028 1068/1068/1068 1069/1069/1069 1029/1029/1029
f 1029/1029/1029 1069/1069/1069 1070/1070/1070 1030/1030/1030
f 1030/1030/1030 1070/1070/1070 1071/1071/1071 1031/1031/1031
f 1031/1031/1031 1071/1071/1071 1072/1072/1072 1032/1032/1032
f 1032/1032/1032 1072/1072/1072 1073/1073/1073 1033/1033/1033
f 1033/1033/1033 1073/1073/1073 1074/1074/1074 1034/1034/1034
f 1034/1034/1034 1074/1074/1074 1075/1075/1075 1035/1035/1035
f 1035/1035/1035 1075/1075/1075 1076/1076/1076 1036/1036/1036
f 1036/1036/1036 1076/1076/1076 1077/1077/1077 1037/1037/1037
f 1037/1037/1037 1077/1077/1077 1078/1078/1078 1038/1038/1038
f 1038/1038/1038 1078/1078/1078 1079/1079/1079 1039/1039/1039
f 1039/1039/1039 1079/1079/1079 1080/1080/1080 1040/1040/1040
f 1041/1041/1041 1081/1081/1081 1082/1082/1082 1042/1042/1042
f 1042/1042/1042 1082/1082/1082 1083/1083/1083 1043/1043/1043
f 1043/1043/1043 1083/1083/1083 1084/1084/1084 1044/1044/1044
f 1044/1044/1044 1084/1084/1084 1085/1085/1085 1045/1045/1045
f 1045/1045/1045 1085/1085/1085 1086/1086/1086 1046/1046/1046
f 1046/1046/1046 1086/1086/1086 1087/1087/1087 1047/1047/1047
f 1047/1047/1047 1087/1087/1087 1088/1088/1088 1048/1048/1048
f 1048/1048/1048 1088/1088/1088 1089/1089/1089 1049/1049/1049
f 1049/1049/1049 1089/1089/1089 1090/1090/1090 1050/1050/1050
f 1050/1050/1050 1090/1090/1090 1091/1091/1091 1051/1051/1051
f 1051/1051/1051 1091/1091/1091 1092/1092/1092 1052/1052/1052
f 1052/1052/1052 1092/1092/1092 1093/1093/1093 1053/1053/1053
f 1053/1053/1053 1093/1093/1093 1094/1094/1094 1054/1054/1054
f 1054/1054/1054 1094/1094/1094 1095/1095/1095 1055/1055/1055
f 1055/1055/1055 1095/1095/1095 1096/1096/1096 1056/1056/1056
f 1056/1056/1056 1096/1096/1096 1097/1097/1097 1057/1057/1057
f 1057/1057/1057 1097/1097/1097 1098/1098/1098 1058/1058/1058
f 1058/1058/1058 1098/1098/1098 1099/1099/1099 1059/1059/1059
f 1059/1059/1059 1099/1099/1099 1100/1100/1100 1060/1060/1060
f 1060/1060/1060 1100/1100/1100 1101/1101/1101 1061/1061/1061
f 1061/1061/1061 1101/1101/1101 1102/1102/1102 1062/1062/1062
f 1062/1062/1062 1102/1102/1102 1103/1103/1103 1063/1063/1063
f 1063/1063/1063 1103/1103/1103 1104/1104/1104 1064/1064/1064
f 1064/1064/1064 1104/1104/1104 1105/1105/1105 1065/1065/1065
f 1065/1065/1065 1105/1105/1105 1106/1106/1106 1066/1066/1066
f 1066/1066/1066 1106/1106/1106 1107/1107/1107 1067/1067/1067
f 1067/1067/1067 1107/1107/1107 1108/1108/1108 1068/1068/1068
f 1068/1068/1068 1108/1108/1108 1109/1109/1109 1069/1069/1069
f 1069/1069/1069 1109/1109/1109 1110/1110/1110 1070/1070/1070
f 1070/1070/1070 1110/1110/1110 1111/1111/1111 1071/1071/1071
f 1071/1071/1071 1111/1111/1111 1112/1112/1112 1072/1072/1072
f 1072/1072/1072 1112/1112/1112 1113/1113/1113 1073/1073/1073
f 1073/1073/1073 1113/1113/1113 1114/1114/1114 1074/1074/1074
f 1074/1074/1074 1114/1114/1114 1115/1115/1115 1075/1075/1075
f 1075/1075/1075 1115/1115/1115 1116/1116/1116 1076/1076/1076
f 1076/1076/1076 1116/1116/1116 1117/1117/1117 1077/1077/1077
f 1077/1077/1077 1117/1117/1117 1118/1118/1118 1078/1078/1078
f 1078/1078/1078 1118/1118/1118 1119/1119/1119 1079/1079/1079
f 1079/1079/1079 1119/1119/1119 1120/1120/1120 1080/1080/1080
f 1081/1081/1081 1121/1121/1121 1122/1122/1122 1082/1082/1082
f 1082/1082/1082 1122/1122/1122 1123/1123/1123 1083/1083/1083
f 1083/1083/1083 1123/1123/1123 1124/1124/1124 1084/1084/1084
f 1084/1084/1084 1124/1124/1124 1125/1125/1125 1085/1085/1085
f 1085/1085/1085 1125/1125/1125 1126/1126/1126 1086/1086/1086
f 1086/1086/1086 1126/1126/1126 1127/1127/1127 1087/1087/1087
f 1087/1087/1087 1127/1127/1127 1128/1128/1128 1088/1088/1088
f 1088/1088/1088 1128/1128/1128 1129/1129/1129 1089/1089/1089
f 1089/1089/1089 1129/1129/1129 1130/1130/1130 1090/1090/1090
f 1090/1090/1090 1130/1130/1130 1131/1131/1131 1091/1091/1091
f 1091/1091/1091 1131/1131/1131 1132/1132/1132 1092/1092/1092
f 1092/1092/1092 1132/1132/1132 1133/1133/1133 1093/1093/1093
f 1093/1093/1093 1133/1133/1133 1134/1134/1134 1094/1094/1094
f 1094/1094/1094 1134/1134/1134 1135/1135/1135 1095/1095/1095
f 1095/1095/1095 1135/1135/1135 1136/1136/1136 1096/1096/1096
f 1096/1096/1096 1136/1136/1136 1137/1137/1137 1097/1097/1097
f 1097/1097/1097 1137/1137/1137 1138/1138/1138 1098/1098/1098
f 1098/1098/1098 1138/1138/1138 1139/1139/1139 1099/1099/1099
f 1099/1099/1099 1139/1139/1139 1140/1140/1140 1100/1100/1100
f 1100/1100/1100 1140/1140/1140 1141/1141/1141 1101/1101/1101
f 1101/1101/1101 1141/1141/1141 1142/1142/1142 1102/1102/1102
f 1102/1102/1102 1142/1142/1142 1143/1143/1143 1103/1103/1103
f 1103/1103/1103 1143/1143/1143 1144/1144/1144 1104/1104/1104
f 1104/1104/1104 1144/1144/1144 1145/1145/1145 1105/1105/1105
f 1105/1105/1105 1145/1145/1145 1146/1146/1146 1106/1106/1106
f 1106/1106/1106 1146/1146/1146 1147/1147/1147 1107/1107/1107
f 1107/1107/1107 1147/1147/1147 1148/1148/1148 1108/1108/1108
f 1108/1108/1108 1148/1148/1148 1149/1149/1149 1109/1109/1109
f 1109/1109/1109 1149/1149/1149 1150/1150/1150 1110/1110/1110
f 1110/1110/1110 1150/1150/1150 1151/1151/1151 1111/1111/1111
f 1111/1111/1111 1151/1151/1151 1152/1152/1152 1112/1112/1112
f 1112/1112/1112 1152/1152/1152 1153/1153/1153 1113/1113/1113
f 1113/1113/1113 1153/1153/1153 1154/1154/1154 1114/1114/1114
f 1114/1114/1114 1154/1154/1154 1155/1155/1155 1115/1115/1115
f 1115/1115/1115 1155/1155/1155 1156/1156/1156 1116/1116/1116
f 1116/1116/1116 1156/1156/1156 1157/1157/1157 1117/1117/1117
f 1117/1117/1117 1157/1157/1157 1158/1158/1158 1118/1118/1118
f 1118/1118/1118 1158/1158/1158 1159/1159/1159 1119/1119/1119
f 1119/1119/1119 1159/1159/1159 1160/1160/1160 1120/1120/1120
f 1121/1121/1121 1161/1161/1161 1162/1162/1162 1122/1122/1122
f 1122/1122/1122 1162/1162/1162 1163/1163/1163 1123/1123/1123
f 1123/1123/1123 1163/1163/1163 1164/1164/1164 1124/1124/1124
f 1124/1124/1124 1164/1164/1164 1165/1165/1165 1125/1125/1125
f 1125/1125/1125 1165/1165/1165 1166/1166/1166 1126/1126/1126
f 1126/1126/1126 1166/1166/1166 1167/1167/1167 1127/1127/1127
f 1127/1127/1127 1167/1167/1167 1168/1168/1168 1128/1128/1128
f 1128/1128/1128 1168/1168/1168 1169/1169/1169 1129/1129/1129
f 1129/1129/1129 1169/1169/1169 1170/1170/1170 1130/1130/1130
f 1130/1130/1130 1170/1170/1170 1171/1171/1171 1131/1131/1131
f 1131/1131/1131 1171/1171/1171 1172/1172/1172 1132/1132/1132
f 1132/1132/1132 1172/1172/1172 1173/1173/1173 1133/1133/1133
f 1133/1133/1133 1173/1173/1173 1174/1174/1174 1134/1134/1134
f 1134/1134/1134 1174/1174/1174 1175/1175/1175 1135/1135/1135
f 1135/1135/1135 1175/1175/1175 1176/1176/1176 1136/1136/1136
f 1136/1136/1136 1176/1176/1176 1177/1177/1177 1137/1137/1137
f 1137/1137/1137 1177/1177/1177 1178/1178/1178 1138/1138/1138
f 1138/1138/1138 1178/1178/1178 1179/1179/1179 1139/1139/1139
f 1139/1139/1139 1179/1179/1179 1180/1180/1180 1140/1140/1140
f 1140/1140/1140 1180/1180/1180 1181/1181/1181 1141/1141/1141
f 1141/1141/1141 1181/1181/1181 1182/1182/1182 1142/1142/1142
f 1142/1142/1142 1182/1182/1182 1183/1183/1183 1143/1143/1143
f 1143/1143/1143 1183/1183/1183 1184/1184/1184 1144/1144/1144
f 1144/1144/1144 1184/1184/1184 1185/1185/1185 1145/1145/1145
f 1145/1145/1145 1185/1185/1185 1186/1186/1186 1146/1146/1146
f 1146/1146/1146 1186/1186/1186 1187/1187/1187 1147/1147/1147
f 1147/1147/1147 1187/1187/1187 1188/1188/1188 1148/1148/1148
f 1148/1148/1148 1188/1188/1188 1189/1189/1189 1149/1149/1149
f 1149/1149/1149 1189/1189/1189 1190/1190/1190 1150/1150/1150
f 1150/1150/1150 1190/1190/1190 1191/1191/1191 1151/1151/1151
f 1151/1151/1151 1191/1191/1191 1192/1192/1192 1152/1152/1152
f 1152/1152/1152 1192/1192/1192 1193/1193/1193 1153/1153/1153
f 1153/1153/1153 1193/1193/1193 1194/1194/1194 1154/1154/1154
f 1154/1154/1154 1194/1194/1194 1195/1195/1195 1155/1155/1155
f 1155/1155/1155 1195/1195/1195 1196/1196/1196 1156/1156/1156
f 1156/1156/1156 1196/1196/1196 1197/1197/1197 1157/1157/1157
f 1157/1157/1157 1197/1197/1197 1198/1198/1198 1158/1158/1158
f 1158/1158/1158 1198/1198/1198 1199/1199/1199 1159/1159/1159
f 1159/1159/1159 1199/1199/1199 1200/1200/1200 1160/1160/1160
f 1161/1161/1161 1201/1201/1201 1202/1202/1202 1162/1162/1162
f 1162/1162/1162 1202/1202/1202 1203/1203/1203 1163/1163/1163
f 1163/1163/1163 1203/1203/1203 1204/1204/1204 1164/1164/1164
f 1164/1164/1164 1204/1204/1204 1205/1205/1205 1165/1165/1165
f 1165/1165/1165 1205/1205/1205 1206/1206/1206 1166/1166/1166
f 1166/1166/1166 1206/1206/1206 1207/1207/1207 1167/1167/1167
f 1167/1167/1167 1207/1207/1207 1208/1208/1208 1168/1168/1168
f 1168/1168/1168 1208/1208/1208 1209/1209/1209 1169/1169/1169
f 1169/1169/1169 1209/1209/1209 1210/1210/1210 1170/1170/1170
f 1170/1170/1170 1210/1210/1210 1211/1211/1211 1171/1171/1171
f 1171/1171/1171 1211/1211/1211 1212/1212/1212 1172/1172/1172
f 1172/1172/1172 1212/1212/1212 1213/1213/1213 1173/1173/1173
f 1173/1173/1173 1213/1213/1213 1214/1214/1214 1174/1174/1174
f 1174/1174/1174 1214/1214/1214 1215/1215/1215 1175/1175/1175
f 1175/1175/1175 1215/1215/1215 1216/1216/1216 1176/1176/1176
f 1176/1176/1176 1216/1216/1216 1217/1217/1217 1177/1177/1177
f 1177/1177/1177 1217/1217/1217 1218/1218/1218 1178/1178/1178
f 1178/1178/1178 1218/1218/1218 1219/1219/1219 1179/1179/1179
f 1179/1179/1179 1219/1219/1219 1220/1220/1220 1180/1180/1180
f 1180/1180/1180 1220/1220/1220 1221/1221/1221 1181/1181/1181
f 1181/1181/1181 1221/1221/1221 1222/1222/1222 1182/1182/1182
f 1182/1182/1182 1222/1222/1222 1223/1223/1223 1183/1183/1183
f 1183/1183/1183 1223/1223/1223 1224/1224/1224 1184/1184/1184
f 1184/1184/1184 1224/1224/1224 1225/1225/1225 1185/1185/1185
f 1185/1185/1185 1225/1225/1225 1226/1226/1226 1186/1186/1186
f 1186/1186/1186 1226/1226/1226 1227/1227/1227 1187/1187/1187
f 1187/1187/1187 1227/1227/1227 1228/1228/1228 1188/1188/1188
f 1188/1188/1188 1228/1228/1228 1229/1229/1229 1189/1189/1189
f 1189/1189/1189 1229/1229/1229 1230/1230/1230 1190/1190/1190
f 1190/1190/1190 1230/1230/1230 1231/1231/1231 1191/1191/1191
f 1191/1191/1191 1231/1231/1231 1232/1232/1232 1192/1192/1192
f 1192/1192/1192 1232/1232/1232 1233/1233/1233 1193/1193/1193
f 1193/1193/1193 1233/1233/1233 1234/1234/1234 1194/1194/1194
f 1194/1194/1194 1234/1234/1234 1235/1235/1235 1195/1195/1195
f 1195/1195/1195 1235/1235/1235 1236/1236/1236 1196/1196/1196
f 1196/1196/1196 1236/1236/1236 1237/1237/1237 1197/1197/1197
f 1197/1197/1197 1237/1237/1237 1238/1238/1238 1198/1198/1198
f 1198/1198/1198 1238/1238/1238 1239/1239/1239 1199/1199/1199
f 1199/1199/1199 1239/1239/1239 1240/1240/1240 1200/1200/1200
f 1201/1201/1201 1241/1241/1241 1242/1242/1242 1202/1202/1202
f 1202/1202/1202 1242/1242/1242 1243/1243/1243 1203/1203/1203
f 1203/1203/1203 1243/1243/1243 1244/1244/1244 1204/1204/1204
f 1204/1204/1204 1244/1244/1244 1245/1245/1245 1205/1205/1205
f 1205/1205/1205 1245/1245/1245 1246/1246/1246 1206/1206/1206
f 1206/1206/1206 1246/1246/1246 1247/1247/1247 1207/1207/1207
f 1207/1207/1207 1247/1247/1247 1248/1248/1248 1208/1208/1208
f 1208/1208/1208 1248/1248/1248 1249/1249/1249 1209/1209/1209
f 1209/1209/1209 1249/1249/1249 1250/1250/1250 1210/1210/1210
f 1210/1210/1210 1250/1250/1250 1251/1251/1251 1211/1211/1211
f 1211/1211/1211 1251/1251/1251 1252/1252/1252 1212/1212/1212
f 1212/1212/1212 1252/1252/1252 1253/1253/1253 1213/1213/1213
f 1213/1213/1213 1253/1253/1253 1254/1254/1254 1214/1214/1214
f 1214/1214/1214 1254/1254/1254 1255/1255/1255 1215/1215/1215
f 1215/1215/1215 1255/1255/1255 1256/1256/1256 1216/1216/1216
f 1216/1216/1216 1256/1256/1256 1257/1257/1257 1217/1217/1217
f 1217/1217/1217 1257/1257/1257 1258/1258/1258 1218/1218/1218
f 1218/1218/1218 1258/1258/1258 1259/1259/1259 1219/1219/1219
f 1219/1219/1219 1259/1259/1259 1260/1260/1260 1220/1220/1220
f 1220/1220/1220 1260/1260/1260 1261/1261/1261 1221/1221/1221
f 1221/1221/1221 1261/1261/1261 1262/1262/1262 1222/1222/1222
f 1222/1222/1222 1262/1262/1262 1263/1263/1263 1223/1223/1223
f 1223/1223/1223 1263/1263/1263 1264/1264/1264 1224/1224/1224
f 1224/1224/1224 1264/1264/1264 1265/1265/1265 1225/1225/1225
f 1225/1225/1225 1265/1265/1265 1266/1266/1266 1226/1226/1226
f 1226/1226/1226 1266/1266/1266 1267/1267/1267 1227/1227/1227
f 1227/1227/1227 1267/1267/1267 1268/1268/1268 1228/1228/1228
f 1228/1228/1228 1268/1268/1268 1269/1269/1269 1229/1229/1229
f 1229/1229/1229 1269/1269/1269 1270/1270/1270 1230/1230/1230
f 1230/1230/1230 1270/1270/1270 1271/1271/1271 1231/1231/1231
f 1231/1231/1231 1271/1271/1271 1272/1272/1272 1232/1232/1232
f 1232/1232/1232 1272/1272/1272 1273/1273/1273 1233/1233/1233
f 1233/1233/1233 1273/1273/1273 1274/1274/1274 1234/1234/1234
f 1234/1234/1234 1274/1274/1274 1275/1275/1275 1235/1235/1235
f 1235/1235/1235 1275/1275/1275 1276/1276/1276 1236/1236/1236
f 1236/1236/1236 1276/1276/1276 1277/1277/1277 1237/1237/1237
f 1237/1237/1237 1277/1277/1277 1278/1278/1278 1238/1238/1238
f 1238/1238/1238 1278/1278/1278 1279/1279/1279 1239/1239/1239
f 1239/1239/1239 1279/1279/1279 1280/1280/1280 1240/1240/1240
f 1241/1241/1241 1281/1281/1281 1282/1282/1282 1242/1242/1242
f 1242/1242/1242 1282/1282/1282 1283/1283/1283 1243/1243/1243
f 1243/1243/1243 1283/1283/1283 1284/1284/1284 1244/1244/1244
f 1244/1244/1244 1284/1284/1284 1285/1285/1285 1245/1245/1245
f 1245/1245/1245 1285/1285/1285 1286/1286/1286 1246/1246/1246
f 1246/1246/1246 1286/1286/1286 1287/1287/1287 1247/1247/1247
f 1247/1247/1247 1287/1287/1287 1288/1288/1288 1248/1248/1248
f 1248/1248/1248 1288/1288/1288 1289/1289/1289 1249/1249/1249
f 1249/1249/1249 1289/1289/1289 1290/1290/1290 1250/1250/1250
f 1250/1250/1250 1290/1290/1290 1291/1291/1291 1251/1251/1251
f 1251/1251/1251 1291/1291/1291 1292/1292/1292 1252/1252/1252
f 1252/1252/1252 1292/1292/1292 1293/1293/1293 1253/1253/1253
f 1253/1253/1253 1293/1293/1293 1294/1294/1294 1254/1254/1254
f 1254/1254/1254 1294/1294/1294 1295/1295/1295 1255/1255/1255
f 1255/1255/1255 1295/1295/1295 1296/1296/1296 1256/1256/1256
f 1256/1256/1256 1296/1296/1296 1297/1297/1297 1257/1257/1257
f 1257/1257/1257 1297/1297/1297 1298/1298/1298 1258/1258/1258
f 1258/1258/1258 1298/1298/1298 1299/1299/1299 1259/1259/1259
f 1259/1259/1259 1299/1299/1299 1300/1300/1300 1260/1260/1260
f 1260/1260/1260 1300/1300/1300 1301/1301/1301 1261/1261/1261
f 1261/1261/1261 1301/1301/1301 1302/1302/1302 1262/1262/1262
f 1262/1262/1262 1302/1302/1302 1303/1303/1303 1263/1263/1263
f 1263/1263/1263 1303/1303/1303 1304/1304/1304 1264/1264/1264
f 1264/1264/1264 1304/1304/1304 1305/1305/1305 1265/1265/1265
f 1265/1265/1265 1305/1305/1305 1306/1306/1306 1266/1266/1266
f 1266/1266/1266 1306/1306/1306 1307/1307/1307 1267/1267/1267
f 1267/1267/1267 1307/1307/1307 1308/1308/1308 1268/1268/1268
f 1268/1268/1268 1308/1308/1308 1309/1309/1309 1269/1269/1269
f 1269/1269/1269 1309/1309/1309 1310/1310/1310 1270/1270/1270
f 1270/1270/1270 1310/1310/1310 1311/1311/1311 1271/1271/1271
f 1271/1271/1271 1311/1311/1311 1312/1312/1312 1272/1272/1272
f 1272/1272/1272 1312/1312/1312 1313/1313/1313 1273/1273/1273
f 1273/1273/1273 1313/1313/1313 1314/1314/1314 1274/1274/1274
f 1274/1274/1274 1314/1314/1314 1315/1315/1315 1275/1275/1275
f 1275/1275/1275 1315/1315/1315 1316/1316/1316 1276/1276/1276
f 1276/1276/1276 1316/1316/1316 1317/1317/1317 1277/1277/1277
f 1277/1277/1277 1317/1317/1317 1318/1318/1318 1278/1278/1278
f 1278/1278/1278 1318/1318/1318 1319/1319/1319 1279/1279/1279
f 1279/1279/1279 1319/1319/1319 1320/1320/1320 1280/1280/1280
f 1281/1281/1281 1321/1321/1321 1322/1322/1322 1282/1282/1282
f 1282/1282/1282 1322/1322/1322 1323/1323/1323 1283/1283/1283
f 1283/1283/1283 1323/1323/1323 1324/1324/1324 1284/1284/1284
f 1284/1284/1284 1324/1324/1324 1325/1325/1325 1285/1285/1285
f 1285/1285/1285 1325/1325/1325 1326/1326/1326 1286/1286/1286
f 1286/1286/1286 1326/1326/1326 1327/1327/1327 1287/1287/1287
f 1287/1287/1287 1327/1327/1327 1328/1328/1328 1288/1288/1288
f 1288/1288/1288 1328/1328/1328 1329/1329/1329 1289/1289/1289
f 1289/1289/1289 1329/1329/1329 1330/1330/1330 1290/1290/1290
f 1290/1290/1290 1330/1330/1330 1331/1331/1331 1291/1291/1291
f 1291/1291/1291 1331/1331/1331 1332/1332/1332 1292/1292/1292
f 1292/1292/1292 1332/1332/1332 1333/1333/1333 1293/1293/1293
f 1293/1293/1293 1333/1333/1333 1334/1334/1334 1294/1294/1294
f 1294/1294/1294 1334/1334/1334 1335/1335/1335 1295/1295/1295
f 1295/1295/1295 1335/1335/1335 1336/1336/1336 1296/1296/1296
f 1296/1296/1296 1336/1336/1336 1337/1337/1337 1297/1297/1297
f 1297/1297/1297 1337/1337/1337 1338/1338/1338 1298/1298/1298
f 1298/1298/1298 1338/1338/1338 1339/1339/1339 1299/1299/1299
f 1299/1299/1299 1339/1339/1339 1340/1340/1340 1300/1300/1300
f 1300/1300/1300 1340/1340/1340 1341/1341/1341 1301/1301/1301
f 1301/1301/1301 1341/1341/1341 1342/1342/1342 1302/1302/1302
f 1302/1302/1302 1342/1342/1342 1343/1343/1343 1303/1303/1303
f 1303/1303/1303 1343/1343/1343 1344/1344/1344 1304/1304/1304
f 1304/1304/1304 1344/1344/1344 1345/1345/1345 1305/1305/1305
f 1305/1305/1305 1345/1345/1345 1346/1346/1346 1306/1306/1306
f 1306/1306/1306 1346/1346/1346 1347/1347/1347 1307/1307/1307
f 1307/1307/1307 1347/1347/1347 1348/1348/1348 1308/1308/1308
f 1308/1308/1308 1348/1348/1348 1349/1349/1349 1309/1309/1309
f 1309/1309/1309 1349/1349/1349 1350/1350/1350 1310/1310/1310
f 1310/1310/1310 1350/1350/1350 1351/1351/1351 1311/1311/1311
f 1311/1311/1311 1351/1351/1351 1352/1352/1352 1312/1312/1312
f 1312/1312/1312 1352/1352/1352 1353/1353/1353 1313/1313/1313
f 1313/1313/1313 1353/1353/1353 1354/1354/1354 1314/1314/1314
f 1314/1314/1314 1354/1354/1354 1355/1355/1355 1315/1315/1315
f 1315/1315/1315 1355/1355/1355 1356/1356/1356 1316/1316/1316
f 1316/1316/1316 1356/1356/1356 1357/1357/1357 1317/1317/1317
f 1317/1317/1317 1357/1357/1357 1358/1358/1358 1318/1318/1318
f 1318/1318/1318 1358/1358/1358 1359/1359/1359 1319/1319/1319
f 1319/1319/1319 1359/1359/1359 1360/1360/1360 1320/1320/1320
f 1321/1321/1321 1361/1361/1361 1362/1362/1362 1322/1322/1322
f 1322/1322/1322 1362/1362/1362 1363/1363/1363 1323/1323/1323
f 1323/1323/1323 1363/1363/1363 1364/1364/1364 1324/1324/1324
f 1324/1324/1324 1364/1364/1364 1365/1365/1365 1325/1325/1325
f 1325/1325/1325 1365/1365/1365 1366/1366/1366 1326/1326/1326
f 1326/1326/1326 1366/1366/1366 1367/1367/1367 1327/1327/1327
f 1327/1327/1327 1367/1367/1367 1368/1368/1368 1328/1328/1328
f 1328/1328/1328 1368/1368/1368 1369/1369/1369 1329/1329/1329
f 1329/1329/1329 1369/1369/1369 1370/1370/1370 1330/1330/1330
f 1330/1330/1330 1370/1370/1370 1371/1371/1371 1331/1331/1331
f 1331/1331/1331 1371/1371/1371 1372/1372/1372 1332/1332/1332
f 1332/1332/1332 1372/1372/1372 1373/1373/1373 1333/1333/1333
f 1333/1333/1333 1373/1373/1373 1374/1374/1374 1334/1334/1334
f 1334/1334/1334 1374/1374/1374 1375/1375/1375 1335/1335/1335
f 1335/1335/1335 1375/1375/1375 1376/1376/1376 1336/1336/1336
f 1336/1336/1336 1376/1376/1376 1377/1377/1377 1337/1337/1337
f 1337/1337/1337 1377/1377/1377 1378/1378/1378 1338/1338/1338
f 1338/1338/1338 1378/1378/1378 1379/1379/1379 1339/1339/1339
f 1339/1339/1339 1379/1379/1379 1380/1380/1380 1340/1340/1340
f 1340/1340/1340 1380/1380/1380 1381/1381/1381 1341/1341/1341
f 1341/1341/1341 1381/1381/1381 1382/1382/1382 1342/1342/1342
f 1342/1342/1342 1382/1382/1382 1383/1383/1383 1343/1343/1343
f 1343/1343/1343 1383/1383/1383 1384/1384/1384 1344/1344/1344
f 1344/1344/1344 1384/1384/1384 1385/1385/1385 1345/1345/1345
f 1345/1345/1345 1385/1385/1385 1386/1386/1386 1346/1346/1346
f 1346/1346/1346 1386/1386/1386 1387/1387/1387 1347/1347/1347
f 1347/1347/1347 1387/1387/1387 1388/1388/1388 1348/1348/1348
f 1348/1348/1348 1388/1388/1388 1389/1389/1389 1349/1349/1349
f 1349/1349/1349 1389/1389/1389 1390/1390/1390 1350/1350/1350
f 1350/1350/1350 1390/1390/1390 1391/1391/1391 1351/1351/1351
f 1351/1351/1351 1391/1391/1391 1392/1392/1392 1352/1352/1352
f 1352/1352/1352 1392/1392/1392 1393/1393/1393 1353/1353/1353
f 1353/1353/1353 1393/1393/1393 1394/1394/1394 1354/1354/1354
f 1354/1354/1354 1394/1394/1394 1395/1395/1395 1355/1355/1355
f 1355/1355/1355 1395/1395/1395 1396/1396/1396 1356/1356/1356
f 1356/1356/1356 1396/1396/1396 1397/1397/1397 1357/1357/1357
f 1357/1357/1357 1397/1397/1397 1398/1398/1398 1358/1358/1358
f 1358/1358/1358 1398/1398/1398 1399/1399/1399 1359/1359/1359
f 1359/1359/1359 1399/1399/1399 1400/1400/1400 1360/1360/1360
f 1361/1361/1361 1401/1401/1401 1402/1402/1402 1362/1362/1362
f 1362/1362/1362 1402/1402/1402 1403/1403/1403 1363/1363/1363
f 1363/1363/1363 1403/1403/1403 1404/1404/1404 1364/1364/1364
f 1364/1364/1364 1404/1404/1404 1405/1405/1405 1365/1365/1365
f 1365/1365/1365 1405/1405/1405 1406/1406/1406 1366/1366/1366
f 1366/1366/1366 1406/1406/1406 1407/1407/1407 1367/1367/1367
f 1367/1367/1367 1407/1407/1407 1408/1408/1408 1368/1368/1368
f 1368/1368/1368 1408/1408/1408 1409/1409/1409 1369/1369/1369
f 1369/1369/1369 1409/1409/1409 1410/1410/1410 1370/1370/1370
f 1370/1370/1370 1410/1410/1410 1411/1411/1411 1371/1371/1371
f 1371/1371/1371 1411/1411/1411 1412/1412/1412 1372/1372/1372
f 1372/1372/1372 1412/1412/1412 1413/1413/1413 1373/1373/1373
f 1373/1373/1373 1413/1413/1413 1414/1414/1414 1374/1374/1374
f 1374/1374/1374 1414/1414/1414 1415/1415/1415 1375/1375/1375
f 1375/1375/1375 1415/1415/1415 1416/1416/1416 1376/1376/1376
f 1376/1376/1376 1416/1416/1416 1417/1417/1417 1377/1377/1377
f 1377/1377/1377 1417/1417/1417 1418/1418/1418 1378/1378/1378
f 1378/1378/1378 1418/1418/1418 1419/1419/1419 1379/1379/1379
f 1379/1379/1379 1419/1419/1419 1420/1420/1420 1380/1380/1380
f 1380/1380/1380 1420/1420/1420 1421/1421/1421 1381/1381/1381
f 1381/1381/1381 1421/1421/1421 1422/1422/1422 1382/1382/1382
f 1382/1382/1382 1422/1422/1422 1423/1423/1423 1383/1383/1383
f 1383/1383/1383 1423/1423/1423 1424/1424/1424 1384/1384/1384
f 1384/1384/1384 1424/1424/1424 1425/1425/1425 1385/1385/1385
f 1385/1385/1385 1425/1425/1425 1426/1426/1426 1386/1386/1386
f 1386/1386/1386 1426/1426/1426 1427/1427/1427 1387/1387/1387
f 1387/1387/1387 1427/1427/1427 1428/1428/1428 1388/1388/1388
f 1388/1388/1388 1428/1428/1428 1429/1429/1429 1389/1389/1389
f 1389/1389/1389 1429/1429/1429 1430/1430/1430 1390/1390/1390
f 1390/1390/1390 1430/1430/1430 1431/1431/1431 1391/1391/1391
f 1391/1391/1391 1431/1431/1431 1432/1432/1432 1392/1392/1392
f 1392/1392/1392 1432/1432/1432 1433/1433/1433 1393/1393/1393
f 1393/1393/1393 1433/1433/1433 1434/1434/1434 1394/1394/1394
f 1394/1394/1394 1434/1434/1434 1435/1435/1435 1395/1395/1395
f 1395/1395/1395 1435/1435/1435 1436/1436/1436 1396/1396/1396
f 1396/1396/1396 1436/1436/1436 1437/1437/1437 1397/1397/1397
f 1397/1397/1397 1437/1437/1437 1438/1438/1438 1398/1398/1398
f 1398/1398/1398 1438/1438/1438 1439/1439/1439 1399/1399/1399
f 1399/1399/1399 1439/1439/1439 1440/1440/1440 1400/1400/1400
f 1401/1401/1401 1441/1441/1441 1442/1442/1442 1402/1402/1402
f 1402/1402/1402 1442/1442/1442 1443/1443/1443 1403/1403/1403
f 1403/1403/1403 1443/1443/1443 1444/1444/1444 1404/1404/1404
f 1404/1404/1404 1444/1444/1444 1445/1445/1445 1405/1405/1405
f 1405/1405/1405 1445/1445/1445 1446/1446/1446 1406/1406/1406
f 1406/1406/1406 1446/1446/1446 1447/1447/1447 1407/1407/1407
f 1407/1407/1407 1447/1447/1447 1448/1448/1448 1408/1408/1408
f 1408/1408/1408 1448/1448/1448 1449/1449/1449 1409/1409/1409
f 1409/1409/1409 1449/1449/1449 1450/1450/1450 1410/1410/1410
f 1410/1410/1410 1450/1450/1450 1451/1451/1451 1411/1411/1411
f 1411/1411/1411 1451/1451/1451 1452/1452/1452 1412/1412/1412
f 1412/1412/1412 1452/1452/1452 1453/1453/1453 1413/1413/1413
f 1413/1413/1413 1453/1453/1453 1454/1454/1454 1414/1414/1414
f 1414/1414/1414 1454/1454/1454 1455/1455/1455 1415/1415/1415
f 1415/1415/1415 1455/1455/1455 1456/1456/1456 1416/1416/1416
f 1416/1416/1416 1456/1456/1456 1457/1457/1457 1417/1417/1417
f 1417/1417/1417 1457/1457/1457 1458/1458/1458 1418/1418/1418
f 1418/1418/1418 1458/1458/1458 1459/1459/1459 1419/1419/1419
f 1419/1419/1419 1459/1459/1459 1460/1460/1460 1420/1420/1420
f 1420/1420/1420 1460/1460/1460 1461/1461/1461 1421/1421/1421
f 1421/1421/1421 1461/1461/1461 1462/1462/1462 1422/1422/1422
f 1422/1422/1422 1462/1462/1462 1463/1463/1463 1423/1423/1423
f 1423/1423/1423 1463/1463/1463 1464/1464/1464 1424/1424/1424
f 1424/1424/1424 1464/1464/1464 1465/1465/1465 1425/1425/1425
f 1425/1425/1425 1465/1465/1465 1466/1466/1466 1426/1426/1426
f 1426/1426/1426 1466/1466/1466 1467/1467/1467 1427/1427/1427
f 1427/1427/1427 1467/1467/1467 1468/1468/1468 1428/1428/1428
f 1428/1428/1428 1468/1468/1468 1469/1469/1469 1429/1429/1429
f 1429/1429/1429 1469/1469/1469 1470/1470/1470 1430/1430/1430
f 1430/1430/1430 1470/1470/1470 1471/1471/1471 1431/1431/1431
f 1431/1431/1431 1471/1471/1471 1472/1472/1472 1432/1432/1432
f 1432/1432/1432 1472/1472/1472 1473/1473/1473 1433/1433/1433
f 1433/1433/1433 1473/1473/1473 1474/1474/1474 1434/1434/1434
f 1434/1434/1434 1474/1474/1474 1475/1475/1475 1435/1435/1435
f 1435/1435/1435 1475/1475/1475 1476/1476/1476 1436/1436/1436
f 1436/1436/1436 1476/1476/1476 1477/1477/1477 1437/1437/1437
f 1437/1437/1437 1477/1477/1477 1478/1478/1478 1438/1438/1438
f 1438/1438/1438 1478/1478/1478 1479/1479/1479 1439/1439/1439
f 1439/1439/1439 1479/1479/1479 1480/1480/1480 1440/1440/1440
f 1441/1441/1441 1481/1481/1481 1482/1482/1482 1442/1442/1442
f 1442/1442/1442 1482/1482/1482 1483/1483/1483 1443/1443/1443
f 1443/1443/1443 1483/1483/1483 1484/1484/1484 1444/1444/1444
f 1444/1444/1444 1484/1484/1484 1485/1485/1485 1445/1445/1445
f 1445/1445/1445 1485/1485/1485 1486/1486/1486 1446/1446/1446
f 1446/1446/1446 1486/1486/1486 1487/1487/1487 1447/1447/1447
f 1447/1447/1447 1487/1487/1487 1488/1488/1488 1448/1448/1448
f 1448/1448/1448 1488/1488/1488 1489/1489/1489 1449/1449/1449
f 1449/1449/1449 1489/1489/1489 1490/1490/1490 1450/1450/1450
f 1450/1450/1450 1490/1490/1490 1491/1491/1491 1451/1451/1451
f 1451/1451/1451 1491/1491/1491 1492/1492/1492 1452/1452/1452
f 1452/1452/1452 1492/1492/1492 1493/1493/1493 1453/1453/1453
f 1453/1453/1453 1493/1493/1493 1494/1494/1494 1454/1454/1454
f 1454/1454/1454 1494/1494/1494 1495/1495/1495 1455/1455/1455
f 1455/1455/1455 1495/1495/1495 1496/1496/1496 1456/1456/1456
f 1456/1456/1456 1496/1496/1496 1497/1497/1497 1457/1457/1457
f 1457/1457/1457 1497/1497/1497 1498/1498/1498 1458/1458/1458
f 1458/1458/1458 1498/1498/1498 1499/1499/1499 1459/1459/1459
f 1459/1459/1459 1499/1499/1499 1500/1500/1500 1460/1460/1460
f 1460/1460/1460 1500/1500/1500 1501/1501/1501 1461/1461/1461
f 1461/1461/1461 1501/1501/1501 1502/1502/1502 1462/1462/1462
f 1462/1462/1462 1502/1502/1502 1503/1503/1503 1463/1463/1463
f 1463/1463/1463 1503/1503/1503 1504/1504/1504 1464/1464/1464
f 1464/1464/1464 1504/1504/1504 1505/1505/1505 1465/1465/1465
f 1465/1465/1465 1505/1505/1505 1506/1506/1506 1466/1466/1466
f 1466/1466/1466 1506/1506/1506 1507/1507/1507 1467/1467/1467
f 1467/1467/1467 1507/1507/1507 1508/1508/1508 1468/1468/1468
f 1468/1468/1468 1508/1508/1508 1509/1509/1509 1469/1469/1469
f 1469/1469/1469 1509/1509/1509 1510/1510/1510 1470/1470/1470
f 1470/1470/1470 1510/1510/1510 1511/1511/1511 1471/1471/1471
f 1471/1471/1471 1511/1511/1511 1512/1512/1512 1472/1472/1472
f 1472/1472/1472 1512/1512/1512 1513/1513/1513 1473/1473/1473
f 1473/1473/1473 1513/1513/1513 1514/1514/1514 1474/1474/1474
f 1474/1474/1474 1514/1514/1514 1515/1515/1515 1475/1475/1475
f 1475/1475/1475 1515/1515/1515 1516/1516/1516 1476/1476/1476
f 1476/1476/1476 1516/1516/1516 1517/1517/1517 1477/1477/1477
f 1477/1477/1477 1517/1517/1517 1518/1518/1518 1478/1478/1478
f 1478/1478/1478 1518/1518/1518 1519/1519/1519 1479/1479/1479
f 1479/1479/1479 1519/1519/1519 1520/1520/1520 1480/1480/1480
f 1481/1481/1481 1521/1521/1521 1522/1522/1522 1482/1482/1482
f 1482/1482/1482 1522/1522/1522 1523/1523/1523 1483/1483/1483
f 1483/1483/1483 1523/1523/1523 1524/1524/1524 1484/1484/1484
f 1484/1484/1484 1524/1524/1524 1525/1525/1525 1485/1485/1485
f 1485/1485/1485 1525/1525/1525 1526/1526/1526 1486/1486/1486
f 1486/1486/1486 1526/1526/1526 1527/1527/1527 1487/1487/1487
f 1487/1487/1487 1527/1527/1527 1528/1528/1528 1488/1488/1488
f 1488/1488/1488 1528/1528/1528 1529/1529/1529 1489/1489/1489
f 1489/1489/1489 1529/1529/1529 1530/1530/1530 1490/1490/1490
f 1490/1490/1490 1530/1530/1530 1531/1531/1531 1491/1491/1491
f 1491/1491/1491 1531/1531/1531 1532/1532/1532 1492/1492/1492
f 1492/1492/1492 1532/1532/1532 1533/1533/1533 1493/1493/1493
f 1493/1493/1493 1533/1533/1533 1534/1534/1534 1494/1494/1494
f 1494/1494/1494 1534/1534/1534 1535/1535/1535 1495/1495/1495
f 1495/1495/1495 1535/1535/1535 1536/1536/1536 1496/1496/1496
f 1496/1496/1496 1536/1536/1536 1537/1537/1537 1497/1497/1497
f 1497/1497/1497 1537/1537/1537 1538/1538/1538 1498/1498/1498
f 1498/1498/1498 1538/1538/1538 1539/1539/1539 1499/1499/1499
f 1499/1499/1499 1539/1539/1539 1540/1540/1540 1500/1500/1500
f 1500/1500/1500 1540/1540/1540 1541/1541/1541 1501/1501/1501
f 1501/1501/1501 1541/1541/1541 1542/1542/1542 1502/1502/1502
f 1502/1502/1502 1542/1542/1542 1543/1543/1543 1503/1503/1503
f 1503/1503/1503 1543/1543/1543 1544/1544/1544 1504/1504/1504
f 1504/1504/1504 1544/1544/1544 1545/1545/1545 1505/1505/1505
f 1505/1505/1505 1545/1545/1545 1546/1546/1546 1506/1506/1506
f 1506/1506/1506 1546/1546/1546 1547/1547/1547 1507/1507/1507
f 1507/1507/1507 1547/1547/1547 1548/1548/1548 1508/1508/1508
f 1508/1508/1508 1548/1548/1548 1549/1549/1549 1509/1509/1509
f 1509/1509/1509 1549/1549/1549 1550/1550/1550 1510/1510/1510
f 1510/1510/1510 1550/1550/1550 1551/1551/1551 1511/1511/1511
f 1511/1511/1511 1551/1551/1551 1552/1552/1552 1512/1512/1512
f 1512/1512/1512 1552/1552/1552 1553/1553/1553 1513/1513/1513
f 1513/1513/1513 1553/1553/1553 1554/1554/1554 1514/1514/1514
f 1514/1514/1514 1554/1554/1554 1555/1555/1555 1515/1515/1515
f 1515/1515/1515 1555/1555/1555 1556/1556/1556 1516/1516/1516
f 1516/1516/1516 1556/1556/1556 1557/1557/1557 1517/1517/1517
f 1517/1517/1517 1557/1557/1557 1558/1558/1558 1518/1518/1518
f 1518/1518/1518 1558/1558/1558 1559/1559/1559 1519/1519/1519
f 1519/1519/1519 1559/1559/1559 1560/1560/1560 1520/1520/1520
f 1521/1521/1521 1561/1561/1561 1562/1562/1562 1522/1522/1522
f 1522/1522/1522 1562/1562/1562 1563/1563/1563 1523/1523/1523
f 1523/1523/1523 1563/1563/1563 1564/1564/1564 1524/1524/1524
f 1524/1524/1524 1564/1564/1564 1565/1565/1565 1525/1525/1525
f 1525/1525/1525 1565/1565/1565 1566/1566/1566 1526/1526/1526
f 1526/1526/1526 1566/1566/1566 1567/1567/1567 1527/1527/1527
f 1527/1527/1527 1567/1567/1567 1568/1568/1568 1528/1528/1528
f 1528/1528/1528 1568/1568/1568 1569/1569/1569 1529/1529/1529
f 1529/1529/1529 1569/1569/1569 1570/1570/1570 1530/1530/1530
f 1530/1530/1530 1570/1570/1570 1571/1571/1571 1531/1531/1531
f 1531/1531/1531 1571/1571/1571 1572/1572/1572 1532/1532/1532
f 1532/1532/1532 1572/1572/1572 1573/1573/1573 1533/1533/1533
f 1533/1533/1533 1573/1573/1573 1574/1574/1574 1534/1534/1534
f 1534/1534/1534 1574/1574/1574 1575/1575/1575 1535/1535/1535
f 1535/1535/1535 1575/1575/1575 1576/1576/1576 1536/1536/1536
f 1536/1536/1536 1576/1576/1576 1577/1577/1577 1537/1537/1537
f 1537/1537/1537 1577/1577/1577 1578/1578/1578 1538/1538/1538
f 1538/1538/1538 1578/1578/1578 1579/1579/1579 1539/1539/1539
f 1539/1539/1539 1579/1579/1579 1580/1580/1580 1540/1540/1540
f 1540/1540/1540 1580/1580/1580 1581/1581/1581 1541/1541/1541
f 1541/1541/1541 1581/1581/1581 1582/1582/1582 1542/1542/1542
f 1542/1542/1542 1582/1582/1582 1583/1583/1583 1543/1543/1543
f 1543/1543/1543 1583/1583/1583 1584/1584/1584 1544/1544/1544
f 1544/1544/1544 1584/1584/1584 1585/1585/1585 1545/1545/1545
f 1545/1545/1545 1585/1585/1585 1586/1586/1586 1546/1546/1546
f 1546/1546/1546 1586/1586/1586 1587/1587/1587 1547/1547/1547
f 1547/1547/1547 1587/1587/1587 1588/1588/1588 1548/1548/1548
f 1548/1548/1548 1588/1588/1588 1589/1589/1589 1549/1549/1549
f 1549/1549/1549 1589/1589/1589 1590/1590/1590 1550/1550/1550
f 1550/1550/1550 1590/1590/1590 1591/1591/1591 1551/1551/1551
f 1551/1551/1551 1591/1591/1591 1592/1592/1592 1552/1552/1552
f 1552/1552/1552 1592/1592/1592 1593/1593/1593 1553/1553/1553
f 1553/1553/1553 1593/1593/1593 1594/1594/1594 1554/1554/1554
f 1554/1554/1554 1594/1594/1594 1595/1595/1595 1555/1555/1555
f 1555/1555/1555 1595/1595/1595 1596/1596/1596 1556/1556/1556
f 1556/1556/1556 1596/1596/1596 1597/1597/1597 1557/1557/1557
f 1557/1557/1557 1597/1597/1597 1598/1598/1598 1558/1558/1558
f 1558/1558/1558 1598/1598/1598 1599/1599/1599 1559/1559/1559
f 1559/1559/1559 1599/1599/1599 1600/1600/1600 1560/1560/1560
f 1561/1561/1561 1601/1601/1601 1602/1602/1602 1562/1562/1562
f 1562/1562/1562 1602/1602/1602 1603/1603/1603 1563/1563/1563
f 1563/1563/1563 1603/1603/1603 1604/1604/1604 1564/1564/1564
f 1564/1564/1564 1604/1604/1604 1605/1605/1605 1565/1565/1565
f 1565/1565/1565 1605/1605/1605 1606/1606/1606 1566/1566/1566
f 1566/1566/1566 1606/1606/1606 1607/1607/1607 1567/1567/1567
f 1567/1567/1567 1607/1607/1607 1608/1608/1608 1568/1568/1568
f 1568/1568/1568 1608/1608/1608 1609/1609/1609 1569/1569/1569
f 1569/1569/1569 1609/1609/1609 1610/1610/1610 1570/1570/1570
f 1570/1570/1570 1610/1610/1610 1611/1611/1611 1571/1571/1571
f 1571/1571/1571 1611/1611/1611 1612/1612/1612 1572/1572/1572
f 1572/1572/1572 1612/1612/1612 1613/1613/1613 1573/1573/1573
f 1573/1573/1573 1613/1613/1613 1614/1614/1614 1574/1574/1574
f 1574/1574/1574 1614/1614/1614 1615/1615/1615 1575/1575/1575
f 1575/1575/1575 1615/1615/1615 1616/1616/1616 1576/1576/1576
f 1576/1576/1576 1616/1616/1616 1617/1617/1617 1577/1577/1577
f 1577/1577/1577 1617/1617/1617 1618/1618/1618 1578/1578/1578
f 1578/1578/1578 1618/1618/1618 1619/1619/1619 1579/1579/1579
f 1579/1579/1579 1619/1619/1619 1620/1620/1620 1580/1580/1580
f 1580/1580/1580 1620/1620/1620 1621/1621/1621 1581/1581/1581
f 1581/1581/1581 1621/1621/1621 1622/1622/1622 1582/1582/1582
f 1582/1582/1582 1622/1622/1622 1623/1623/1623 1583/1583/1583
f 1583/1583/1583 1623/1623/1623 1624/1624/1624 1584/1584/1584
f 1584/1584/1584 1624/1624/1624 1625/1625/1625 1585/1585/1585
f 1585/1585/1585 1625/1625/1625 1626/1626/1626 1586/1586/1586
f 1586/1586/1586 1626/1626/1626 1627/1627/1627 1587/1587/1587
f 1587/1587/1587 1627/1627/1627 1628/1628/1628 1588/1588/1588
f 1588/1588/1588 1628/1628/1628 1629/1629/1629 1589/1589/1589
f 1589/1589/1589 1629/1629/1629 1630/1630/1630 1590/1590/1590
f 1590/1590/1590 1630/1630/1630 1631/1631/1631 1591/1591/1591
f 1591/1591/1591 1631/1631/1631 1632/1632/1632 1592/1592/1592
f 1592/1592/1592 1632/1632/1632 1633/1633/1633 1593/1593/1593
f 1593/1593/1593 1633/1633/1633 1634/1634/1634 1594/1594/1594
f 1594/1594/1594 1634/1634/1634 1635/1635/1635 1595/1595/1595
f 1595/1595/1595 1635/1635/1635 1636/1636/1636 1596/1596/1596
f 1596/1596/1596 1636/1636/1636 1637/1637/1637 1597/1597/1597
f 1597/1597/1597 1637/1637/1637 1638/1638/1638 1598/1598/1598
f 1598/1598/1598 1638/1638/1638 1639/1639/1639 1599/1599/1599
f 1599/1599/1599 1639/1639/1639 1640/1640/1640 1600/1600/1600
f 1601/1601/1601 1641/1641/1641 1642/1642/1642 1602/1602/1602
f 1602/1602/1602 1642/1642/1642 1643/1643/1643 1603/1603/1603
f 1603/1603/1603 1643/1643/1643 1644/1644/1644 1604/1604/1604
f 1604/1604/1604 1644/1644/1644 1645/1645/1645 1605/1605/1605
f 1605/1605/1605 1645/1645/1645 1646/1646/1646 1606/1606/1606
f 1606/1606/1606 1646/1646/1646 1647/1647/1647 1607/1607/1607
f 1607/1607/1607 1647/1647/1647 1648/1648/1648 1608/1608/1608
f 1608/1608/1608 1648/1648/1648 1649/1649/1649 1609/1609/1609
f 1609/1609/1609 1649/1649/1649 1650/1650/1650 1610/1610/1610
f 1610/1610/1610 1650/1650/1650 1651/1651/1651 1611/1611/1611
f 1611/1611/1611 1651/1651/1651 1652/1652/1652 1612/1612/1612
f 1612/1612/1612 1652/1652/1652 1653/1653/1653 1613/1613/1613
f 1613/1613/1613 1653/1653/1653 1654/1654/1654 1614/1614/1614
f 1614/1614/1614 1654/1654/1654 1655/1655/1655 1615/1615/1615
f 1615/1615/1615 1655/1655/1655 1656/1656/1656 1616/1616/1616
f 1616/1616/1616 1656/1656/1656 1657/1657/1657 1617/1617/1617
f 1617/1617/1617 1657/1657/1657 1658/1658/1658 1618/1618/1618
f 1618/1618/1618 1658/1658/1658 1659/1659/1659 1619/1619/1619
f 1619/1619/1619 1659/1659/1659 1660/1660/1660 1620/1620/1620
f 1620/1620/1620 1660/1660/1660 1661/1661/1661 1621/1621/1621
f 1621/1621/1621 1661/1661/1661 1662/1662/1662 1622/1622/1622
f 1622/1622/1622 1662/1662/1662 1663/1663/1663 1623/1623/1623
f 1623/1623/1623 1663/1663/1663 1664/1664/1664 1624/1624/1624
f 1624/1624/1624 1664/1664/1664 1665/1665/1665 1625/1625/1625
f 1625/1625/1625 1665/1665/1665 1666/1666/1666 1626/1626/1626
f 1626/1626/1626 1666/1666/1666 1667/1667/1667 1627/1627/1627
f 1627/1627/1627 1667/1667/1667 1668/1668/1668 1628/1628/1628
f 1628/1628/1628 1668/1668/1668 1669/1669/1669 1629/1629/1629
f 1629/1629/1629 1669/1669/1669 1670/1670/1670 1630/1630/1630
f 1630/1630/1630 1670/1670/1670 1671/1671/1671 1631/1631/1631
f 1631/1631/1631 1671/1671/1671 1672/1672/1672 1632/1632/1632
f 1632/1632/1632 1672/1672/1672 1673/1673/1673 1633/1633/1633
f 1633/1633/1633 1673/1673/1673 1674/1674/1674 1634/1634/1634
f 1634/1634/1634 1674/1674/1674 1675/1675/1675 1635/1635/1635
f 1635/1635/1635 1675/1675/1675 1676/1676/1676 1636/1636/1636
f 1636/1636/1636 1676/1676/1676 1677/1677/1677 1637/1637/1637
f 1637/1637/1637 1677/1677/1677 1678/1678/1678 1638/1638/1638
f 1638/1638/1638 1678/1678/1678 1679/1679/1679 1639/1639/1639
f 1639/1639/1639 1679/1679/1679 1680/1680/1680 1640/1640/1640
f 1641/1641/1641 1681/1681/1681 1682/1682/1682 1642/1642/1642
f 1642/1642/1642 1682/1682/1682 1683/1683/1683 1643/1643/1643
f 1643/1643/1643 1683/1683/1683 1684/1684/1684 1644/1644/1644
f 1644/1644/1644 1684/1684/1684 1685/1685/1685 1645/1645/1645
f 1645/1645/1645 1685/1685/1685 1686/1686/1686 1646/1646/1646
f 1646/1646/1646 1686/1686/1686 1687/1687/1687 1647/1647/1647
f 1647/1647/1647 1687/1687/1687 1688/1688/1688 1648/1648/1648
f 1648/1648/1648 1688/1688/1688 1689/1689/1689 1649/1649/1649
f 1649/1649/1649 1689/1689/1689 1690/1690/1690 1650/1650/1650
f 1650/1650/1650 1690/1690/1690 1691/1691/1691 1651/1651/1651
f 1651/1651/1651 1691/1691/1691 1692/1692/1692 1652/1652/1652
f 1652/1652/1652 1692/1692/1692 1693/1693/1693 1653/1653/1653
f 1653/1653/1653 1693/1693/1693 1694/1694/1694 1654/1654/1654
f 1654/1654/1654 1694/1694/1694 1695/1695/1695 1655/1655/1655
f 1655/1655/1655 1695/1695/1695 1696/1696/1696 1656/1656/1656
f 1656/1656/1656 1696/1696/1696 1697/1697/1697 1657/1657/1657
f 1657/1657/1657 1697/1697/1697 1698/1698/1698 1658/1658/1658
f 1658/1658/1658 1698/1698/1698 1699/1699/1699 1659/1659/1659
f 1659/1659/1659 1699/1699/1699 1700/1700/1700 1660/1660/1660
f 1660/1660/1660 1700/1700/1700 1701/1701/1701 1661/1661/1661
f 1661/1661/1661 1701/1701/1701 1702/1702/1702 1662/1662/1662
f 1662/1662/1662 1702/1702/1702 1703/1703/1703 1663/1663/1663
f 1663/1663/1663 1703/1703/1703 1704/1704/1704 1664/1664/1664
f 1664/1664/1664 1704/1704/1704 1705/1705/1705 1665/1665/1665
f 1665/1665/1665 1705/1705/1705 1706/1706/1706 1666/1666/1666
f 1666/1666/1666 1706/1706/1706 1707/1707/1707 1667/1667/1667
f 1667/1667/1667 1707/1707/1707 1708/1708/1708 1668/1668/1668
f 1668/1668/1668 1708/1708/1708 1709/1709/1709 1669/1669/1669
f 1669/1669/1669 1709/1709/1709 1710/1710/1710 1670/1670/1670
f 1670/1670/1670 1710/1710/1710 1711/1711/1711 1671/1671/1671
f 1671/1671/1671 1711/1711/1711 1712/1712/1712 1672/1672/1672
f 1672/1672/1672 1712/1712/1712 1713/1713/1713 1673/1673/1673
f 1673/1673/1673 1713/1713/1713 1714/1714/1714 1674/1674/1674
f 1674/1674/1674 1714/1714/1714 1715/1715/1715 1675/1675/1675
f 1675/1675/1675 1715/1715/1715 1716/1716/1716 1676/1676/1676
f 1676/1676/1676 1716/1716/1716 1717/1717/1717 1677/1677/1677
f 1677/1677/1677 1717/1717/1717 1718/1718/1718 1678/1678/1678
f 1678/1678/1678 1718/1718/1718 1719/1719/1719 1679/1679/1679
f 1679/1679/1679 1719/1719/1719 1720/1720/1720 1680/1680/1680
f 1681/1681/1681 1721/1721/1721 1722/1722/1722 1682/1682/1682
f 1682/1682/1682 1722/1722/1722 1723/1723/1723 1683/1683/1683
f 1683/1683/1683 1723/1723/1723 1724/1724/1724 1684/1684/1684
f 1684/1684/1684 1724/1724/1724 1725/1725/1725 1685/1685/1685
f 1685/1685/1685 1725/1725/1725 1726/1726/1726 1686/1686/1686
f 1686/1686/1686 1726/1726/1726 1727/1727/1727 1687/1687/1687
f 1687/1687/1687 1727/1727/1727 1728/1728/1728 1688/1688/1688
f 1688/1688/1688 1728/1728/1728 1729/1729/1729 1689/1689/1689
f 1689/1689/1689 1729/1729/1729 1730/1730/1730 1690/1690/1690
f 1690/1690/1690 1730/1730/1730 1731/1731/1731 1691/1691/1691
f 1691/1691/1691 1731/1731/1731 1732/1732/1732 1692/1692/1692
f 1692/1692/1692 1732/1732/1732 1733/1733/1733 1693/1693/1693
f 1693/1693/1693 1733/1733/1733 1734/1734/1734 1694/1694/1694
f 1694/1694/1694 1734/1734/1734 1735/1735/1735 1695/1695/1695
f 1695/1695/1695 1735/1735/1735 1736/1736/1736 1696/1696/1696
f 1696/1696/1696 1736/1736/1736 1737/1737/1737 1697/1697/1697
f 1697/1697/1697 1737/1737/1737 1738/1738/1738 1698/1698/1698
f 1698/1698/1698 1738/1738/1738 1739/1739/1739 1699/1699/1699
f 1699/1699/1699 1739/1739/1739 1740/1740/1740 1700/1700/1700
f 1700/1700/1700 1740/1740/1740 1741/1741/1741 1701/1701/1701
f 1701/1701/1701 1741/1741/1741 1742/1742/1742 1702/1702/1702
f 1702/1702/1702 1742/1742/1742 1743/1743/1743 1703/1703/1703
f 1703/1703/1703 1743/1743/1743 1744/1744/1744 1704/1704/1704
f 1704/1704/1704 1744/1744/1744 1745/1745/1745 1705/1705/1705
f 1705/1705/1705 1745/1745/1745 1746/1746/1746 1706/1706/1706
f 1706/1706/1706 1746/1746/1746 1747/1747/1747 1707/1707/1707
f 1707/1707/1707 1747/1747/1747 1748/1748/1748 1708/1708/1708
f 1708/1708/1708 1748/1748/1748 1749/1749/1749 1709/1709/1709
f 1709/1709/1709 1749/1749/1749 1750/1750/1750 1710/1710/1710
f 1710/1710/1710 1750/1750/1750 1751/1751/1751 1711/1711/1711
f 1711/1711/1711 1751/1751/1751 1752/1752/1752 1712/1712/1712
f 1712/1712/1712 1752/1752/1752 1753/1753/1753 1713/1713/1713
f 1713/1713/1713 1753/1753/1753 1754/1754/1754 1714/1714/1714
f 1714/1714/1714 1754/1754/1754 1755/1755/1755 1715/1715/1715
f 1715/1715/1715 1755/1755/1755 1756/1756/1756 1716/1716/1716
f 1716/1716/1716 1756/1756/1756 1757/1757/1757 1717/1717/1717
f 1717/1717/1717 1757/1757/1757 1758/1758/1758 1718/1718/1718
f 1718/1718/1718 1758/1758/1758 1759/1759/1759 1719/1719/1719
f 1719/1719/1719 1759/1759/1759 1760/1760/1760 1720/1720/1720
f 1721/1721/1721 1761/1761/1761 1762/1762/1762 1722/1722/1722
f 1722/1722/1722 1762/1762/1762 1763/1763/1763 1723/1723/1723
f 1723/1723/1723 1763/1763/1763 1764/1764/1764 1724/1724/1724
f 1724/1724/1724 1764/1764/1764 1765/1765/1765 1725/1725/1725
f 1725/1725/1725 1765/1765/1765 1766/1766/1766 1726/1726/1726
f 1726/1726/1726 1766/1766/1766 1767/1767/1767 1727/1727/1727
f 1727/1727/1727 1767/1767/1767 1768/1768/1768 1728/1728/1728
f 1728/1728/1728 1768/1768/1768 1769/1769/1769 1729/1729/1729
f 1729/1729/1729 1769/1769/1769 1770/1770/1770 1730/1730/1730
f 1730/1730/1730 1770/1770/1770 1771/1771/1771 1731/1731/1731
f 1731/1731/1731 1771/1771/1771 1772/1772/1772 1732/1732/1732
f 1732/1732/1732 1772/1772/1772 1773/1773/1773 1733/1733/1733
f 1733/1733/1733 1773/1773/1773 1774/1774/1774 1734/1734/1734
f 1734/1734/1734 1774/1774/1774 1775/1775/1775 1735/1735/1735
f 1735/1735/1735 1775/1775/1775 1776/1776/1776 1736/1736/1736
f 1736/1736/1736 1776/1776/1776 1777/1777/1777 1737/1737/1737
f 1737/1737/1737 1777/1777/1777 1778/1778/1778 1738/1738/1738
f 1738/1738/1738 1778/1778/1778 1779/1779/1779 1739/1739/1739
f 1739/1739/1739 1779/1779/1779 1780/1780/1780 1740/1740/1740
f 1740/1740/1740 1780/1780/1780 1781/1781/1781 1741/1741/1741
f 1741/1741/1741 1781/1781/1781 1782/1782/1782 1742/1742/1742
f 1742/1742/1742 1782/1782/1782 1783/1783/1783 1743/1743/1743
f 1743/1743/1743 1783/1783/1783 1784/1784/1784 1744/1744/1744
f 1744/1744/1744 1784/1784/1784 1785/1785/1785 1745/1745/1745
f 1745/1745/1745 1785/1785/1785 1786/1786/1786 1746/1746/1746
f 1746/1746/1746 1786/1786/1786 1787/1787/1787 1747/1747/1747
f 1747/1747/1747 1787/1787/1787 1788/1788/1788 1748/1748/1748
f 1748/1748/1748 1788/1788/1788 1789/1789/1789 1749/1749/1749
f 1749/1749/1749 1789/1789/1789 1790/1790/1790 1750/1750/1750
f 1750/1750/1750 1790/1790/1790 1791/1791/1791 1751/1751/1751
f 1751/1751/1751 1791/1791/1791 1792/1792/1792 1752/1752/1752
f 1752/1752/1752 1792/1792/1792 1793/1793/1793 1753/1753/1753
f 1753/1753/1753 1793/1793/1793 1794/1794/1794 1754/1754/1754
f 1754/1754/1754 1794/1794/1794 1795/1795/1795 1755/1755/1755
f 1755/1755/1755 1795/1795/1795 1796/1796/1796 1756/1756/1756
f 1756/1756/1756 1796/1796/1796 1797/1797/1797 1757/1757/1757
f 1757/1757/1757 1797/1797/1797 1798/1798/1798 1758/1758/1758
f 1758/1758/1758 1798/1798/1798 1799/1799/1799 1759/1759/1759
f 1759/1759/1759 1799/1799/1799 1800/1800/1800 1760/1760/1760
f 1761/1761/1761 1801/1801/1801 1802/1802/1802 1762/1762/1762
f 1762/1762/1762 1802/1802/1802 1803/1803/1803 1763/1763/1763
f 1763/1763/1763 1803/1803/1803 1804/1804/1804 1764/1764/1764
f 1764/1764/1764 1804/1804/1804 1805/1805/1805 1765/1765/1765
f 1765/1765/1765 1805/1805/1805 1806/1806/1806 1766/1766/1766
f 1766/1766/1766 1806/1806/1806 1807/1807/1807 1767/1767/1767
f 1767/1767/1767 1807/1807/1807 1808/1808/1808 1768/1768/1768
f 1768/1768/1768 1808/1808/1808 1809/1809/1809 1769/1769/1769
f 1769/1769/1769 1809/1809/1809 1810/1810/1810 1770/1770/1770
f 1770/1770/1770 1810/1810/1810 1811/1811/1811 1771/1771/1771
f 1771/1771/1771 1811/1811/1811 1812/1812/1812 1772/1772/1772
f 1772/1772/1772 1812/1812/1812 1813/1813/1813 1773/1773/1773
f 1773/1773/1773 1813/1813/1813 1814/1814/1814 1774/1774/1774
f 1774/1774/1774 1814/1814/1814 1815/1815/1815 1775/1775/1775
f 1775/1775/1775 1815/1815/1815 1816/1816/1816 1776/1776/1776
f 1776/1776/1776 1816/1816/1816 1817/1817/1817 1777/1777/1777
f 1777/1777/1777 1817/1817/1817 1818/1818/1818 1778/1778/1778
f 1778/1778/1778 1818/1818/1818 1819/1819/1819 1779/1779/1779
f 1779/1779/1779 1819/1819/1819 1820/1820/1820 1780/1780/1780
f 1780/1780/1780 1820/1820/1820 1821/1821/1821 1781/1781/1781
f 1781/1781/1781 1821/1821/1821 1822/1822/1822 1782/1782/1782
f 1782/1782/1782 1822/1822/1822 1823/1823/1823 1783/1783/1783
f 1783/1783/1783 1823/1823/1823 1824/1824/1824 1784/1784/1784
f 1784/1784/1784 1824/1824/1824 1825/1825/1825 1785/1785/1785
f 1785/1785/1785 1825/1825/1825 1826/1826/1826 1786/1786/1786
f 1786/1786/1786 1826/1826/1826 1827/1827/1827 1787/1787/1787
f 1787/1787/1787 1827/1827/1827 1828/1828/1828 1788/1788/1788
f 1788/1788/1788 1828/1828/1828 1829/1829/1829 1789/1789/1789
f 1789/1789/1789 1829/1829/1829 1830/1830/1830 1790/1790/1790
f 1790/1790/1790 1830/1830/1830 1831/1831/1831 1791/1791/1791
f 1791/1791/1791 1831/1831/1831 1832/1832/1832 1792/1792/1792
f 1792/1792/1792 1832/1832/1832 1833/1833/1833 1793/1793/1793
f 1793/1793/1793 1833/1833/1833 1834/1834/1834 1794/1794/1794
f 1794/1794/1794 1834/1834/1834 1835/1835/1835 1795/1795/1795
f 1795/1795/1795 1835/1835/1835 1836/1836/1836 1796/1796/1796
f 1796/1796/1796 1836/1836/1836 1837/1837/1837 1797/1797/1797
f 1797/1797/1797 1837/1837/1837 1838/1838/1838 1798/1798/1798
f 1798/1798/1798 1838/1838/1838 1839/1839/1839 1799/1799/1799
f 1799/1799/1799 1839/1839/1839 1840/1840/1840 1800/1800/1800
f 1801/1801/1801 1841/1841/1841 1842/1842/1842 1802/1802/1802
f 1802/1802/1802 1842/1842/1842 1843/1843/1843 1803/1803/1803
f 1803/1803/1803 1843/1843/1843 1844/1844/1844 1804/1804/1804
f 1804/1804/1804 1844/1844/1844 1845/1845/1845 1805/1805/1805
f 1805/1805/1805 1845/1845/1845 1846/1846/1846 1806/1806/1806
f 1806/1806/1806 1846/1846/1846 1847/1847/1847 1807/1807/1807
f 1807/1807/1807 1847/1847/1847 1848/1848/1848 1808/1808/1808
f 1808/1808/1808 1848/1848/1848 1849/1849/1849 1809/1809/1809
f 1809/1809/1809 1849/1849/1849 1850/1850/1850 1810/1810/1810
f 1810/1810/1810 1850/1850/1850 1851/1851/1851 1811/1811/1811
f 1811/1811/1811 1851/1851/1851 1852/1852/1852 1812/1812/1812
f 1812/1812/1812 1852/1852/1852 1853/1853/1853 1813/1813/1813
f 1813/1813/1813 1853/1853/1853 1854/1854/1854 1814/1814/1814
f 1814/1814/1814 1854/1854/1854 1855/1855/1855 1815/1815/1815
f 1815/1815/1815 1855/1855/1855 1856/1856/1856 1816/1816/1816
f 1816/1816/1816 1856/1856/1856 1857/1857/1857 1817/1817/1817
f 1817/1817/1817 1857/1857/1857 1858/1858/1858 1818/1818/1818
f 1818/1818/1818 1858/1858/1858 1859/1859/1859 1819/1819/1819
f 1819/1819/1819 1859/1859/1859 1860/1860/1860 1820/1820/1820
f 1820/1820/1820 1860/1860/1860 1861/1861/1861 1821/1821/1821
f 1821/1821/1821 1861/1861/1861 1862/1862/1862 1822/1822/1822
f 1822/1822/1822 1862/1862/1862 1863/1863/1863 1823/1823/1823
f 1823/1823/1823 1863/1863/1863 1864/1864/1864 1824/1824/1824
f 1824/1824/1824 1864/1864/1864 1865/1865/1865 1825/1825/1825
f 1825/1825/1825 1865/1865/1865 1866/1866/1866 1826/1826/1826
f 1826/1826/1826 1866/1866/1866 1867/1867/1867 1827/1827/1827
f 1827/1827/1827 1867/1867/1867 1868/1868/1868 1828/1828/1828
f 1828/1828/1828 1868/1868/1868 1869/1869/1869 1829/1829/1829
f 1829/1829/1829 1869/1869/1869 1870/1870/1870 1830/1830/1830
f 1830/1830/1830 1870/1870/1870 1871/1871/1871 1831/1831/1831
f 1831/1831/1831 1871/1871/1871 1872/1872/1872 1832/1832/1832
f 1832/1832/1832 1872/1872/1872 1873/1873/1873 1833/1833/1833
f 1833/1833/1833 1873/1873/1873 1874/1874/1874 1834/1834/1834
f 1834/1834/1834 1874/1874/1874 1875/1875/1875 1835/1835/1835
f 1835/1835/1835 1875/1875/1875 1876/1876/1876 1836/1836/1836
f 1836/1836/1836 1876/1876/1876 1877/1877/1877 1837/1837/1837
f 1837/1837/1837 1877/1877/1877 1878/1878/1878 1838/1838/1838
f 1838/1838/1838 1878/1878/1878 1879/1879/1879 1839/1839/1839
f 1839/1839/1839 1879/1879/1879 1880/1880/1880 1840/1840/1840
f 1841/1841/1841 1881/1881/1881 1882/1882/1882 1842/1842/1842
f 1842/1842/1842 1882/1882/1882 1883/1883/1883 1843/1843/1843
f 1843/1843/1843 1883/1883/1883 1884/1884/1884 1844/1844/1844
f 1844/1844/1844 1884/1884/1884 1885/1885/1885 1845/1845/1845
f 1845/1845/1845 1885/1885/1885 1886/1886/1886 1846/1846/1846
f 1846/1846/1846 1886/1886/1886 1887/1887/1887 1847/1847/1847
f 1847/1847/1847 1887/1887/1887 1888/1888/1888 1848/1848/1848
f 1848/1848/1848 1888/1888/1888 1889/1889/1889 1849/1849/1849
f 1849/1849/1849 1889/1889/1889 1890/1890/1890 1850/1850/1850
f 1850/1850/1850 1890/1890/1890 1891/1891/1891 1851/1851/1851
f 1851/1851/1851 1891/1891/1891 1892/1892/1892 1852/1852/1852
f 1852/1852/1852 1892/1892/1892 1893/1893/1893 1853/1853/1853
f 1853/1853/1853 1893/1893/1893 1894/1894/1894 1854/1854/1854
f 1854/1854/1854 1894/1894/1894 1895/1895/1895 1855/1855/1855
f 1855/1855/1855 1895/1895/1895 1896/1896/1896 1856/1856/1856
f 1856/1856/1856 1896/1896/1896 1897/1897/1897 1857/1857/1857
f 1857/1857/1857 1897/1897/1897 1898/1898/1898 1858/1858/1858
f 1858/1858/1858 1898/1898/1898 1899/1899/1899 1859/1859/1859
f 1859/1859/1859 1899/1899/1899 1900/1900/1900 1860/1860/1860
f 1860/1860/1860 1900/1900/1900 1901/1901/1901 1861/1861/1861
f 1861/1861/1861 1901/1901/1901 1902/1902/1902 1862/1862/1862
f 1862/1862/1862 1902/1902/1902 1903/1903/1903 1863/1863/1863
f 1863/1863/1863 1903/1903/1903 1904/1904/1904 1864/1864/1864
f 1864/1864/1864 1904/1904/1904 1905/1905/1905 1865/1865/1865
f 1865/1865/1865 1905/1905/1905 1906/1906/1906 1866/1866/1866
f 1866/1866/1866 1906/1906/1906 1907/1907/1907 1867/1867/1867
f 1867/1867/1867 1907/1907/1907 1908/1908/1908 1868/1868/1868
f 1868/1868/1868 1908/1908/1908 1909/1909/1909 1869/1869/1869
f 1869/1869/1869 1909/1909/1909 1910/1910/1910 1870/1870/1870
f 1870/1870/1870 1910/1910/1910 1911/1911/1911 1871/1871/1871
f 1871/1871/1871 1911/1911/1911 1912/1912/1912 1872/1872/1872
f 1872/1872/1872 1912/1912/1912 1913/1913/1913 1873/1873/1873
f 1873/1873/1873 1913/1913/1913 1914/1914/1914 1874/1874/1874
f 1874/1874/1874 1914/1914/1914 1915/1915/1915 1875/1875/1875
f 1875/1875/1875 1915/1915/1915 1916/1916/1916 1876/1876/1876
f 1876/1876/1876 1916/1916/1916 1917/1917/1917 1877/1877/1877
f 1877/1877/1877 1917/1917/1917 1918/1918/1918 1878/1878/1878
f 1878/1878/1878 1918/1918/1918 1919/1919/1919 1879/1879/1879
f 1879/1879/1879 1919/1919/1919 1920/1920/1920 1880/1880/1880
f 1881/1881/1881 1921/1921/1921 1922/1922/1922 1882/1882/1882
f 1882/1882/1882 1922/1922/1922 1923/1923/1923 1883/1883/1883
f 1883/1883/1883 1923/1923/1923 1924/1924/1924 1884/1884/1884
f 1884/1884/1884 1924/1924/1924 1925/1925/1925 1885/1885/1885
f 1885/1885/1885 1925/1925/1925 1926/1926/1926 1886/1886/1886
f 1886/1886/1886 1926/1926/1926 1927/1927/1927 1887/1887/1887
f 1887/1887/1887 1927/1927/1927 1928/1928/1928 1888/1888/1888
f 1888/1888/1888 1928/1928/1928 1929/1929/1929 1889/1889/1889
f 1889/1889/1889 1929/1929/1929 1930/1930/1930 1890/1890/1890
f 1890/1890/1890 1930/1930/1930 1931/1931/1931 1891/1891/1891
f 1891/1891/1891 1931/1931/1931 1932/1932/1932 1892/1892/1892
f 1892/1892/1892 1932/1932/1932 1933/1933/1933 1893/1893/1893
f 1893/1893/1893 1933/1933/1933 1934/1934/1934 1894/1894/1894
f 1894/1894/1894 1934/1934/1934 1935/1935/1935 1895/1895/1895
f 1895/1895/1895 1935/1935/1935 1936/1936/1936 1896/1896/1896
f 1896/1896/1896 1936/1936/1936 1937/1937/1937 1897/1897/1897
f 1897/1897/1897 1937/1937/1937 1938/1938/1938 1898/1898/1898
f 1898/1898/1898 1938/1938/1938 1939/1939/1939 1899/1899/1899
f 1899/1899/1899 1939/1939/1939 1940/1940/1940 1900/1900/1900
f 1900/1900/1900 1940/1940/1940 1941/1941/1941 1901/1901/1901
f 1901/1901/1901 1941/1941/1941 1942/1942/1942 1902/1902/1902
f 1902/1902/1902 1942/1942/1942 1943/1943/1943 1903/1903/1903
f 1903/1903/1903 1943/1943/1943 1944/1944/1944 1904/1904/1904
f 1904/1904/1904 1944/1944/1944 1945/1945/1945 1905/1905/1905
f 1905/1905/1905 1945/1945/1945 1946/1946/1946 1906/1906/1906
f 1906/1906/1906 1946/1946/1946 1947/1947/1947 1907/1907/1907
f 1907/1907/1907 1947/1947/1947 1948/1948/1948 1908/1908/1908
f 1908/1908/1908 1948/1948/1948 1949/1949/1949 1909/1909/1909
f 1909/1909/1909 1949/1949/1949 1950/1950/1950 1910/1910/1910
f 1910/1910/1910 1950/1950/1950 1951/1951/1951 1911/1911/1911
f 1911/1911/1911 1951/1951/1951 1952/1952/1952 1912/1912/1912
f 1912/1912/1912 1952/1952/1952 1953/1953/1953 1913/1913/1913
f 1913/1913/1913 1953/1953/1953 1954/1954/1954 1914/1914/1914
f 1914/1914/1914 1954/1954/1954 1955/1955/1955 1915/1915/1915
f 1915/1915/1915 1955/1955/1955 1956/1956/1956 1916/1916/1916
f 1916/1916/1916 1956/1956/1956 1957/1957/1957 1917/1917/1917
f 1917/1917/1917 1957/1957/1957 1958/1958/1958 1918/1918/1918
f 1918/1918/1918 1958/1958/1958 1959/1959/1959 1919/1919/1919
f 1919/1919/1919 1959/1959/1959 1960/1960/1960 1920/1920/1920
f 1921/1921/1921 1961/1961/1961 1962/1962/1962 1922/1922/1922
f 1922/1922/1922 1962/1962/1962 1963/1963/1963 1923/1923/1923
f 1923/1923/1923 1963/1963/1963 1964/1964/1964 1924/1924/1924
f 1924/1924/1924 1964/1964/1964 1965/1965/1965 1925/1925/1925
f 1925/1925/1925 1965/1965/1965 1966/1966/1966 1926/1926/1926
f 1926/1926/1926 1966/1966/1966 1967/1967/1967 1927/1927/1927
f 1927/1927/1927 1967/1967/1967 1968/1968/1968 1928/1928/1928
f 1928/1928/1928 1968/1968/1968 1969/1969/1969 1929/1929/1929
f 1929/1929/1929 1969/1969/1969 1970/1970/1970 1930/1930/1930
f 1930/1930/1930 1970/1970/1970 1971/1971/1971 1931/1931/1931
f 1931/1931/1931 1971/1971/1971 1972/1972/1972 1932/1932/1932
f 1932/1932/1932 1972/1972/1972 1973/1973/1973 1933/1933/1933
f 1933/1933/1933 1973/1973/1973 1974/1974/1974 1934/1934/1934
f 1934/1934/1934 1974/1974/1974 1975/1975/1975 1935/1935/1935
f 1935/1935/1935 1975/1975/1975 1976/1976/1976 1936/1936/1936
f 1936/1936/1936 1976/1976/1976 1977/1977/1977 1937/1937/1937
f 1937/1937/1937 1977/1977/1977 1978/1978/1978 1938/1938/1938
f 1938/1938/1938 1978/1978/1978 1979/1979/1979 1939/1939/1939
f 1939/1939/1939 1979/1979/1979 1980/1980/1980 1940/1940/1940
f 1940/1940/1940 1980/1980/1980 1981/1981/1981 1941/1941/1941
f 1941/1941/1941 1981/1981/1981 1982/1982/1982 1942/1942/1942
f 1942/1942/1942 1982/1982/1982 1983/1983/1983 1943/1943/1943
f 1943/1943/1943 1983/1983/1983 1984/1984/1984 1944/1944/1944
f 1944/1944/1944 1984/1984/1984 1985/1985/1985 1945/1945/1945
f 1945/1945/1945 1985/1985/1985 1986/1986/1986 1946/1946/1946
f 1946/1946/1946 1986/1986/1986 1987/1987/1987 1947/1947/1947
f 1947/1947/1947 1987/1987/1987 1988/1988/1988 1948/1948/1948
f 1948/1948/1948 1988/1988/1988 1989/1989/1989 1949/1949/1949
f 1949/1949/1949 1989/1989/1989 1990/1990/1990 1950/1950/1950
f 1950/1950/1950 1990/1990/1990 1991/1991/1991 1951/1951/1951
f 1951/1951/1951 1991/1991/1991 1992/1992/1992 1952/1952/1952
f 1952/1952/1952 1992/1992/1992 1993/1993/1993 1953/1953/1953
f 1953/1953/1953 1993/1993/1993 1994/1994/1994 1954/1954/1954
f 1954/1954/1954 1994/1994/1994 1995/1995/1995 1955/1955/1955
f 1955/1955/1955 1995/1995/1995 1996/1996/1996 1956/1956/1956
f 1956/1956/1956 1996/1996/1996 1997/1997/1997 1957/1957/1957
f 1957/1957/1957 1997/1997/1997 1998/1998/1998 1958/1958/1958
f 1958/1958/1958 1998/1998/1998 1999/1999/1999 1959/1959/1959
f 1959/1959/1959 1999/1999/1999 2000/2000/2000 1960/1960/1960
f 1961/1961/1961 2001/2001/2001 2002/2002/2002 1962/1962/1962
f 1962/1962/1962 2002/2002/2002 2003/2003/2003 1963/1963/1963
f 1963/1963/1963 2003/2003/2003 2004/2004/2004 1964/1964/1964
f 1964/1964/1964 2004/2004/2004 2005/2005/2005 1965/1965/1965
f 1965/1965/1965 2005/2005/2005 2006/2006/2006 1966/1966/1966
f 1966/1966/1966 2006/2006/2006 2007/2007/2007 1967/1967/1967
f 1967/1967/1967 2007/2007/2007 2008/2008/2008 1968/1968/1968
f 1968/1968/1968 2008/2008/2008 2009/2009/2009 1969/1969/1969
f 1969/1969/1969 2009/2009/2009 2010/2010/2010 1970/1970/1970
f 1970/1970/1970 2010/2010/2010 2011/2011/2011 1971/1971/1971
f 1971/1971/1971 2011/2011/2011 2012/2012/2012 1972/1972/1972
f 1972/1972/1972 2012/2012/2012 2013/2013/2013 1973/1973/1973
f 1973/1973/1973 2013/2013/2013 2014/2014/2014 1974/1974/1974
f 1974/1974/1974 2014/2014/2014 2015/2015/2015 1975/1975/1975
f 1975/1975/1975 2015/2015/2015 2016/2016/2016 1976/1976/1976
f 1976/1976/1976 2016/2016/2016 2017/2017/2017 1977/1977/1977
f 1977/1977/1977 2017/2017/2017 2018/2018/2018 1978/1978/1978
f 1978/1978/1978 2018/2018/2018 2019/2019/2019 1979/1979/1979
f 1979/1979/1979 2019/2019/2019 2020/2020/2020 1980/1980/1980
f 1980/1980/1980 2020/2020/2020 2021/2021/2021 1981/1981/1981
f 1981/1981/1981 2021/2021/2021 2022/2022/2022 1982/1982/1982
f 1982/1982/1982 2022/2022/2022 2023/2023/2023 1983/1983/1983
f 1983/1983/1983 2023/2023/2023 2024/2024/2024 1984/1984/1984
f 1984/1984/1984 2024/2024/2024 2025/2025/2025 1985/1985/1985
f 1985/1985/1985 2025/2025/2025 2026/2026/2026 1986/1986/1986
f 1986/1986/1986 2026/2026/2026 2027/2027/2027 1987/1987/1987
f 1987/1987/1987 2027/2027/2027 2028/2028/2028 1988/1988/1988
f 1988/1988/1988 2028/2028/2028 2029/2029/2029 1989/1989/1989
f 1989/1989/1989 2029/2029/2029 2030/2030/2030 1990/1990/1990
f 1990/1990/1990 2030/2030/2030 2031/2031/2031 1991/1991/1991
f 1991/1991/1991 2031/2031/2031 2032/2032/2032 1992/1992/1992
f 1992/1992/1992 2032/2032/2032 2033/2033/2033 1993/1993/1993
f 1993/1993/1993 2033/2033/2033 2034/2034/2034 1994/1994/1994
f 1994/1994/1994 2034/2034/2034 2035/2035/2035 1995/1995/1995
f 1995/1995/1995 2035/2035/2035 2036/2036/2036 1996/1996/1996
f 1996/1996/1996 2036/2036/2036 2037/2037/2037 1997/1997/1997
f 1997/1997/1997 2037/2037/2037 2038/2038/2038 1998/1998/1998
f 1998/1998/1998 2038/2038/2038 2039/2039/2039 1999/1999/1999
f 1999/1999/1999 2039/2039/2039 2040/2040/2040 2000/2000/2000
f 2001/2001/2001 2041/2041/2041 2042/2042/2042 2002/2002/2002
f 2002/2002/2002 2042/2042/2042 2043/2043/2043 2003/2003/2003
f 2003/2003/2003 2043/2043/2043 2044/2044/2044 2004/2004/2004
f 2004/2004/2004 2044/2044/2044 2045/2045/2045 2005/2005/2005
f 2005/2005/2005 2045/2045/2045 2046/2046/2046 2006/2006/2006
f 2006/2006/2006 2046/2046/2046 2047/2047/2047 2007/2007/2007
f 2007/2007/2007 2047/2047/2047 2048/2048/2048 2008/2008/2008
f 2008/2008/2008 2048/2048/2048 2049/2049/2049 2009/2009/2009
f 2009/2009/2009 2049/2049/2049 2050/2050/2050 2010/2010/2010
f 2010/2010/2010 2050/2050/2050 2051/2051/2051 2011/2011/2011
f 2011/2011/2011 2051/2051/2051 2052/2052/2052 2012/2012/2012
f 2012/2012/2012 2052/2052/2052 2053/2053/2053 2013/2013/2013
f 2013/2013/2013 2053/2053/2053 2054/2054/2054 2014/2014/2014
f 2014/2014/2014 2054/2054/2054 2055/2055/2055 2015/2015/2015
f 2015/2015/2015 2055/2055/2055 2056/2056/2056 2016/2016/2016
f 2016/2016/2016 2056/2056/2056 2057/2057/2057 2017/2017/2017
f 2017/2017/2017 2057/2057/2057 2058/2058/2058 2018/2018/2018
f 2018/2018/2018 2058/2058/2058 2059/2059/2059 2019/2019/2019
f 2019/2019/2019 2059/2059/2059 2060/2060/2060 2020/2020/2020
f 2020/2020/2020 2060/2060/2060 2061/2061/2061 2021/2021/2021
f 2021/2021/2021 2061/2061/2061 2062/2062/2062 2022/2022/2022
f 2022/2022/2022 2062/2062/2062 2063/2063/2063 2023/2023/2023
f 2023/2023/2023 2063/2063/2063 2064/2064/2064 2024/2024/2024
f 2024/2024/2024 2064/2064/2064 2065/2065/2065 2025/2025/2025
f 2025/2025/2025 2065/2065/2065 2066/2066/2066 2026/2026/2026
f 2026/2026/2026 2066/2066/2066 2067/2067/2067 2027/2027/2027
f 2027/2027/2027 2067/2067/2067 2068/2068/2068 2028/2028/2028
f 2028/2028/2028 2068/2068/2068 2069/2069/2069 2029/2029/2029
f 2029/2029/2029 2069/2069/2069 2070/2070/2070 2030/2030/2030
f 2030/2030/2030 2070/2070/2070 2071/2071/2071 2031/2031/2031
f 2031/2031/2031 2071/2071/2071 2072/2072/2072 2032/2032/2032
f 2032/2032/2032 2072/2072/2072 2073/2073/2073 2033/2033/2033
f 2033/2033/2033 2073/2073/2073 2074/2074/2074 2034/2034/2034
f 2034/2034/2034 2074/2074/2074 2075/2075/2075 2035/2035/2035
f 2035/2035/2035 2075/2075/2075 2076/2076/2076 2036/2036/2036
f 2036/2036/2036 2076/2076/2076 2077/2077/2077 2037/2037/2037
f 2037/2037/2037 2077/2077/2077 2078/2078/2078 2038/2038/2038
f 2038/2038/2038 2078/2078/2078 2079/2079/2079 2039/2039/2039
f 2039/2039/2039 2079/2079/2079 2080/2080/2080 2040/2040/2040
f 2041/2041/2041 2081/2081/2081 2082/2082/2082 2042/2042/2042
f 2042/2042/2042 2082/2082/2082 2083/2083/2083 2043/2043/2043
f 2043/2043/2043 2083/2083/2083 2084/2084/2084 2044/2044/2044
f 2044/2044/2044 2084/2084/2084 2085/2085/2085 2045/2045/2045
f 2045/2045/2045 2085/2085/2085 2086/2086/2086 2046/2046/2046
f 2046/2046/2046 2086/2086/2086 2087/2087/2087 2047/2047/2047
f 2047/2047/2047 2087/2087/2087 2088/2088/2088 2048/2048/2048
f 2048/2048/2048 2088/2088/2088 2089/2089/2089 2049/2049/2049
f 2049/2049/2049 2089/2089/2089 2090/2090/2090 2050/2050/2050
f 2050/2050/2050 2090/2090/2090 2091/2091/2091 2051/2051/2051
f 2051/2051/2051 2091/2091/2091 2092/2092/2092 2052/2052/2052
f 2052/2052/2052 2092/2092/2092 2093/2093/2093 2053/2053/2053
f 2053/2053/2053 2093/2093/2093 2094/2094/2094 2054/2054/2054
f 2054/2054/2054 2094/2094/2094 2095/2095/2095 2055/2055/2055
f 2055/2055/2055 2095/2095/2095 2096/2096/2096 2056/2056/2056
f 2056/2056/2056 2096/2096/2096 2097/2097/2097 2057/2057/2057
f 2057/2057/2057 2097/2097/2097 2098/2098/2098 2058/2058/2058
f 2058/2058/2058 2098/2098/2098 2099/2099/2099 2059/2059/2059
f 2059/2059/2059 2099/2099/2099 2100/2100/2100 2060/2060/2060
f 2060/2060/2060 2100/2100/2100 2101/2101/2101 2061/2061/2061
f 2061/2061/2061 2101/2101/2101 2102/2102/2102 2062/2062/2062
f 2062/2062/2062 2102/2102/2102 2103/2103/2103 2063/2063/2063
f 2063/2063/2063 2103/2103/2103 2104/2104/2104 2064/2064/2064
f 2064/2064/2064 2104/2104/2104 2105/2105/2105 2065/2065/2065
f 2065/2065/2065 2105/2105/2105 2106/2106/2106 2066/2066/2066
f 2066/2066/2066 2106/2106/2106 2107/2107/2107 2067/2067/2067
f 2067/2067/2067 2107/2107/2107 2108/2108/2108 2068/2068/2068
f 2068/2068/2068 2108/2108/2108 2109/2109/2109 2069/2069/2069
f 2069/2069/2069 2109/2109/2109 2110/2110/2110 2070/2070/2070
f 2070/2070/2070 2110/2110/2110 2111/2111/2111 2071/2071/2071
f 2071/2071/2071 2111/2111/2111 2112/2112/2112 2072/2072/2072
f 2072/2072/2072 2112/2112/2112 2113/2113/2113 2073/2073/2073
f 2073/2073/2073 2113/2113/2113 2114/2114/2114 2074/2074/2074
f 2074/2074/2074 2114/2114/2114 2115/2115/2115 2075/2075/2075
f 2075/2075/2075 2115/2115/2115 2116/2116/2116 2076/2076/2076
f 2076/2076/2076 2116/2116/2116 2117/2117/2117 2077/2077/2077
f 2077/2077/2077 2117/2117/2117 2118/2118/2118 2078/2078/2078
f 2078/2078/2078 2118/2118/2118 2119/2119/2119 2079/2079/2079
f 2079/2079/2079 2119/2119/2119 2120/2120/2120 2080/2080/2080
f 2081/2081/2081 2121/2121/2121 2122/2122/2122 2082/2082/2082
f 2082/2082/2082 2122/2122/2122 2123/2123/2123 2083/2083/2083
f 2083/2083/2083 2123/2123/2123 2124/2124/2124 2084/2084/2084
f 2084/2084/2084 2124/2124/2124 2125/2125/2125 2085/2085/2085
f 2085/2085/2085 2125/2125/2125 2126/2126/2126 2086/2086/2086
f 2086/2086/2086 2126/2126/2126 2127/2127/2127 2087/2087/2087
f 2087/2087/2087 2127/2127/2127 2128/2128/2128 2088/2088/2088
f 2088/2088/2088 2128/2128/2128 2129/2129/2129 2089/2089/2089
f 2089/2089/2089 2129/2129/2129 2130/2130/2130 2090/2090/2090
f 2090/2090/2090 2130/2130/2130 2131/2131/2131 2091/2091/2091
f 2091/2091/2091 2131/2131/2131 2132/2132/2132 2092/2092/2092
f 2092/2092/2092 2132/2132/2132 2133/2133/2133 2093/2093/2093
f 2093/2093/2093 2133/2133/2133 2134/2134/2134 2094/2094/2094
f 2094/2094/2094 2134/2134/2134 2135/2135/2135 2095/2095/2095
f 2095/2095/2095 2135/2135/2135 2136/2136/2136 2096/2096/2096
f 2096/2096/2096 2136/2136/2136 2137/2137/2137 2097/2097/2097
f 2097/2097/2097 2137/2137/2137 2138/2138/2138 2098/2098/2098
f 2098/2098/2098 2138/2138/2138 2139/2139/2139 2099/2099/2099
f 2099/2099/2099 2139/2139/2139 2140/2140/2140 2100/2100/2100
f 2100/2100/2100 2140/2140/2140 2141/2141/2141 2101/2101/2101
f 2101/2101/2101 2141/2141/2141 2142/2142/2142 2102/2102/2102
f 2102/2102/2102 2142/2142/2142 2143/2143/2143 2103/2103/2103
f 2103/2103/2103 2143/2143/2143 2144/2144/2144 2104/2104/2104
f 2104/2104/2104 2144/2144/2144 2145/2145/2145 2105/2105/2105
f 2105/2105/2105 2145/2145/2145 2146/2146/2146 2106/2106/2106
f 2106/2106/2106 2146/2146/2146 2147/2147/2147 2107/2107/2107
f 2107/2107/2107 2147/2147/2147 2148/2148/2148 2108/2108/2108
f 2108/2108/2108 2148/2148/2148 2149/2149/2149 2109/2109/2109
f 2109/2109/2109 2149/2149/2149 2150/2150/2150 2110/2110/2110
f 2110/2110/2110 2150/2150/2150 2151/2151/2151 2111/2111/2111
f 2111/2111/2111 2151/2151/2151 2152/2152/2152 2112/2112/2112
f 2112/2112/2112 2152/2152/2152 2153/2153/2153 2113/2113/2113
f 2113/2113/2113 2153/2153/2153 2154/2154/2154 2114/2114/2114
f 2114/2114/2114 2154/2154/2154 2155/2155/2155 2115/2115/2115
f 2115/2115/2115 2155/2155/2155 2156/2156/2156 2116/2116/2116
f 2116/2116/2116 2156/2156/2156 2157/2157/2157 2117/2117/2117
f 2117/2117/2117 2157/2157/2157 2158/2158/2158 2118/2118/2118
f 2118/2118/2118 2158/2158/2158 2159/2159/2159 2119/2119/2119
f 2119/2119/2119 2159/2159/2159 2160/2160/2160 2120/2120/2120
f 2121/2121/2121 2161/2161/2161 2162/2162/2162 2122/2122/2122
f 2122/2122/2122 2162/2162/2162 2163/2163/2163 2123/2123/2123
f 2123/2123/2123 2163/2163/2163 2164/2164/2164 2124/2124/2124
f 2124/2124/2124 2164/2164/2164 2165/2165/2165 2125/2125/2125
f 2125/2125/2125 2165/2165/2165 2166/2166/2166 2126/2126/2126
f 2126/2126/2126 2166/2166/2166 2167/2167/2167 2127/2127/2127
f 2127/2127/2127 2167/2167/2167 2168/2168/2168 2128/2128/2128
f 2128/2128/2128 2168/2168/2168 2169/2169/2169 2129/2129/2129
f 2129/2129/2129 2169/2169/2169 2170/2170/2170 2130/2130/2130
f 2130/2130/2130 2170/2170/2170 2171/2171/2171 2131/2131/2131
f 2131/2131/2131 2171/2171/2171 2172/2172/2172 2132/2132/2132
f 2132/2132/2132 2172/2172/2172 2173/2173/2173 2133/2133/2133
f 2133/2133/2133 2173/2173/2173 2174/2174/2174 2134/2134/2134
f 2134/2134/2134 2174/2174/2174 2175/2175/2175 2135/2135/2135
f 2135/2135/2135 2175/2175/2175 2176/2176/2176 2136/2136/2136
f 2136/2136/2136 2176/2176/2176 2177/2177/2177 2137/2137/2137
f 2137/2137/2137 2177/2177/2177 2178/2178/2178 2138/2138/2138
f 2138/2138/2138 2178/2178/2178 2179/2179/2179 2139/2139/2139
f 2139/2139/2139 2179/2179/2179 2180/2180/2180 2140/2140/2140
f 2140/2140/2140 2180/2180/2180 2181/2181/2181 2141/2141/2141
f 2141/2141/2141 2181/2181/2181 2182/2182/2182 2142/2142/2142
f 2142/2142/2142 2182/2182/2182 2183/2183/2183 2143/2143/2143
f 2143/2143/2143 2183/2183/2183 2184/2184/2184 2144/2144/2144
f 2144/2144/2144 2184/2184/2184 2185/2185/2185 2145/2145/2145
f 2145/2145/2145 2185/2185/2185 2186/2186/2186 2146/2146/2146
f 2146/2146/2146 2186/2186/2186 2187/2187/2187 2147/2147/2147
f 2147/2147/2147 2187/2187/2187 2188/2188/2188 2148/2148/2148
f 2148/2148/2148 2188/2188/2188 2189/2189/2189 2149/2149/2149
f 2149/2149/2149 2189/2189/2189 2190/2190/2190 2150/2150/2150
f 2150/2150/2150 2190/2190/2190 2191/2191/2191 2151/2151/2151
f 2151/2151/2151 2191/2191/2191 2192/2192/2192 2152/2152/2152
f 2152/2152/2152 2192/2192/2192 2193/2193/2193 2153/2153/2153
f 2153/2153/2153 2193/2193/2193 2194/2194/2194 2154/2154/2154
f 2154/2154/2154 2194/2194/2194 2195/2195/2195 2155/2155/2155
f 2155/2155/2155 2195/2195/2195 2196/2196/2196 2156/2156/2156
f 2156/2156/2156 2196/2196/2196 2197/2197/2197 2157/2157/2157
f 2157/2157/2157 2197/2197/2197 2198/2198/2198 2158/2158/2158
f 2158/2158/2158 2198/2198/2198 2199/2199/2199 2159/2159/2159
f 2159/2159/2159 2199/2199/2199 2200/2200/2200 2160/2160/2160
f 2161/2161/2161 2201/2201/2201 2202/2202/2202 2162/2162/2162
f 2162/2162/2162 2202/2202/2202 2203/2203/2203 2163/2163/2163
f 2163/2163/2163 2203/2203/2203 2204/2204/2204 2164/2164/2164
f 2164/2164/2164 2204/2204/2204 2205/2205/2205 2165/2165/2165
f 2165/2165/2165 2205/2205/2205 2206/2206/2206 2166/2166/2166
f 2166/2166/2166 2206/2206/2206 2207/2207/2207 2167/2167/2167
f 2167/2167/2167 2207/2207/2207 2208/2208/2208 2168/2168/2168
f 2168/2168/2168 2208/2208/2208 2209/2209/2209 2169/2169/2169
f 2169/2169/2169 2209/2209/2209 2210/2210/2210 2170/2170/2170
f 2170/2170/2170 2210/2210/2210 2211/2211/2211 2171/2171/2171
f 2171/2171/2171 2211/2211/2211 2212/2212/2212 2172/2172/2172
f 2172/2172/2172 2212/2212/2212 2213/2213/2213 2173/2173/2173
f 2173/2173/2173 2213/2213/2213 2214/2214/2214 2174/2174/2174
f 2174/2174/2174 2214/2214/2214 2215/2215/2215 2175/2175/2175
f 2175/2175/2175 2215/2215/2215 2216/2216/2216 2176/2176/2176
f 2176/2176/2176 2216/2216/2216 2217/2217/2217 2177/2177/2177
f 2177/2177/2177 2217/2217/2217 2218/2218/2218 2178/2178/2178
f 2178/2178/2178 2218/2218/2218 2219/2219/2219 2179/2179/2179
f 2179/2179/2179 2219/2219/2219 2220/2220/2220 2180/2180/2180
f 2180/2180/2180 2220/2220/2220 2221/2221/2221 2181/2181/2181
f 2181/2181/2181 2221/2221/2221 2222/2222/2222 2182/2182/2182
f 2182/2182/2182 2222/2222/2222 2223/2223/2223 2183/2183/2183
f 2183/2183/2183 2223/2223/2223 2224/2224/2224 2184/2184/2184
f 2184/2184/2184 2224/2224/2224 2225/2225/2225 2185/2185/2185
f 2185/2185/2185 2225/2225/2225 2226/2226/2226 2186/2186/2186
f 2186/2186/2186 2226/2226/2226 2227/2227/2227 2187/2187/2187
f 2187/2187/2187 2227/2227/2227 2228/2228/2228 2188/2188/2188
f 2188/2188/2188 2228/2228/2228 2229/2229/2229 2189/2189/2189
f 2189/2189/2189 2229/2229/2229 2230/2230/2230 2190/2190/2190
f 2190/2190/2190 2230/2230/2230 2231/2231/2231 2191/2191/2191
f 2191/2191/2191 2231/2231/2231 2232/2232/2232 2192/2192/2192
f 2192/2192/2192 2232/2232/2232 2233/2233/2233 2193/2193/2193
f 2193/2193/2193 2233/2233/2233 2234/2234/2234 2194/2194/2194
f 2194/2194/2194 2234/2234/2234 2235/2235/2235 2195/2195/2195
f 2195/2195/2195 2235/2235/2235 2236/2236/2236 2196/2196/2196
f 2196/2196/2196 2236/2236/2236 2237/2237/2237 2197/2197/2197
f 2197/2197/2197 2237/2237/2237 2238/2238/2238 2198/2198/2198
f 2198/2198/2198 2238/2238/2238 2239/2239/2239 2199/2199/2199
f 2199/2199/2199 2239/2239/2239 2240/2240/2240 2200/2200/2200
f 2201/2201/2201 2241/2241/2241 2242/2242/2242 2202/2202/2202
f 2202/2202/2202 2242/2242/2242 2243/2243/2243 2203/2203/2203
f 2203/2203/2203 2243/2243/2243 2244/2244/2244 2204/2204/2204
f 2204/2204/2204 2244/2244/2244 2245/2245/2245 2205/2205/2205
f 2205/2205/2205 2245/2245/2245 2246/2246/2246 2206/2206/2206
f 2206/2206/2206 2246/2246/2246 2247/2247/2247 2207/2207/2207
f 2207/2207/2207 2247/2247/2247 2248/2248/2248 2208/2208/2208
f 2208/2208/2208 2248/2248/2248 2249/2249/2249 2209/2209/2209
f 2209/2209/2209 2249/2249/2249 2250/2250/2250 2210/2210/2210
f 2210/2210/2210 2250/2250/2250 2251/2251/2251 2211/2211/2211
f 2211/2211/2211 2251/2251/2251 2252/2252/2252 2212/2212/2212
f 2212/2212/2212 2252/2252/2252 2253/2253/2253 2213/2213/2213
f 2213/2213/2213 2253/2253/2253 2254/2254/2254 2214/2214/2214
f 2214/2214/2214 2254/2254/2254 2255/2255/2255 2215/2215/2215
f 2215/2215/2215 2255/2255/2255 2256/2256/2256 2216/2216/2216
f 2216/2216/2216 2256/2256/2256 2257/2257/2257 2217/2217/2217
f 2217/2217/2217 2257/2257/2257 2258/2258/2258 2218/2218/2218
f 2218/2218/2218 2258/2258/2258 2259/2259/2259 2219/2219/2219
f 2219/2219/2219 2259/2259/2259 2260/2260/2260 2220/2220/2220
f 2220/2220/2220 2260/2260/2260 2261/2261/2261 2221/2221/2221
f 2221/2221/2221 2261/2261/2261 2262/2262/2262 2222/2222/2222
f 2222/2222/2222 2262/2262/2262 2263/2263/2263 2223/2223/2223
f 2223/2223/2223 2263/2263/2263 2264/2264/2264 2224/2224/2224
f 2224/2224/2224 2264/2264/2264 2265/2265/2265 2225/2225/2225
f 2225/2225/2225 2265/2265/2265 2266/2266/2266 2226/2226/2226
f 2226/2226/2226 2266/2266/2266 2267/2267/2267 2227/2227/2227
f 2227/2227/2227 2267/2267/2267 2268/2268/2268 2228/2228/2228
f 2228/2228/2228 2268/2268/2268 2269/2269/2269 2229/2229/2229
f 2229/2229/2229 2269/2269/2269 2270/2270/2270 2230/2230/2230
f 2230/2230/2230 2270/2270/2270 2271/2271/2271 2231/2231/2231
f 2231/2231/2231 2271/2271/2271 2272/2272/2272 2232/2232/2232
f 2232/2232/2232 2272/2272/2272 2273/2273/2273 2233/2233/2233
f 2233/2233/2233 2273/2273/2273 2274/2274/2274 2234/2234/2234
f 2234/2234/2234 2274/2274/2274 2275/2275/2275 2235/2235/2235
f 2235/2235/2235 2275/2275/2275 2276/2276/2276 2236/2236/2236
f 2236/2236/2236 2276/2276/2276 2277/2277/2277 2237/2237/2237
f 2237/2237/2237 2277/2277/2277 2278/2278/2278 2238/2238/2238
f 2238/2238/2238 2278/2278/2278 2279/2279/2279 2239/2239/2239
f 2239/2239/2239 2279/2279/2279 2280/2280/2280 2240/2240/2240
f 2241/2241/2241 2281/2281/2281 2282/2282/2282 2242/2242/2242
f 2242/2242/2242 2282/2282/2282 2283/2283/2283 2243/2243/2243
f 2243/2243/2243 2283/2283/2283 2284/2284/2284 2244/2244/2244
f 2244/2244/2244 2284/2284/2284 2285/2285/2285 2245/2245/2245
f 2245/2245/2245 2285/2285/2285 2286/2286/2286 2246/2246/2246
f 2246/2246/2246 2286/2286/2286 2287/2287/2287 2247/2247/2247
f 2247/2247/2247 2287/2287/2287 2288/2288/2288 2248/2248/2248
f 2248/2248/2248 2288/2288/2288 2289/2289/2289 2249/2249/2249
f 2249/2249/2249 2289/2289/2289 2290/2290/2290 2250/2250/2250
f 2250/2250/2250 2290/2290/2290 2291/2291/2291 2251/2251/2251
f 2251/2251/2251 2291/2291/2291 2292/2292/2292 2252/2252/2252
f 2252/2252/2252 2292/2292/2292 2293/2293/2293 2253/2253/2253
f 2253/2253/2253 2293/2293/2293 2294/2294/2294 2254/2254/2254
f 2254/2254/2254 2294/2294/2294 2295/2295/2295 2255/2255/2255
f 2255/2255/2255 2295/2295/2295 2296/2296/2296 2256/2256/2256
f 2256/2256/2256 2296/2296/2296 2297/2297/2297 2257/2257/2257
f 2257/2257/2257 2297/2297/2297 2298/2298/2298 2258/2258/2258
f 2258/2258/2258 2298/2298/2298 2299/2299/2299 2259/2259/2259
f 2259/2259/2259 2299/2299/2299 2300/2300/2300 2260/2260/2260
f 2260/2260/2260 2300/2300/2300 2301/2301/2301 2261/2261/2261
f 2261/2261/2261 2301/2301/2301 2302/2302/2302 2262/2262/2262
f 2262/2262/2262 2302/2302/2302 2303/2303/2303 2263/2263/2263
f 2263/2263/2263 2303/2303/2303 2304/2304/2304 2264/2264/2264
f 2264/2264/2264 2304/2304/2304 2305/2305/2305 2265/2265/2265
f 2265/2265/2265 2305/2305/2305 2306/2306/2306 2266/2266/2266
f 2266/2266/2266 2306/2306/2306 2307/2307/2307 2267/2267/2267
f 2267/2267/2267 2307/2307/2307 2308/2308/2308 2268/2268/2268
f 2268/2268/2268 2308/2308/2308 2309/2309/2309 2269/2269/2269
f 2269/2269/2269 2309/2309/2309 2310/2310/2310 2270/2270/2270
f 2270/2270/2270 2310/2310/2310 2311/2311/2311 2271/2271/2271
f 2271/2271/2271 2311/2311/2311 2312/2312/2312 2272/2272/2272
f 2272/2272/2272 2312/2312/2312 2313/2313/2313 2273/2273/2273
f 2273/2273/2273 2313/2313/2313 2314/2314/2314 2274/2274/2274
f 2274/2274/2274 2314/2314/2314 2315/2315/2315 2275/2275/2275
f 2275/2275/2275 2315/2315/2315 2316/2316/2316 2276/2276/2276
f 2276/2276/2276 2316/2316/2316 2317/2317/2317 2277/2277/2277
f 2277/2277/2277 2317/2317/2317 2318/2318/2318 2278/2278/2278
f 2278/2278/2278 2318/2318/2318 2319/2319/2319 2279/2279/2279
f 2279/2279/2279 2319/2319/2319 2320/2320/2320 2280/2280/2280
f 2281/2281/2281 2321/2321/2321 2322/2322/2322 2282/2282/2282
f 2282/2282/2282 2322/2322/2322 2323/2323/2323 2283/2283/2283
f 2283/2283/2283 2323/2323/2323 2324/2324/2324 2284/2284/2284
f 2284/2284/2284 2324/2324/2324 2325/2325/2325 2285/2285/2285
f 2285/2285/2285 2325/2325/2325 2326/2326/2326 2286/2286/2286
f 2286/2286/2286 2326/2326/2326 2327/2327/2327 2287/2287/2287
f 2287/2287/2287 2327/2327/2327 2328/2328/2328 2288/2288/2288
f 2288/2288/2288 2328/2328/2328 2329/2329/2329 2289/2289/2289
f 2289/2289/2289 2329/2329/2329 2330/2330/2330 2290/2290/2290
f 2290/2290/2290 2330/2330/2330 2331/2331/2331 2291/2291/2291
f 2291/2291/2291 2331/2331/2331 2332/2332/2332 2292/2292/2292
f 2292/2292/2292 2332/2332/2332 2333/2333/2333 2293/2293/2293
f 2293/2293/2293 2333/2333/2333 2334/2334/2334 2294/2294/2294
f 2294/2294/2294 2334/2334/2334 2335/2335/2335 2295/2295/2295
f 2295/2295/2295 2335/2335/2335 2336/2336/2336 2296/2296/2296
f 2296/2296/2296 2336/2336/2336 2337/2337/2337 2297/2297/2297
f 2297/2297/2297 2337/2337/2337 2338/2338/2338 2298/2298/2298
f 2298/2298/2298 2338/2338/2338 2339/2339/2339 2299/2299/2299
f 2299/2299/2299 2339/2339/2339 2340/2340/2340 2300/2300/2300
f 2300/2300/2300 2340/2340/2340 2341/2341/2341 2301/2301/2301
f 2301/2301/2301 2341/2341/2341 2342/2342/2342 2302/2302/2302
f 2302/2302/2302 2342/2342/2342 2343/2343/2343 2303/2303/2303
f 2303/2303/2303 2343/2343/2343 2344/2344/2344 2304/2304/2304
f 2304/2304/2304 2344/2344/2344 2345/2345/2345 2305/2305/2305
f 2305/2305/2305 2345/2345/2345 2346/2346/2346 2306/2306/2306
f 2306/2306/2306 2346/2346/2346 2347/2347/2347 2307/2307/2307
f 2307/2307/2307 2347/2347/2347 2348/2348/2348 2308/2308/2308
f 2308/2308/2308 2348/2348/2348 2349/2349/2349 2309/2309/2309
f 2309/2309/2309 2349/2349/2349 2350/2350/2350 2310/2310/2310
f 2310/2310/2310 2350/2350/2350 2351/2351/2351 2311/2311/2311
f 2311/2311/2311 2351/2351/2351 2352/2352/2352 2312/2312/2312
f 2312/2312/2312 2352/2352/2352 2353/2353/2353 2313/2313/2313
f 2313/2313/2313 2353/2353/2353 2354/2354/2354 2314/2314/2314
f 2314/2314/2314 2354/2354/2354 2355/2355/2355 2315/2315/2315
f 2315/2315/2315 2355/2355/2355 2356/2356/2356 2316/2316/2316
f 2316/2316/2316 2356/2356/2356 2357/2357/2357 2317/2317/2317
f 2317/2317/2317 2357/2357/2357 2358/2358/2358 2318/2318/2318
f 2318/2318/2318 2358/2358/2358 2359/2359/2359 2319/2319/2319
f 2319/2319/2319 2359/2359/2359 2360/2360/2360 2320/2320/2320
f 2321/2321/2321 2361/2361/2361 2362/2362/2362 2322/2322/2322
f 2322/2322/2322 2362/2362/2362 2363/2363/2363 2323/2323/2323
f 2323/2323/2323 2363/2363/2363 2364/2364/2364 2324/2324/2324
f 2324/2324/2324 2364/2364/2364 2365/2365/2365 2325/2325/2325
f 2325/2325/2325 2365/2365/2365 2366/2366/2366 2326/2326/2326
f 2326/2326/2326 2366/2366/2366 2367/2367/2367 2327/2327/2327
f 2327/2327/2327 2367/2367/2367 2368/2368/2368 2328/2328/2328
f 2328/2328/2328 2368/2368/2368 2369/2369/2369 2329/2329/2329
f 2329/2329/2329 2369/2369/2369 2370/2370/2370 2330/2330/2330
f 2330/2330/2330 2370/2370/2370 2371/2371/2371 2331/2331/2331
f 2331/2331/2331 2371/2371/2371 2372/2372/2372 2332/2332/2332
f 2332/2332/2332 2372/2372/2372 2373/2373/2373 2333/2333/2333
f 2333/2333/2333 2373/2373/2373 2374/2374/2374 2334/2334/2334
f 2334/2334/2334 2374/2374/2374 2375/2375/2375 2335/2335/2335
f 2335/2335/2335 2375/2375/2375 2376/2376/2376 2336/2336/2336
f 2336/2336/2336 2376/2376/2376 2377/2377/2377 2337/2337/2337
f 2337/2337/2337 2377/2377/2377 2378/2378/2378 2338/2338/2338
f 2338/2338/2338 2378/2378/2378 2379/2379/2379 2339/2339/2339
f 2339/2339/2339 2379/2379/2379 2380/2380/2380 2340/2340/2340
f 2340/2340/2340 2380/2380/2380 2381/2381/2381 2341/2341/2341
f 2341/2341/2341 2381/2381/2381 2382/2382/2382 2342/2342/2342
f 2342/2342/2342 2382/2382/2382 2383/2383/2383 2343/2343/2343
f 2343/2343/2343 2383/2383/2383 2384/2384/2384 2344/2344/2344
f 2344/2344/2344 2384/2384/2384 2385/2385/2385 2345/2345/2345
f 2345/2345/2345 2385/2385/2385 2386/2386/2386 2346/2346/2346
f 2346/2346/2346 2386/2386/2386 2387/2387/2387 2347/2347/2347
f 2347/2347/2347 2387/2387/2387 2388/2388/2388 2348/2348/2348
f 2348/2348/2348 2388/2388/2388 2389/2389/2389 2349/2349/2349
f 2349/2349/2349 2389/2389/2389 2390/2390/2390 2350/2350/2350
f 2350/2350/2350 2390/2390/2390 2391/2391/2391 2351/2351/2351
f 2351/2351/2351 2391/2391/2391 2392/2392/2392 2352/2352/2352
f 2352/2352/2352 2392/2392/2392 2393/2393/2393 2353/2353/2353
f 2353/2353/2353 2393/2393/2393 2394/2394/2394 2354/2354/2354
f 2354/2354/2354 2394/2394/2394 2395/2395/2395 2355/2355/2355
f 2355/2355/2355 2395/2395/2395 2396/2396/2396 2356/2356/2356
f 2356/2356/2356 2396/2396/2396 2397/2397/2397 2357/2357/2357
f 2357/2357/2357 2397/2397/2397 2398/2398/2398 2358/2358/2358
f 2358/2358/2358 2398/2398/2398 2399/2399/2399 2359/2359/2359
f 2359/2359/2359 2399/2399/2399 2400/2400/2400 2360/2360/2360
f 2361/2361/2361 2401/2401/2401 2402/2402/2402 2362/2362/2362
f 2362/2362/2362 2402/2402/2402 2403/2403/2403 2363/2363/2363
f 2363/2363/2363 2403/2403/2403 2404/2404/2404 2364/2364/2364
f 2364/2364/2364 2404/2404/2404 2405/2405/2405 2365/2365/2365
f 2365/2365/2365 2405/2405/2405 2406/2406/2406 2366/2366/2366
f 2366/2366/2366 2406/2406/2406 2407/2407/2407 2367/2367/2367
f 2367/2367/2367 2407/2407/2407 2408/2408/2408 2368/2368/2368
f 2368/2368/2368 2408/2408/2408 2409/2409/2409 2369/2369/2369
f 2369/2369/2369 2409/2409/2409 2410/2410/2410 2370/2370/2370
f 2370/2370/2370 2410/2410/2410 2411/2411/2411 2371/2371/2371
f 2371/2371/2371 2411/2411/2411 2412/2412/2412 2372/2372/2372
f 2372/2372/2372 2412/2412/2412 2413/2413/2413 2373/2373/2373
f 2373/2373/2373 2413/2413/2413 2414/2414/2414 2374/2374/2374
f 2374/2374/2374 2414/2414/2414 2415/2415/2415 2375/2375/2375
f 2375/2375/2375 2415/2415/2415 2416/2416/2416 2376/2376/2376
f 2376/2376/2376 2416/2416/2416 2417/2417/2417 2377/2377/2377
f 2377/2377/2377 2417/2417/2417 2418/2418/2418 2378/2378/2378
f 2378/2378/2378 2418/2418/2418 2419/2419/2419 2379/2379/2379
f 2379/2379/2379 2419/2419/2419 2420/2420/2420 2380/2380/2380
f 2380/2380/2380 2420/2420/2420 2421/2421/2421 2381/2381/2381
f 2381/2381/2381 2421/2421/2421 2422/2422/2422 2382/2382/2382
f 2382/2382/2382 2422/2422/2422 2423/2423/2423 2383/2383/2383
f 2383/2383/2383 2423/2423/2423 2424/2424/2424 2384/2384/2384
f 2384/2384/2384 2424/2424/2424 2425/2425/2425 2385/2385/2385
f 2385/2385/2385 2425/2425/2425 2426/2426/2426 2386/2386/2386
f 2386/2386/2386 2426/2426/2426 2427/2427/2427 2387/2387/2387
f 2387/2387/2387 2427/2427/2427 2428/2428/2428 2388/2388/2388
f 2388/2388/2388 2428/2428/2428 2429/2429/2429 2389/2389/2389
f 2389/2389/2389 2429/2429/2429 2430/2430/2430 2390/2390/2390
f 2390/2390/2390 2430/2430/2430 2431/2431/2431 2391/2391/2391
f 2391/2391/2391 2431/2431/2431 2432/2432/2432 2392/2392/2392
f 2392/2392/2392 2432/2432/2432 2433/2433/2433 2393/2393/2393
f 2393/2393/2393 2433/2433/2433 2434/2434/2434 2394/2394/2394
f 2394/2394/2394 2434/2434/2434 2435/2435/2435 2395/2395/2395
f 2395/2395/2395 2435/2435/2435 2436/2436/2436 2396/2396/2396
f 2396/2396/2396 2436/2436/2436 2437/2437/2437 2397/2397/2397
f 2397/2397/2397 2437/2437/2437 2438/2438/2438 2398/2398/2398
f 2398/2398/2398 2438/2438/2438 2439/2439/2439 2399/2399/2399
f 2399/2399/2399 2439/2439/2439 2440/2440/2440 2400/2400/2400
f 2401/2401/2401 2441/2441/2441 2442/2442/2442 2402/2402/2402
f 2402/2402/2402 2442/2442/2442 2443/2443/2443 2403/2403/2403
f 2403/2403/2403 2443/2443/2443 2444/2444/2444 2404/2404/2404
f 2404/2404/2404 2444/2444/2444 2445/2445/2445 2405/2405/2405
f 2405/2405/2405 2445/2445/2445 2446/2446/2446 2406/2406/2406
f 2406/2406/2406 2446/2446/2446 2447/2447/2447 2407/2407/2407
f 2407/2407/2407 2447/2447/2447 2448/2448/2448 2408/2408/2408
f 2408/2408/2408 2448/2448/2448 2449/2449/2449 2409/2409/2409
f 2409/2409/2409 2449/2449/2449 2450/2450/2450 2410/2410/2410
f 2410/2410/2410 2450/2450/2450 2451/2451/2451 2411/2411/2411
f 2411/2411/2411 2451/2451/2451 2452/2452/2452 2412/2412/2412
f 2412/2412/2412 2452/2452/2452 2453/2453/2453 2413/2413/2413
f 2413/2413/2413 2453/2453/2453 2454/2454/2454 2414/2414/2414
f 2414/2414/2414 2454/2454/2454 2455/2455/2455 2415/2415/2415
f 2415/2415/2415 2455/2455/2455 2456/2456/2456 2416/2416/2416
f 2416/2416/2416 2456/2456/2456 2457/2457/2457 2417/2417/2417
f 2417/2417/2417 2457/2457/2457 2458/2458/2458 2418/2418/2418
f 2418/2418/2418 2458/2458/2458 2459/2459/2459 2419/2419/2419
f 2419/2419/2419 2459/2459/2459 2460/2460/2460 2420/2420/2420
f 2420/2420/2420 2460/2460/2460 2461/2461/2461 2421/2421/2421
f 2421/2421/2421 2461/2461/2461 2462/2462/2462 2422/2422/2422
f 2422/2422/2422 2462/2462/2462 2463/2463/2463 2423/2423/2423
f 2423/2423/2423 2463/2463/2463 2464/2464/2464 2424/2424/2424
f 2424/2424/2424 2464/2464/2464 2465/2465/2465 2425/2425/2425
f 2425/2425/2425 2465/2465/2465 2466/2466/2466 2426/2426/2426
f 2426/2426/2426 2466/2466/2466 2467/2467/2467 2427/2427/2427
f 2427/2427/2427 2467/2467/2467 2468/2468/2468 2428/2428/2428
f 2428/2428/2428 2468/2468/2468 2469/2469/2469 2429/2429/2429
f 2429/2429/2429 2469/2469/2469 2470/2470/2470 2430/2430/2430
f 2430/2430/2430 2470/2470/2470 2471/2471/2471 2431/2431/2431
f 2431/2431/2431 2471/2471/2471 2472/2472/2472 2432/2432/2432
f 2432/2432/2432 2472/2472/2472 2473/2473/2473 2433/2433/2433
f 2433/2433/2433 2473/2473/2473 2474/2474/2474 2434/2434/2434
f 2434/2434/2434 2474/2474/2474 2475/2475/2475 2435/2435/2435
f 2435/2435/2435 2475/2475/2475 2476/2476/2476 2436/2436/2436
f 2436/2436/2436 2476/2476/2476 2477/2477/2477 2437/2437/2437
f 2437/2437/2437 2477/2477/2477 2478/2478/2478 2438/2438/2438
f 2438/2438/2438 2478/2478/2478 2479/2479/2479 2439/2439/2439
f 2439/2439/2439 2479/2479/2479 2480/2480/2480 2440/2440/2440
f 2441/2441/2441 2481/2481/2481 2482/2482/2482 2442/2442/2442
f 2442/2442/2442 2482/2482/2482 2483/2483/2483 2443/2443/2443
f 2443/2443/2443 2483/2483/2483 2484/2484/2484 2444/2444/2444
f 2444/2444/2444 2484/2484/2484 2485/2485/2485 2445/2445/2445
f 2445/2445/2445 2485/2485/2485 2486/2486/2486 2446/2446/2446
f 2446/2446/2446 2486/2486/2486 2487/2487/2487 2447/2447/2447
f 2447/2447/2447 2487/2487/2487 2488/2488/2488 2448/2448/2448
f 2448/2448/2448 2488/2488/2488 2489/2489/2489 2449/2449/2449
f 2449/2449/2449 2489/2489/2489 2490/2490/2490 2450/2450/2450
f 2450/2450/2450 2490/2490/2490 2491/2491/2491 2451/2451/2451
f 2451/2451/2451 2491/2491/2491 2492/2492/2492 2452/2452/2452
f 2452/2452/2452 2492/2492/2492 2493/2493/2493 2453/2453/2453
f 2453/2453/2453 2493/2493/2493 2494/2494/2494 2454/2454/2454
f 2454/2454/2454 2494/2494/2494 2495/2495/2495 2455/2455/2455
f 2455/2455/2455 2495/2495/2495 2496/2496/2496 2456/2456/2456
f 2456/2456/2456 2496/2496/2496 2497/2497/2497 2457/2457/2457
f 2457/2457/2457 2497/2497/2497 2498/2498/2498 2458/2458/2458
f 2458/2458/2458 2498/2498/2498 2499/2499/2499 2459/2459/2459
f 2459/2459/2459 2499/2499/2499 2500/2500/2500 2460/2460/2460
f 2460/2460/2460 2500/2500/2500 2501/2501/2501 2461/2461/2461
f 2461/2461/2461 2501/2501/2501 2502/2502/2502 2462/2462/2462
f 2462/2462/2462 2502/2502/2502 2503/2503/2503 2463/2463/2463
f 2463/2463/2463 2503/2503/2503 2504/2504/2504 2464/2464/2464
f 2464/2464/2464 2504/2504/2504 2505/2505/2505 2465/2465/2465
f 2465/2465/2465 2505/2505/2505 2506/2506/2506 2466/2466/2466
f 2466/2466/2466 2506/2506/2506 2507/2507/2507 2467/2467/2467
f 2467/2467/2467 2507/2507/2507 2508/2508/2508 2468/2468/2468
f 2468/2468/2468 2508/2508/2508 2509/2509/2509 2469/2469/2469
f 2469/2469/2469 2509/2509/2509 2510/2510/2510 2470/2470/2470
f 2470/2470/2470 2510/2510/2510 2511/2511/2511 2471/2471/2471
f 2471/2471/2471 2511/2511/2511 2512/2512/2512 2472/2472/2472
f 2472/2472/2472 2512/2512/2512 2513/2513/2513 2473/2473/2473
f 2473/2473/2473 2513/2513/2513 2514/2514/2514 2474/2474/2474
f 2474/2474/2474 2514/2514/2514 2515/2515/2515 2475/2475/2475
f 2475/2475/2475 2515/2515/2515 2516/2516/2516 2476/2476/2476
f 2476/2476/2476 2516/2516/2516 2517/2517/2517 2477/2477/2477
f 2477/2477/2477 2517/2517/2517 2518/2518/2518 2478/2478/2478
f 2478/2478/2478 2518/2518/2518 2519/2519/2519 2479/2479/2479
f 2479/2479/2479 2519/2519/2519 2520/2520/2520 2480/2480/2480
f 2481/2481/2481 2521/2521/2521 2522/2522/2522 2482/2482/2482
f 2482/2482/2482 2522/2522/2522 2523/2523/2523 2483/2483/2483
f 2483/2483/2483 2523/2523/2523 2524/2524/2524 2484/2484/2484
f 2484/2484/2484 2524/2524/2524 2525/2525/2525 2485/2485/2485
f 2485/2485/2485 2525/2525/2525 2526/2526/2526 2486/2486/2486
f 2486/2486/2486 2526/2526/2526 2527/2527/2527 2487/2487/2487
f 2487/2487/2487 2527/2527/2527 2528/2528/2528 2488/2488/2488
f 2488/2488/2488 2528/2528/2528 2529/2529/2529 2489/2489/2489
f 2489/2489/2489 2529/2529/2529 2530/2530/2530 2490/2490/2490
f 2490/2490/2490 2530/2530/2530 2531/2531/2531 2491/2491/2491
f 2491/2491/2491 2531/2531/2531 2532/2532/2532 2492/2492/2492
f 2492/2492/2492 2532/2532/2532 2533/2533/2533 2493/2493/2493
f 2493/2493/2493 2533/2533/2533 2534/2534/2534 2494/2494/2494
f 2494/2494/2494 2534/2534/2534 2535/2535/2535 2495/2495/2495
f 2495/2495/2495 2535/2535/2535 2536/2536/2536 2496/2496/2496
f 2496/2496/2496 2536/2536/2536 2537/2537/2537 2497/2497/2497
f 2497/2497/2497 2537/2537/2537 2538/2538/2538 2498/2498/2498
f 2498/2498/2498 2538/2538/2538 2539/2539/2539 2499/2499/2499
f 2499/2499/2499 2539/2539/2539 2540/2540/2540 2500/2500/2500
f 2500/2500/2500 2540/2540/2540 2541/2541/2541 2501/2501/2501
f 2501/2501/2501 2541/2541/2541 2542/2542/2542 2502/2502/2502
f 2502/2502/2502 2542/2542/2542 2543/2543/2543 2503/2503/2503
f 2503/2503/2503 2543/2543/2543 2544/2544/2544 2504/2504/2504
f 2504/2504/2504 2544/2544/2544 2545/2545/2545 2505/2505/2505
f 2505/2505/2505 2545/2545/2545 2546/2546/2546 2506/2506/2506
f 2506/2506/2506 2546/2546/2546 2547/2547/2547 2507/2507/2507
f 2507/2507/2507 2547/2547/2547 2548/2548/2548 2508/2508/2508
f 2508/2508/2508 2548/2548/2548 2549/2549/2549 2509/2509/2509
f 2509/2509/2509 2549/2549/2549 2550/2550/2550 2510/2510/2510
f 2510/2510/2510 2550/2550/2550 2551/2551/2551 2511/2511/2511
f 2511/2511/2511 2551/2551/2551 2552/2552/2552 2512/2512/2512
f 2512/2512/2512 2552/2552/2552 2553/2553/2553 2513/2513/2513
f 2513/2513/2513 2553/2553/2553 2554/2554/2554 2514/2514/2514
f 2514/2514/2514 2554/2554/2554 2555/2555/2555 2515/2515/2515
f 2515/2515/2515 2555/2555/2555 2556/2556/2556 2516/2516/2516
f 2516/2516/2516 2556/2556/2556 2557/2557/2557 2517/2517/2517
f 2517/2517/2517 2557/2557/2557 2558/2558/2558 2518/2518/2518
f 2518/2518/2518 2558/2558/2558 2559/2559/2559 2519/2519/2519
f 2519/2519/2519 2559/2559/2559 2560/2560/2560 2520/2520/2520
f 2521/2521/2521 2561/2561/2561 2562/2562/2562 2522/2522/2522
f 2522/2522/2522 2562/2562/2562 2563/2563/2563 2523/2523/2523
f 2523/2523/2523 2563/2563/2563 2564/2564/2564 2524/2524/2524
f 2524/2524/2524 2564/2564/2564 2565/2565/2565 2525/2525/2525
f 2525/2525/2525 2565/2565/2565 2566/2566/2566 2526/2526/2526
f 2526/2526/2526 2566/2566/2566 2567/2567/2567 2527/2527/2527
f 2527/2527/2527 2567/2567/2567 2568/2568/2568 2528/2528/2528
f 2528/2528/2528 2568/2568/2568 2569/2569/2569 2529/2529/2529
f 2529/2529/2529 2569/2569/2569 2570/2570/2570 2530/2530/2530
f 2530/2530/2530 2570/2570/2570 2571/2571/2571 2531/2531/2531
f 2531/2531/2531 2571/2571/2571 2572/2572/2572 2532/2532/2532
f 2532/2532/2532 2572/2572/2572 2573/2573/2573 2533/2533/2533
f 2533/2533/2533 2573/2573/2573 2574/2574/2574 2534/2534/2534
f 2534/2534/2534 2574/2574/2574 2575/2575/2575 2535/2535/2535
f 2535/2535/2535 2575/2575/2575 2576/2576/2576 2536/2536/2536
f 2536/2536/2536 2576/2576/2576 2577/2577/2577 2537/2537/2537
f 2537/2537/2537 2577/2577/2577 2578/2578/2578 2538/2538/2538
f 2538/2538/2538 2578/2578/2578 2579/2579/2579 2539/2539/2539
f 2539/2539/2539 2579/2579/2579 2580/2580/2580 2540/2540/2540
f 2540/2540/2540 2580/2580/2580 2581/2581/2581 2541/2541/2541
f 2541/2541/2541 2581/2581/2581 2582/2582/2582 2542/2542/2542
f 2542/2542/2542 2582/2582/2582 2583/2583/2583 2543/2543/2543
f 2543/2543/2543 2583/2583/2583 2584/2584/2584 2544/2544/2544
f 2544/2544/2544 2584/2584/2584 2585/2585/2585 2545/2545/2545
f 2545/2545/2545 2585/2585/2585 2586/2586/2586 2546/2546/2546
f 2546/2546/2546 2586/2586/2586 2587/2587/2587 2547/2547/2547
f 2547/2547/2547 2587/2587/2587 2588/2588/2588 2548/2548/2548
f 2548/2548/2548 2588/2588/2588 2589/2589/2589 2549/2549/2549
f 2549/2549/2549 2589/2589/2589 2590/2590/2590 2550/2550/2550
f 2550/2550/2550 2590/2590/2590 2591/2591/2591 2551/2551/2551
f 2551/2551/2551 2591/2591/2591 2592/2592/2592 2552/2552/2552
f 2552/2552/2552 2592/2592/2592 2593/2593/2593 2553/2553/2553
f 2553/2553/2553 2593/2593/2593 2594/2594/2594 2554/2554/2554
f 2554/2554/2554 2594/2594/2594 2595/2595/2595 2555/2555/2555
f 2555/2555/2555 2595/2595/2595 2596/2596/2596 2556/2556/2556
f 2556/2556/2556 2596/2596/2596 2597/2597/2597 2557/2557/2557
f 2557/2557/2557 2597/2597/2597 2598/2598/2598 2558/2558/2558
f 2558/2558/2558 2598/2598/2598 2599/2599/2599 2559/2559/2559
f 2559/2559/2559 2599/2599/2599 2600/2600/2600 2560/2560/2560

g Bottle_Label
usemtl Mat_Shrink_Sleeve
s 1
f 2601/2601/2601 2633/2633/2633 2634/2634/2634 2602/2602/2602
f 2602/2602/2602 2634/2634/2634 2635/2635/2635 2603/2603/2603
f 2603/2603/2603 2635/2635/2635 2636/2636/2636 2604/2604/2604
f 2604/2604/2604 2636/2636/2636 2637/2637/2637 2605/2605/2605
f 2605/2605/2605 2637/2637/2637 2638/2638/2638 2606/2606/2606
f 2606/2606/2606 2638/2638/2638 2639/2639/2639 2607/2607/2607
f 2607/2607/2607 2639/2639/2639 2640/2640/2640 2608/2608/2608
f 2608/2608/2608 2640/2640/2640 2641/2641/2641 2609/2609/2609
f 2609/2609/2609 2641/2641/2641 2642/2642/2642 2610/2610/2610
f 2610/2610/2610 2642/2642/2642 2643/2643/2643 2611/2611/2611
f 2611/2611/2611 2643/2643/2643 2644/2644/2644 2612/2612/2612
f 2612/2612/2612 2644/2644/2644 2645/2645/2645 2613/2613/2613
f 2613/2613/2613 2645/2645/2645 2646/2646/2646 2614/2614/2614
f 2614/2614/2614 2646/2646/2646 2647/2647/2647 2615/2615/2615
f 2615/2615/2615 2647/2647/2647 2648/2648/2648 2616/2616/2616
f 2616/2616/2616 2648/2648/2648 2649/2649/2649 2617/2617/2617
f 2617/2617/2617 2649/2649/2649 2650/2650/2650 2618/2618/2618
f 2618/2618/2618 2650/2650/2650 2651/2651/2651 2619/2619/2619
f 2619/2619/2619 2651/2651/2651 2652/2652/2652 2620/2620/2620
f 2620/2620/2620 2652/2652/2652 2653/2653/2653 2621/2621/2621
f 2621/2621/2621 2653/2653/2653 2654/2654/2654 2622/2622/2622
f 2622/2622/2622 2654/2654/2654 2655/2655/2655 2623/2623/2623
f 2623/2623/2623 2655/2655/2655 2656/2656/2656 2624/2624/2624
f 2624/2624/2624 2656/2656/2656 2657/2657/2657 2625/2625/2625
f 2625/2625/2625 2657/2657/2657 2658/2658/2658 2626/2626/2626
f 2626/2626/2626 2658/2658/2658 2659/2659/2659 2627/2627/2627
f 2627/2627/2627 2659/2659/2659 2660/2660/2660 2628/2628/2628
f 2628/2628/2628 2660/2660/2660 2661/2661/2661 2629/2629/2629
f 2629/2629/2629 2661/2661/2661 2662/2662/2662 2630/2630/2630
f 2630/2630/2630 2662/2662/2662 2663/2663/2663 2631/2631/2631
f 2631/2631/2631 2663/2663/2663 2664/2664/2664 2632/2632/2632
f 2633/2633/2633 2665/2665/2665 2666/2666/2666 2634/2634/2634
f 2634/2634/2634 2666/2666/2666 2667/2667/2667 2635/2635/2635
f 2635/2635/2635 2667/2667/2667 2668/2668/2668 2636/2636/2636
f 2636/2636/2636 2668/2668/2668 2669/2669/2669 2637/2637/2637
f 2637/2637/2637 2669/2669/2669 2670/2670/2670 2638/2638/2638
f 2638/2638/2638 2670/2670/2670 2671/2671/2671 2639/2639/2639
f 2639/2639/2639 2671/2671/2671 2672/2672/2672 2640/2640/2640
f 2640/2640/2640 2672/2672/2672 2673/2673/2673 2641/2641/2641
f 2641/2641/2641 2673/2673/2673 2674/2674/2674 2642/2642/2642
f 2642/2642/2642 2674/2674/2674 2675/2675/2675 2643/2643/2643
f 2643/2643/2643 2675/2675/2675 2676/2676/2676 2644/2644/2644
f 2644/2644/2644 2676/2676/2676 2677/2677/2677 2645/2645/2645
f 2645/2645/2645 2677/2677/2677 2678/2678/2678 2646/2646/2646
f 2646/2646/2646 2678/2678/2678 2679/2679/2679 2647/2647/2647
f 2647/2647/2647 2679/2679/2679 2680/2680/2680 2648/2648/2648
f 2648/2648/2648 2680/2680/2680 2681/2681/2681 2649/2649/2649
f 2649/2649/2649 2681/2681/2681 2682/2682/2682 2650/2650/2650
f 2650/2650/2650 2682/2682/2682 2683/2683/2683 2651/2651/2651
f 2651/2651/2651 2683/2683/2683 2684/2684/2684 2652/2652/2652
f 2652/2652/2652 2684/2684/2684 2685/2685/2685 2653/2653/2653
f 2653/2653/2653 2685/2685/2685 2686/2686/2686 2654/2654/2654
f 2654/2654/2654 2686/2686/2686 2687/2687/2687 2655/2655/2655
f 2655/2655/2655 2687/2687/2687 2688/2688/2688 2656/2656/2656
f 2656/2656/2656 2688/2688/2688 2689/2689/2689 2657/2657/2657
f 2657/2657/2657 2689/2689/2689 2690/2690/2690 2658/2658/2658
f 2658/2658/2658 2690/2690/2690 2691/2691/2691 2659/2659/2659
f 2659/2659/2659 2691/2691/2691 2692/2692/2692 2660/2660/2660
f 2660/2660/2660 2692/2692/2692 2693/2693/2693 2661/2661/2661
f 2661/2661/2661 2693/2693/2693 2694/2694/2694 2662/2662/2662
f 2662/2662/2662 2694/2694/2694 2695/2695/2695 2663/2663/2663
f 2663/2663/2663 2695/2695/2695 2696/2696/2696 2664/2664/2664
f 2665/2665/2665 2697/2697/2697 2698/2698/2698 2666/2666/2666
f 2666/2666/2666 2698/2698/2698 2699/2699/2699 2667/2667/2667
f 2667/2667/2667 2699/2699/2699 2700/2700/2700 2668/2668/2668
f 2668/2668/2668 2700/2700/2700 2701/2701/2701 2669/2669/2669
f 2669/2669/2669 2701/2701/2701 2702/2702/2702 2670/2670/2670
f 2670/2670/2670 2702/2702/2702 2703/2703/2703 2671/2671/2671
f 2671/2671/2671 2703/2703/2703 2704/2704/2704 2672/2672/2672
f 2672/2672/2672 2704/2704/2704 2705/2705/2705 2673/2673/2673
f 2673/2673/2673 2705/2705/2705 2706/2706/2706 2674/2674/2674
f 2674/2674/2674 2706/2706/2706 2707/2707/2707 2675/2675/2675
f 2675/2675/2675 2707/2707/2707 2708/2708/2708 2676/2676/2676
f 2676/2676/2676 2708/2708/2708 2709/2709/2709 2677/2677/2677
f 2677/2677/2677 2709/2709/2709 2710/2710/2710 2678/2678/2678
f 2678/2678/2678 2710/2710/2710 2711/2711/2711 2679/2679/2679
f 2679/2679/2679 2711/2711/2711 2712/2712/2712 2680/2680/2680
f 2680/2680/2680 2712/2712/2712 2713/2713/2713 2681/2681/2681
f 2681/2681/2681 2713/2713/2713 2714/2714/2714 2682/2682/2682
f 2682/2682/2682 2714/2714/2714 2715/2715/2715 2683/2683/2683
f 2683/2683/2683 2715/2715/2715 2716/2716/2716 2684/2684/2684
f 2684/2684/2684 2716/2716/2716 2717/2717/2717 2685/2685/2685
f 2685/2685/2685 2717/2717/2717 2718/2718/2718 2686/2686/2686
f 2686/2686/2686 2718/2718/2718 2719/2719/2719 2687/2687/2687
f 2687/2687/2687 2719/2719/2719 2720/2720/2720 2688/2688/2688
f 2688/2688/2688 2720/2720/2720 2721/2721/2721 2689/2689/2689
f 2689/2689/2689 2721/2721/2721 2722/2722/2722 2690/2690/2690
f 2690/2690/2690 2722/2722/2722 2723/2723/2723 2691/2691/2691
f 2691/2691/2691 2723/2723/2723 2724/2724/2724 2692/2692/2692
f 2692/2692/2692 2724/2724/2724 2725/2725/2725 2693/2693/2693
f 2693/2693/2693 2725/2725/2725 2726/2726/2726 2694/2694/2694
f 2694/2694/2694 2726/2726/2726 2727/2727/2727 2695/2695/2695
f 2695/2695/2695 2727/2727/2727 2728/2728/2728 2696/2696/2696
f 2697/2697/2697 2729/2729/2729 2730/2730/2730 2698/2698/2698
f 2698/2698/2698 2730/2730/2730 2731/2731/2731 2699/2699/2699
f 2699/2699/2699 2731/2731/2731 2732/2732/2732 2700/2700/2700
f 2700/2700/2700 2732/2732/2732 2733/2733/2733 2701/2701/2701
f 2701/2701/2701 2733/2733/2733 2734/2734/2734 2702/2702/2702
f 2702/2702/2702 2734/2734/2734 2735/2735/2735 2703/2703/2703
f 2703/2703/2703 2735/2735/2735 2736/2736/2736 2704/2704/2704
f 2704/2704/2704 2736/2736/2736 2737/2737/2737 2705/2705/2705
f 2705/2705/2705 2737/2737/2737 2738/2738/2738 2706/2706/2706
f 2706/2706/2706 2738/2738/2738 2739/2739/2739 2707/2707/2707
f 2707/2707/2707 2739/2739/2739 2740/2740/2740 2708/2708/2708
f 2708/2708/2708 2740/2740/2740 2741/2741/2741 2709/2709/2709
f 2709/2709/2709 2741/2741/2741 2742/2742/2742 2710/2710/2710
f 2710/2710/2710 2742/2742/2742 2743/2743/2743 2711/2711/2711
f 2711/2711/2711 2743/2743/2743 2744/2744/2744 2712/2712/2712
f 2712/2712/2712 2744/2744/2744 2745/2745/2745 2713/2713/2713
f 2713/2713/2713 2745/2745/2745 2746/2746/2746 2714/2714/2714
f 2714/2714/2714 2746/2746/2746 2747/2747/2747 2715/2715/2715
f 2715/2715/2715 2747/2747/2747 2748/2748/2748 2716/2716/2716
f 2716/2716/2716 2748/2748/2748 2749/2749/2749 2717/2717/2717
f 2717/2717/2717 2749/2749/2749 2750/2750/2750 2718/2718/2718
f 2718/2718/2718 2750/2750/2750 2751/2751/2751 2719/2719/2719
f 2719/2719/2719 2751/2751/2751 2752/2752/2752 2720/2720/2720
f 2720/2720/2720 2752/2752/2752 2753/2753/2753 2721/2721/2721
f 2721/2721/2721 2753/2753/2753 2754/2754/2754 2722/2722/2722
f 2722/2722/2722 2754/2754/2754 2755/2755/2755 2723/2723/2723
f 2723/2723/2723 2755/2755/2755 2756/2756/2756 2724/2724/2724
f 2724/2724/2724 2756/2756/2756 2757/2757/2757 2725/2725/2725
f 2725/2725/2725 2757/2757/2757 2758/2758/2758 2726/2726/2726
f 2726/2726/2726 2758/2758/2758 2759/2759/2759 2727/2727/2727
f 2727/2727/2727 2759/2759/2759 2760/2760/2760 2728/2728/2728
f 2729/2729/2729 2761/2761/2761 2762/2762/2762 2730/2730/2730
f 2730/2730/2730 2762/2762/2762 2763/2763/2763 2731/2731/2731
f 2731/2731/2731 2763/2763/2763 2764/2764/2764 2732/2732/2732
f 2732/2732/2732 2764/2764/2764 2765/2765/2765 2733/2733/2733
f 2733/2733/2733 2765/2765/2765 2766/2766/2766 2734/2734/2734
f 2734/2734/2734 2766/2766/2766 2767/2767/2767 2735/2735/2735
f 2735/2735/2735 2767/2767/2767 2768/2768/2768 2736/2736/2736
f 2736/2736/2736 2768/2768/2768 2769/2769/2769 2737/2737/2737
f 2737/2737/2737 2769/2769/2769 2770/2770/2770 2738/2738/2738
f 2738/2738/2738 2770/2770/2770 2771/2771/2771 2739/2739/2739
f 2739/2739/2739 2771/2771/2771 2772/2772/2772 2740/2740/2740
f 2740/2740/2740 2772/2772/2772 2773/2773/2773 2741/2741/2741
f 2741/2741/2741 2773/2773/2773 2774/2774/2774 2742/2742/2742
f 2742/2742/2742 2774/2774/2774 2775/2775/2775 2743/2743/2743
f 2743/2743/2743 2775/2775/2775 2776/2776/2776 2744/2744/2744
f 2744/2744/2744 2776/2776/2776 2777/2777/2777 2745/2745/2745
f 2745/2745/2745 2777/2777/2777 2778/2778/2778 2746/2746/2746
f 2746/2746/2746 2778/2778/2778 2779/2779/2779 2747/2747/2747
f 2747/2747/2747 2779/2779/2779 2780/2780/2780 2748/2748/2748
f 2748/2748/2748 2780/2780/2780 2781/2781/2781 2749/2749/2749
f 2749/2749/2749 2781/2781/2781 2782/2782/2782 2750/2750/2750
f 2750/2750/2750 2782/2782/2782 2783/2783/2783 2751/2751/2751
f 2751/2751/2751 2783/2783/2783 2784/2784/2784 2752/2752/2752
f 2752/2752/2752 2784/2784/2784 2785/2785/2785 2753/2753/2753
f 2753/2753/2753 2785/2785/2785 2786/2786/2786 2754/2754/2754
f 2754/2754/2754 2786/2786/2786 2787/2787/2787 2755/2755/2755
f 2755/2755/2755 2787/2787/2787 2788/2788/2788 2756/2756/2756
f 2756/2756/2756 2788/2788/2788 2789/2789/2789 2757/2757/2757
f 2757/2757/2757 2789/2789/2789 2790/2790/2790 2758/2758/2758
f 2758/2758/2758 2790/2790/2790 2791/2791/2791 2759/2759/2759
f 2759/2759/2759 2791/2791/2791 2792/2792/2792 2760/2760/2760
f 2761/2761/2761 2793/2793/2793 2794/2794/2794 2762/2762/2762
f 2762/2762/2762 2794/2794/2794 2795/2795/2795 2763/2763/2763
f 2763/2763/2763 2795/2795/2795 2796/2796/2796 2764/2764/2764
f 2764/2764/2764 2796/2796/2796 2797/2797/2797 2765/2765/2765
f 2765/2765/2765 2797/2797/2797 2798/2798/2798 2766/2766/2766
f 2766/2766/2766 2798/2798/2798 2799/2799/2799 2767/2767/2767
f 2767/2767/2767 2799/2799/2799 2800/2800/2800 2768/2768/2768
f 2768/2768/2768 2800/2800/2800 2801/2801/2801 2769/2769/2769
f 2769/2769/2769 2801/2801/2801 2802/2802/2802 2770/2770/2770
f 2770/2770/2770 2802/2802/2802 2803/2803/2803 2771/2771/2771
f 2771/2771/2771 2803/2803/2803 2804/2804/2804 2772/2772/2772
f 2772/2772/2772 2804/2804/2804 2805/2805/2805 2773/2773/2773
f 2773/2773/2773 2805/2805/2805 2806/2806/2806 2774/2774/2774
f 2774/2774/2774 2806/2806/2806 2807/2807/2807 2775/2775/2775
f 2775/2775/2775 2807/2807/2807 2808/2808/2808 2776/2776/2776
f 2776/2776/2776 2808/2808/2808 2809/2809/2809 2777/2777/2777
f 2777/2777/2777 2809/2809/2809 2810/2810/2810 2778/2778/2778
f 2778/2778/2778 2810/2810/2810 2811/2811/2811 2779/2779/2779
f 2779/2779/2779 2811/2811/2811 2812/2812/2812 2780/2780/2780
f 2780/2780/2780 2812/2812/2812 2813/2813/2813 2781/2781/2781
f 2781/2781/2781 2813/2813/2813 2814/2814/2814 2782/2782/2782
f 2782/2782/2782 2814/2814/2814 2815/2815/2815 2783/2783/2783
f 2783/2783/2783 2815/2815/2815 2816/2816/2816 2784/2784/2784
f 2784/2784/2784 2816/2816/2816 2817/2817/2817 2785/2785/2785
f 2785/2785/2785 2817/2817/2817 2818/2818/2818 2786/2786/2786
f 2786/2786/2786 2818/2818/2818 2819/2819/2819 2787/2787/2787
f 2787/2787/2787 2819/2819/2819 2820/2820/2820 2788/2788/2788
f 2788/2788/2788 2820/2820/2820 2821/2821/2821 2789/2789/2789
f 2789/2789/2789 2821/2821/2821 2822/2822/2822 2790/2790/2790
f 2790/2790/2790 2822/2822/2822 2823/2823/2823 2791/2791/2791
f 2791/2791/2791 2823/2823/2823 2824/2824/2824 2792/2792/2792
f 2793/2793/2793 2825/2825/2825 2826/2826/2826 2794/2794/2794
f 2794/2794/2794 2826/2826/2826 2827/2827/2827 2795/2795/2795
f 2795/2795/2795 2827/2827/2827 2828/2828/2828 2796/2796/2796
f 2796/2796/2796 2828/2828/2828 2829/2829/2829 2797/2797/2797
f 2797/2797/2797 2829/2829/2829 2830/2830/2830 2798/2798/2798
f 2798/2798/2798 2830/2830/2830 2831/2831/2831 2799/2799/2799
f 2799/2799/2799 2831/2831/2831 2832/2832/2832 2800/2800/2800
f 2800/2800/2800 2832/2832/2832 2833/2833/2833 2801/2801/2801
f 2801/2801/2801 2833/2833/2833 2834/2834/2834 2802/2802/2802
f 2802/2802/2802 2834/2834/2834 2835/2835/2835 2803/2803/2803
f 2803/2803/2803 2835/2835/2835 2836/2836/2836 2804/2804/2804
f 2804/2804/2804 2836/2836/2836 2837/2837/2837 2805/2805/2805
f 2805/2805/2805 2837/2837/2837 2838/2838/2838 2806/2806/2806
f 2806/2806/2806 2838/2838/2838 2839/2839/2839 2807/2807/2807
f 2807/2807/2807 2839/2839/2839 2840/2840/2840 2808/2808/2808
f 2808/2808/2808 2840/2840/2840 2841/2841/2841 2809/2809/2809
f 2809/2809/2809 2841/2841/2841 2842/2842/2842 2810/2810/2810
f 2810/2810/2810 2842/2842/2842 2843/2843/2843 2811/2811/2811
f 2811/2811/2811 2843/2843/2843 2844/2844/2844 2812/2812/2812
f 2812/2812/2812 2844/2844/2844 2845/2845/2845 2813/2813/2813
f 2813/2813/2813 2845/2845/2845 2846/2846/2846 2814/2814/2814
f 2814/2814/2814 2846/2846/2846 2847/2847/2847 2815/2815/2815
f 2815/2815/2815 2847/2847/2847 2848/2848/2848 2816/2816/2816
f 2816/2816/2816 2848/2848/2848 2849/2849/2849 2817/2817/2817
f 2817/2817/2817 2849/2849/2849 2850/2850/2850 2818/2818/2818
f 2818/2818/2818 2850/2850/2850 2851/2851/2851 2819/2819/2819
f 2819/2819/2819 2851/2851/2851 2852/2852/2852 2820/2820/2820
f 2820/2820/2820 2852/2852/2852 2853/2853/2853 2821/2821/2821
f 2821/2821/2821 2853/2853/2853 2854/2854/2854 2822/2822/2822
f 2822/2822/2822 2854/2854/2854 2855/2855/2855 2823/2823/2823
f 2823/2823/2823 2855/2855/2855 2856/2856/2856 2824/2824/2824
f 2825/2825/2825 2857/2857/2857 2858/2858/2858 2826/2826/2826
f 2826/2826/2826 2858/2858/2858 2859/2859/2859 2827/2827/2827
f 2827/2827/2827 2859/2859/2859 2860/2860/2860 2828/2828/2828
f 2828/2828/2828 2860/2860/2860 2861/2861/2861 2829/2829/2829
f 2829/2829/2829 2861/2861/2861 2862/2862/2862 2830/2830/2830
f 2830/2830/2830 2862/2862/2862 2863/2863/2863 2831/2831/2831
f 2831/2831/2831 2863/2863/2863 2864/2864/2864 2832/2832/2832
f 2832/2832/2832 2864/2864/2864 2865/2865/2865 2833/2833/2833
f 2833/2833/2833 2865/2865/2865 2866/2866/2866 2834/2834/2834
f 2834/2834/2834 2866/2866/2866 2867/2867/2867 2835/2835/2835
f 2835/2835/2835 2867/2867/2867 2868/2868/2868 2836/2836/2836
f 2836/2836/2836 2868/2868/2868 2869/2869/2869 2837/2837/2837
f 2837/2837/2837 2869/2869/2869 2870/2870/2870 2838/2838/2838
f 2838/2838/2838 2870/2870/2870 2871/2871/2871 2839/2839/2839
f 2839/2839/2839 2871/2871/2871 2872/2872/2872 2840/2840/2840
f 2840/2840/2840 2872/2872/2872 2873/2873/2873 2841/2841/2841
f 2841/2841/2841 2873/2873/2873 2874/2874/2874 2842/2842/2842
f 2842/2842/2842 2874/2874/2874 2875/2875/2875 2843/2843/2843
f 2843/2843/2843 2875/2875/2875 2876/2876/2876 2844/2844/2844
f 2844/2844/2844 2876/2876/2876 2877/2877/2877 2845/2845/2845
f 2845/2845/2845 2877/2877/2877 2878/2878/2878 2846/2846/2846
f 2846/2846/2846 2878/2878/2878 2879/2879/2879 2847/2847/2847
f 2847/2847/2847 2879/2879/2879 2880/2880/2880 2848/2848/2848
f 2848/2848/2848 2880/2880/2880 2881/2881/2881 2849/2849/2849
f 2849/2849/2849 2881/2881/2881 2882/2882/2882 2850/2850/2850
f 2850/2850/2850 2882/2882/2882 2883/2883/2883 2851/2851/2851
f 2851/2851/2851 2883/2883/2883 2884/2884/2884 2852/2852/2852
f 2852/2852/2852 2884/2884/2884 2885/2885/2885 2853/2853/2853
f 2853/2853/2853 2885/2885/2885 2886/2886/2886 2854/2854/2854
f 2854/2854/2854 2886/2886/2886 2887/2887/2887 2855/2855/2855
f 2855/2855/2855 2887/2887/2887 2888/2888/2888 2856/2856/2856
f 2857/2857/2857 2889/2889/2889 2890/2890/2890 2858/2858/2858
f 2858/2858/2858 2890/2890/2890 2891/2891/2891 2859/2859/2859
f 2859/2859/2859 2891/2891/2891 2892/2892/2892 2860/2860/2860
f 2860/2860/2860 2892/2892/2892 2893/2893/2893 2861/2861/2861
f 2861/2861/2861 2893/2893/2893 2894/2894/2894 2862/2862/2862
f 2862/2862/2862 2894/2894/2894 2895/2895/2895 2863/2863/2863
f 2863/2863/2863 2895/2895/2895 2896/2896/2896 2864/2864/2864
f 2864/2864/2864 2896/2896/2896 2897/2897/2897 2865/2865/2865
f 2865/2865/2865 2897/2897/2897 2898/2898/2898 2866/2866/2866
f 2866/2866/2866 2898/2898/2898 2899/2899/2899 2867/2867/2867
f 2867/2867/2867 2899/2899/2899 2900/2900/2900 2868/2868/2868
f 2868/2868/2868 2900/2900/2900 2901/2901/2901 2869/2869/2869
f 2869/2869/2869 2901/2901/2901 2902/2902/2902 2870/2870/2870
f 2870/2870/2870 2902/2902/2902 2903/2903/2903 2871/2871/2871
f 2871/2871/2871 2903/2903/2903 2904/2904/2904 2872/2872/2872
f 2872/2872/2872 2904/2904/2904 2905/2905/2905 2873/2873/2873
f 2873/2873/2873 2905/2905/2905 2906/2906/2906 2874/2874/2874
f 2874/2874/2874 2906/2906/2906 2907/2907/2907 2875/2875/2875
f 2875/2875/2875 2907/2907/2907 2908/2908/2908 2876/2876/2876
f 2876/2876/2876 2908/2908/2908 2909/2909/2909 2877/2877/2877
f 2877/2877/2877 2909/2909/2909 2910/2910/2910 2878/2878/2878
f 2878/2878/2878 2910/2910/2910 2911/2911/2911 2879/2879/2879
f 2879/2879/2879 2911/2911/2911 2912/2912/2912 2880/2880/2880
f 2880/2880/2880 2912/2912/2912 2913/2913/2913 2881/2881/2881
f 2881/2881/2881 2913/2913/2913 2914/2914/2914 2882/2882/2882
f 2882/2882/2882 2914/2914/2914 2915/2915/2915 2883/2883/2883
f 2883/2883/2883 2915/2915/2915 2916/2916/2916 2884/2884/2884
f 2884/2884/2884 2916/2916/2916 2917/2917/2917 2885/2885/2885
f 2885/2885/2885 2917/2917/2917 2918/2918/2918 2886/2886/2886
f 2886/2886/2886 2918/2918/2918 2919/2919/2919 2887/2887/2887
f 2887/2887/2887 2919/2919/2919 2920/2920/2920 2888/2888/2888
f 2889/2889/2889 2921/2921/2921 2922/2922/2922 2890/2890/2890
f 2890/2890/2890 2922/2922/2922 2923/2923/2923 2891/2891/2891
f 2891/2891/2891 2923/2923/2923 2924/2924/2924 2892/2892/2892
f 2892/2892/2892 2924/2924/2924 2925/2925/2925 2893/2893/2893
f 2893/2893/2893 2925/2925/2925 2926/2926/2926 2894/2894/2894
f 2894/2894/2894 2926/2926/2926 2927/2927/2927 2895/2895/2895
f 2895/2895/2895 2927/2927/2927 2928/2928/2928 2896/2896/2896
f 2896/2896/2896 2928/2928/2928 2929/2929/2929 2897/2897/2897
f 2897/2897/2897 2929/2929/2929 2930/2930/2930 2898/2898/2898
f 2898/2898/2898 2930/2930/2930 2931/2931/2931 2899/2899/2899
f 2899/2899/2899 2931/2931/2931 2932/2932/2932 2900/2900/2900
f 2900/2900/2900 2932/2932/2932 2933/2933/2933 2901/2901/2901
f 2901/2901/2901 2933/2933/2933 2934/2934/2934 2902/2902/2902
f 2902/2902/2902 2934/2934/2934 2935/2935/2935 2903/2903/2903
f 2903/2903/2903 2935/2935/2935 2936/2936/2936 2904/2904/2904
f 2904/2904/2904 2936/2936/2936 2937/2937/2937 2905/2905/2905
f 2905/2905/2905 2937/2937/2937 2938/2938/2938 2906/2906/2906
f 2906/2906/2906 2938/2938/2938 2939/2939/2939 2907/2907/2907
f 2907/2907/2907 2939/2939/2939 2940/2940/2940 2908/2908/2908
f 2908/2908/2908 2940/2940/2940 2941/2941/2941 2909/2909/2909
f 2909/2909/2909 2941/2941/2941 2942/2942/2942 2910/2910/2910
f 2910/2910/2910 2942/2942/2942 2943/2943/2943 2911/2911/2911
f 2911/2911/2911 2943/2943/2943 2944/2944/2944 2912/2912/2912
f 2912/2912/2912 2944/2944/2944 2945/2945/2945 2913/2913/2913
f 2913/2913/2913 2945/2945/2945 2946/2946/2946 2914/2914/2914
f 2914/2914/2914 2946/2946/2946 2947/2947/2947 2915/2915/2915
f 2915/2915/2915 2947/2947/2947 2948/2948/2948 2916/2916/2916
f 2916/2916/2916 2948/2948/2948 2949/2949/2949 2917/2917/2917
f 2917/2917/2917 2949/2949/2949 2950/2950/2950 2918/2918/2918
f 2918/2918/2918 2950/2950/2950 2951/2951/2951 2919/2919/2919
f 2919/2919/2919 2951/2951/2951 2952/2952/2952 2920/2920/2920
f 2921/2921/2921 2953/2953/2953 2954/2954/2954 2922/2922/2922
f 2922/2922/2922 2954/2954/2954 2955/2955/2955 2923/2923/2923
f 2923/2923/2923 2955/2955/2955 2956/2956/2956 2924/2924/2924
f 2924/2924/2924 2956/2956/2956 2957/2957/2957 2925/2925/2925
f 2925/2925/2925 2957/2957/2957 2958/2958/2958 2926/2926/2926
f 2926/2926/2926 2958/2958/2958 2959/2959/2959 2927/2927/2927
f 2927/2927/2927 2959/2959/2959 2960/2960/2960 2928/2928/2928
f 2928/2928/2928 2960/2960/2960 2961/2961/2961 2929/2929/2929
f 2929/2929/2929 2961/2961/2961 2962/2962/2962 2930/2930/2930
f 2930/2930/2930 2962/2962/2962 2963/2963/2963 2931/2931/2931
f 2931/2931/2931 2963/2963/2963 2964/2964/2964 2932/2932/2932
f 2932/2932/2932 2964/2964/2964 2965/2965/2965 2933/2933/2933
f 2933/2933/2933 2965/2965/2965 2966/2966/2966 2934/2934/2934
f 2934/2934/2934 2966/2966/2966 2967/2967/2967 2935/2935/2935
f 2935/2935/2935 2967/2967/2967 2968/2968/2968 2936/2936/2936
f 2936/2936/2936 2968/2968/2968 2969/2969/2969 2937/2937/2937
f 2937/2937/2937 2969/2969/2969 2970/2970/2970 2938/2938/2938
f 2938/2938/2938 2970/2970/2970 2971/2971/2971 2939/2939/2939
f 2939/2939/2939 2971/2971/2971 2972/2972/2972 2940/2940/2940
f 2940/2940/2940 2972/2972/2972 2973/2973/2973 2941/2941/2941
f 2941/2941/2941 2973/2973/2973 2974/2974/2974 2942/2942/2942
f 2942/2942/2942 2974/2974/2974 2975/2975/2975 2943/2943/2943
f 2943/2943/2943 2975/2975/2975 2976/2976/2976 2944/2944/2944
f 2944/2944/2944 2976/2976/2976 2977/2977/2977 2945/2945/2945
f 2945/2945/2945 2977/2977/2977 2978/2978/2978 2946/2946/2946
f 2946/2946/2946 2978/2978/2978 2979/2979/2979 2947/2947/2947
f 2947/2947/2947 2979/2979/2979 2980/2980/2980 2948/2948/2948
f 2948/2948/2948 2980/2980/2980 2981/2981/2981 2949/2949/2949
f 2949/2949/2949 2981/2981/2981 2982/2982/2982 2950/2950/2950
f 2950/2950/2950 2982/2982/2982 2983/2983/2983 2951/2951/2951
f 2951/2951/2951 2983/2983/2983 2984/2984/2984 2952/2952/2952
f 2953/2953/2953 2985/2985/2985 2986/2986/2986 2954/2954/2954
f 2954/2954/2954 2986/2986/2986 2987/2987/2987 2955/2955/2955
f 2955/2955/2955 2987/2987/2987 2988/2988/2988 2956/2956/2956
f 2956/2956/2956 2988/2988/2988 2989/2989/2989 2957/2957/2957
f 2957/2957/2957 2989/2989/2989 2990/2990/2990 2958/2958/2958
f 2958/2958/2958 2990/2990/2990 2991/2991/2991 2959/2959/2959
f 2959/2959/2959 2991/2991/2991 2992/2992/2992 2960/2960/2960
f 2960/2960/2960 2992/2992/2992 2993/2993/2993 2961/2961/2961
f 2961/2961/2961 2993/2993/2993 2994/2994/2994 2962/2962/2962
f 2962/2962/2962 2994/2994/2994 2995/2995/2995 2963/2963/2963
f 2963/2963/2963 2995/2995/2995 2996/2996/2996 2964/2964/2964
f 2964/2964/2964 2996/2996/2996 2997/2997/2997 2965/2965/2965
f 2965/2965/2965 2997/2997/2997 2998/2998/2998 2966/2966/2966
f 2966/2966/2966 2998/2998/2998 2999/2999/2999 2967/2967/2967
f 2967/2967/2967 2999/2999/2999 3000/3000/3000 2968/2968/2968
f 2968/2968/2968 3000/3000/3000 3001/3001/3001 2969/2969/2969
f 2969/2969/2969 3001/3001/3001 3002/3002/3002 2970/2970/2970
f 2970/2970/2970 3002/3002/3002 3003/3003/3003 2971/2971/2971
f 2971/2971/2971 3003/3003/3003 3004/3004/3004 2972/2972/2972
f 2972/2972/2972 3004/3004/3004 3005/3005/3005 2973/2973/2973
f 2973/2973/2973 3005/3005/3005 3006/3006/3006 2974/2974/2974
f 2974/2974/2974 3006/3006/3006 3007/3007/3007 2975/2975/2975
f 2975/2975/2975 3007/3007/3007 3008/3008/3008 2976/2976/2976
f 2976/2976/2976 3008/3008/3008 3009/3009/3009 2977/2977/2977
f 2977/2977/2977 3009/3009/3009 3010/3010/3010 2978/2978/2978
f 2978/2978/2978 3010/3010/3010 3011/3011/3011 2979/2979/2979
f 2979/2979/2979 3011/3011/3011 3012/3012/3012 2980/2980/2980
f 2980/2980/2980 3012/3012/3012 3013/3013/3013 2981/2981/2981
f 2981/2981/2981 3013/3013/3013 3014/3014/3014 2982/2982/2982
f 2982/2982/2982 3014/3014/3014 3015/3015/3015 2983/2983/2983
f 2983/2983/2983 3015/3015/3015 3016/3016/3016 2984/2984/2984
f 2985/2985/2985 3017/3017/3017 3018/3018/3018 2986/2986/2986
f 2986/2986/2986 3018/3018/3018 3019/3019/3019 2987/2987/2987
f 2987/2987/2987 3019/3019/3019 3020/3020/3020 2988/2988/2988
f 2988/2988/2988 3020/3020/3020 3021/3021/3021 2989/2989/2989
f 2989/2989/2989 3021/3021/3021 3022/3022/3022 2990/2990/2990
f 2990/2990/2990 3022/3022/3022 3023/3023/3023 2991/2991/2991
f 2991/2991/2991 3023/3023/3023 3024/3024/3024 2992/2992/2992
f 2992/2992/2992 3024/3024/3024 3025/3025/3025 2993/2993/2993
f 2993/2993/2993 3025/3025/3025 3026/3026/3026 2994/2994/2994
f 2994/2994/2994 3026/3026/3026 3027/3027/3027 2995/2995/2995
f 2995/2995/2995 3027/3027/3027 3028/3028/3028 2996/2996/2996
f 2996/2996/2996 3028/3028/3028 3029/3029/3029 2997/2997/2997
f 2997/2997/2997 3029/3029/3029 3030/3030/3030 2998/2998/2998
f 2998/2998/2998 3030/3030/3030 3031/3031/3031 2999/2999/2999
f 2999/2999/2999 3031/3031/3031 3032/3032/3032 3000/3000/3000
f 3000/3000/3000 3032/3032/3032 3033/3033/3033 3001/3001/3001
f 3001/3001/3001 3033/3033/3033 3034/3034/3034 3002/3002/3002
f 3002/3002/3002 3034/3034/3034 3035/3035/3035 3003/3003/3003
f 3003/3003/3003 3035/3035/3035 3036/3036/3036 3004/3004/3004
f 3004/3004/3004 3036/3036/3036 3037/3037/3037 3005/3005/3005
f 3005/3005/3005 3037/3037/3037 3038/3038/3038 3006/3006/3006
f 3006/3006/3006 3038/3038/3038 3039/3039/3039 3007/3007/3007
f 3007/3007/3007 3039/3039/3039 3040/3040/3040 3008/3008/3008
f 3008/3008/3008 3040/3040/3040 3041/3041/3041 3009/3009/3009
f 3009/3009/3009 3041/3041/3041 3042/3042/3042 3010/3010/3010
f 3010/3010/3010 3042/3042/3042 3043/3043/3043 3011/3011/3011
f 3011/3011/3011 3043/3043/3043 3044/3044/3044 3012/3012/3012
f 3012/3012/3012 3044/3044/3044 3045/3045/3045 3013/3013/3013
f 3013/3013/3013 3045/3045/3045 3046/3046/3046 3014/3014/3014
f 3014/3014/3014 3046/3046/3046 3047/3047/3047 3015/3015/3015
f 3015/3015/3015 3047/3047/3047 3048/3048/3048 3016/3016/3016
f 3017/3017/3017 3049/3049/3049 3050/3050/3050 3018/3018/3018
f 3018/3018/3018 3050/3050/3050 3051/3051/3051 3019/3019/3019
f 3019/3019/3019 3051/3051/3051 3052/3052/3052 3020/3020/3020
f 3020/3020/3020 3052/3052/3052 3053/3053/3053 3021/3021/3021
f 3021/3021/3021 3053/3053/3053 3054/3054/3054 3022/3022/3022
f 3022/3022/3022 3054/3054/3054 3055/3055/3055 3023/3023/3023
f 3023/3023/3023 3055/3055/3055 3056/3056/3056 3024/3024/3024
f 3024/3024/3024 3056/3056/3056 3057/3057/3057 3025/3025/3025
f 3025/3025/3025 3057/3057/3057 3058/3058/3058 3026/3026/3026
f 3026/3026/3026 3058/3058/3058 3059/3059/3059 3027/3027/3027
f 3027/3027/3027 3059/3059/3059 3060/3060/3060 3028/3028/3028
f 3028/3028/3028 3060/3060/3060 3061/3061/3061 3029/3029/3029
f 3029/3029/3029 3061/3061/3061 3062/3062/3062 3030/3030/3030
f 3030/3030/3030 3062/3062/3062 3063/3063/3063 3031/3031/3031
f 3031/3031/3031 3063/3063/3063 3064/3064/3064 3032/3032/3032
f 3032/3032/3032 3064/3064/3064 3065/3065/3065 3033/3033/3033
f 3033/3033/3033 3065/3065/3065 3066/3066/3066 3034/3034/3034
f 3034/3034/3034 3066/3066/3066 3067/3067/3067 3035/3035/3035
f 3035/3035/3035 3067/3067/3067 3068/3068/3068 3036/3036/3036
f 3036/3036/3036 3068/3068/3068 3069/3069/3069 3037/3037/3037
f 3037/3037/3037 3069/3069/3069 3070/3070/3070 3038/3038/3038
f 3038/3038/3038 3070/3070/3070 3071/3071/3071 3039/3039/3039
f 3039/3039/3039 3071/3071/3071 3072/3072/3072 3040/3040/3040
f 3040/3040/3040 3072/3072/3072 3073/3073/3073 3041/3041/3041
f 3041/3041/3041 3073/3073/3073 3074/3074/3074 3042/3042/3042
f 3042/3042/3042 3074/3074/3074 3075/3075/3075 3043/3043/3043
f 3043/3043/3043 3075/3075/3075 3076/3076/3076 3044/3044/3044
f 3044/3044/3044 3076/3076/3076 3077/3077/3077 3045/3045/3045
f 3045/3045/3045 3077/3077/3077 3078/3078/3078 3046/3046/3046
f 3046/3046/3046 3078/3078/3078 3079/3079/3079 3047/3047/3047
f 3047/3047/3047 3079/3079/3079 3080/3080/3080 3048/3048/3048
f 3049/3049/3049 3081/3081/3081 3082/3082/3082 3050/3050/3050
f 3050/3050/3050 3082/3082/3082 3083/3083/3083 3051/3051/3051
f 3051/3051/3051 3083/3083/3083 3084/3084/3084 3052/3052/3052
f 3052/3052/3052 3084/3084/3084 3085/3085/3085 3053/3053/3053
f 3053/3053/3053 3085/3085/3085 3086/3086/3086 3054/3054/3054
f 3054/3054/3054 3086/3086/3086 3087/3087/3087 3055/3055/3055
f 3055/3055/3055 3087/3087/3087 3088/3088/3088 3056/3056/3056
f 3056/3056/3056 3088/3088/3088 3089/3089/3089 3057/3057/3057
f 3057/3057/3057 3089/3089/3089 3090/3090/3090 3058/3058/3058
f 3058/3058/3058 3090/3090/3090 3091/3091/3091 3059/3059/3059
f 3059/3059/3059 3091/3091/3091 3092/3092/3092 3060/3060/3060
f 3060/3060/3060 3092/3092/3092 3093/3093/3093 3061/3061/3061
f 3061/3061/3061 3093/3093/3093 3094/3094/3094 3062/3062/3062
f 3062/3062/3062 3094/3094/3094 3095/3095/3095 3063/3063/3063
f 3063/3063/3063 3095/3095/3095 3096/3096/3096 3064/3064/3064
f 3064/3064/3064 3096/3096/3096 3097/3097/3097 3065/3065/3065
f 3065/3065/3065 3097/3097/3097 3098/3098/3098 3066/3066/3066
f 3066/3066/3066 3098/3098/3098 3099/3099/3099 3067/3067/3067
f 3067/3067/3067 3099/3099/3099 3100/3100/3100 3068/3068/3068
f 3068/3068/3068 3100/3100/3100 3101/3101/3101 3069/3069/3069
f 3069/3069/3069 3101/3101/3101 3102/3102/3102 3070/3070/3070
f 3070/3070/3070 3102/3102/3102 3103/3103/3103 3071/3071/3071
f 3071/3071/3071 3103/3103/3103 3104/3104/3104 3072/3072/3072
f 3072/3072/3072 3104/3104/3104 3105/3105/3105 3073/3073/3073
f 3073/3073/3073 3105/3105/3105 3106/3106/3106 3074/3074/3074
f 3074/3074/3074 3106/3106/3106 3107/3107/3107 3075/3075/3075
f 3075/3075/3075 3107/3107/3107 3108/3108/3108 3076/3076/3076
f 3076/3076/3076 3108/3108/3108 3109/3109/3109 3077/3077/3077
f 3077/3077/3077 3109/3109/3109 3110/3110/3110 3078/3078/3078
f 3078/3078/3078 3110/3110/3110 3111/3111/3111 3079/3079/3079
f 3079/3079/3079 3111/3111/3111 3112/3112/3112 3080/3080/3080
f 3081/3081/3081 3113/3113/3113 3114/3114/3114 3082/3082/3082
f 3082/3082/3082 3114/3114/3114 3115/3115/3115 3083/3083/3083
f 3083/3083/3083 3115/3115/3115 3116/3116/3116 3084/3084/3084
f 3084/3084/3084 3116/3116/3116 3117/3117/3117 3085/3085/3085
f 3085/3085/3085 3117/3117/3117 3118/3118/3118 3086/3086/3086
f 3086/3086/3086 3118/3118/3118 3119/3119/3119 3087/3087/3087
f 3087/3087/3087 3119/3119/3119 3120/3120/3120 3088/3088/3088
f 3088/3088/3088 3120/3120/3120 3121/3121/3121 3089/3089/3089
f 3089/3089/3089 3121/3121/3121 3122/3122/3122 3090/3090/3090
f 3090/3090/3090 3122/3122/3122 3123/3123/3123 3091/3091/3091
f 3091/3091/3091 3123/3123/3123 3124/3124/3124 3092/3092/3092
f 3092/3092/3092 3124/3124/3124 3125/3125/3125 3093/3093/3093
f 3093/3093/3093 3125/3125/3125 3126/3126/3126 3094/3094/3094
f 3094/3094/3094 3126/3126/3126 3127/3127/3127 3095/3095/3095
f 3095/3095/3095 3127/3127/3127 3128/3128/3128 3096/3096/3096
f 3096/3096/3096 3128/3128/3128 3129/3129/3129 3097/3097/3097
f 3097/3097/3097 3129/3129/3129 3130/3130/3130 3098/3098/3098
f 3098/3098/3098 3130/3130/3130 3131/3131/3131 3099/3099/3099
f 3099/3099/3099 3131/3131/3131 3132/3132/3132 3100/3100/3100
f 3100/3100/3100 3132/3132/3132 3133/3133/3133 3101/3101/3101
f 3101/3101/3101 3133/3133/3133 3134/3134/3134 3102/3102/3102
f 3102/3102/3102 3134/3134/3134 3135/3135/3135 3103/3103/3103
f 3103/3103/3103 3135/3135/3135 3136/3136/3136 3104/3104/3104
f 3104/3104/3104 3136/3136/3136 3137/3137/3137 3105/3105/3105
f 3105/3105/3105 3137/3137/3137 3138/3138/3138 3106/3106/3106
f 3106/3106/3106 3138/3138/3138 3139/3139/3139 3107/3107/3107
f 3107/3107/3107 3139/3139/3139 3140/3140/3140 3108/3108/3108
f 3108/3108/3108 3140/3140/3140 3141/3141/3141 3109/3109/3109
f 3109/3109/3109 3141/3141/3141 3142/3142/3142 3110/3110/3110
f 3110/3110/3110 3142/3142/3142 3143/3143/3143 3111/3111/3111
f 3111/3111/3111 3143/3143/3143 3144/3144/3144 3112/3112/3112
f 3113/3113/3113 3145/3145/3145 3146/3146/3146 3114/3114/3114
f 3114/3114/3114 3146/3146/3146 3147/3147/3147 3115/3115/3115
f 3115/3115/3115 3147/3147/3147 3148/3148/3148 3116/3116/3116
f 3116/3116/3116 3148/3148/3148 3149/3149/3149 3117/3117/3117
f 3117/3117/3117 3149/3149/3149 3150/3150/3150 3118/3118/3118
f 3118/3118/3118 3150/3150/3150 3151/3151/3151 3119/3119/3119
f 3119/3119/3119 3151/3151/3151 3152/3152/3152 3120/3120/3120
f 3120/3120/3120 3152/3152/3152 3153/3153/3153 3121/3121/3121
f 3121/3121/3121 3153/3153/3153 3154/3154/3154 3122/3122/3122
f 3122/3122/3122 3154/3154/3154 3155/3155/3155 3123/3123/3123
f 3123/3123/3123 3155/3155/3155 3156/3156/3156 3124/3124/3124
f 3124/3124/3124 3156/3156/3156 3157/3157/3157 3125/3125/3125
f 3125/3125/3125 3157/3157/3157 3158/3158/3158 3126/3126/3126
f 3126/3126/3126 3158/3158/3158 3159/3159/3159 3127/3127/3127
f 3127/3127/3127 3159/3159/3159 3160/3160/3160 3128/3128/3128
f 3128/3128/3128 3160/3160/3160 3161/3161/3161 3129/3129/3129
f 3129/3129/3129 3161/3161/3161 3162/3162/3162 3130/3130/3130
f 3130/3130/3130 3162/3162/3162 3163/3163/3163 3131/3131/3131
f 3131/3131/3131 3163/3163/3163 3164/3164/3164 3132/3132/3132
f 3132/3132/3132 3164/3164/3164 3165/3165/3165 3133/3133/3133
f 3133/3133/3133 3165/3165/3165 3166/3166/3166 3134/3134/3134
f 3134/3134/3134 3166/3166/3166 3167/3167/3167 3135/3135/3135
f 3135/3135/3135 3167/3167/3167 3168/3168/3168 3136/3136/3136
f 3136/3136/3136 3168/3168/3168 3169/3169/3169 3137/3137/3137
f 3137/3137/3137 3169/3169/3169 3170/3170/3170 3138/3138/3138
f 3138/3138/3138 3170/3170/3170 3171/3171/3171 3139/3139/3139
f 3139/3139/3139 3171/3171/3171 3172/3172/3172 3140/3140/3140
f 3140/3140/3140 3172/3172/3172 3173/3173/3173 3141/3141/3141
f 3141/3141/3141 3173/3173/3173 3174/3174/3174 3142/3142/3142
f 3142/3142/3142 3174/3174/3174 3175/3175/3175 3143/3143/3143
f 3143/3143/3143 3175/3175/3175 3176/3176/3176 3144/3144/3144
f 3145/3145/3145 3177/3177/3177 3178/3178/3178 3146/3146/3146
f 3146/3146/3146 3178/3178/3178 3179/3179/3179 3147/3147/3147
f 3147/3147/3147 3179/3179/3179 3180/3180/3180 3148/3148/3148
f 3148/3148/3148 3180/3180/3180 3181/3181/3181 3149/3149/3149
f 3149/3149/3149 3181/3181/3181 3182/3182/3182 3150/3150/3150
f 3150/3150/3150 3182/3182/3182 3183/3183/3183 3151/3151/3151
f 3151/3151/3151 3183/3183/3183 3184/3184/3184 3152/3152/3152
f 3152/3152/3152 3184/3184/3184 3185/3185/3185 3153/3153/3153
f 3153/3153/3153 3185/3185/3185 3186/3186/3186 3154/3154/3154
f 3154/3154/3154 3186/3186/3186 3187/3187/3187 3155/3155/3155
f 3155/3155/3155 3187/3187/3187 3188/3188/3188 3156/3156/3156
f 3156/3156/3156 3188/3188/3188 3189/3189/3189 3157/3157/3157
f 3157/3157/3157 3189/3189/3189 3190/3190/3190 3158/3158/3158
f 3158/3158/3158 3190/3190/3190 3191/3191/3191 3159/3159/3159
f 3159/3159/3159 3191/3191/3191 3192/3192/3192 3160/3160/3160
f 3160/3160/3160 3192/3192/3192 3193/3193/3193 3161/3161/3161
f 3161/3161/3161 3193/3193/3193 3194/3194/3194 3162/3162/3162
f 3162/3162/3162 3194/3194/3194 3195/3195/3195 3163/3163/3163
f 3163/3163/3163 3195/3195/3195 3196/3196/3196 3164/3164/3164
f 3164/3164/3164 3196/3196/3196 3197/3197/3197 3165/3165/3165
f 3165/3165/3165 3197/3197/3197 3198/3198/3198 3166/3166/3166
f 3166/3166/3166 3198/3198/3198 3199/3199/3199 3167/3167/3167
f 3167/3167/3167 3199/3199/3199 3200/3200/3200 3168/3168/3168
f 3168/3168/3168 3200/3200/3200 3201/3201/3201 3169/3169/3169
f 3169/3169/3169 3201/3201/3201 3202/3202/3202 3170/3170/3170
f 3170/3170/3170 3202/3202/3202 3203/3203/3203 3171/3171/3171
f 3171/3171/3171 3203/3203/3203 3204/3204/3204 3172/3172/3172
f 3172/3172/3172 3204/3204/3204 3205/3205/3205 3173/3173/3173
f 3173/3173/3173 3205/3205/3205 3206/3206/3206 3174/3174/3174
f 3174/3174/3174 3206/3206/3206 3207/3207/3207 3175/3175/3175
f 3175/3175/3175 3207/3207/3207 3208/3208/3208 3176/3176/3176
f 3177/3177/3177 3209/3209/3209 3210/3210/3210 3178/3178/3178
f 3178/3178/3178 3210/3210/3210 3211/3211/3211 3179/3179/3179
f 3179/3179/3179 3211/3211/3211 3212/3212/3212 3180/3180/3180
f 3180/3180/3180 3212/3212/3212 3213/3213/3213 3181/3181/3181
f 3181/3181/3181 3213/3213/3213 3214/3214/3214 3182/3182/3182
f 3182/3182/3182 3214/3214/3214 3215/3215/3215 3183/3183/3183
f 3183/3183/3183 3215/3215/3215 3216/3216/3216 3184/3184/3184
f 3184/3184/3184 3216/3216/3216 3217/3217/3217 3185/3185/3185
f 3185/3185/3185 3217/3217/3217 3218/3218/3218 3186/3186/3186
f 3186/3186/3186 3218/3218/3218 3219/3219/3219 3187/3187/3187
f 3187/3187/3187 3219/3219/3219 3220/3220/3220 3188/3188/3188
f 3188/3188/3188 3220/3220/3220 3221/3221/3221 3189/3189/3189
f 3189/3189/3189 3221/3221/3221 3222/3222/3222 3190/3190/3190
f 3190/3190/3190 3222/3222/3222 3223/3223/3223 3191/3191/3191
f 3191/3191/3191 3223/3223/3223 3224/3224/3224 3192/3192/3192
f 3192/3192/3192 3224/3224/3224 3225/3225/3225 3193/3193/3193
f 3193/3193/3193 3225/3225/3225 3226/3226/3226 3194/3194/3194
f 3194/3194/3194 3226/3226/3226 3227/3227/3227 3195/3195/3195
f 3195/3195/3195 3227/3227/3227 3228/3228/3228 3196/3196/3196
f 3196/3196/3196 3228/3228/3228 3229/3229/3229 3197/3197/3197
f 3197/3197/3197 3229/3229/3229 3230/3230/3230 3198/3198/3198
f 3198/3198/3198 3230/3230/3230 3231/3231/3231 3199/3199/3199
f 3199/3199/3199 3231/3231/3231 3232/3232/3232 3200/3200/3200
f 3200/3200/3200 3232/3232/3232 3233/3233/3233 3201/3201/3201
f 3201/3201/3201 3233/3233/3233 3234/3234/3234 3202/3202/3202
f 3202/3202/3202 3234/3234/3234 3235/3235/3235 3203/3203/3203
f 3203/3203/3203 3235/3235/3235 3236/3236/3236 3204/3204/3204
f 3204/3204/3204 3236/3236/3236 3237/3237/3237 3205/3205/3205
f 3205/3205/3205 3237/3237/3237 3238/3238/3238 3206/3206/3206
f 3206/3206/3206 3238/3238/3238 3239/3239/3239 3207/3207/3207
f 3207/3207/3207 3239/3239/3239 3240/3240/3240 3208/3208/3208
f 3209/3209/3209 3241/3241/3241 3242/3242/3242 3210/3210/3210
f 3210/3210/3210 3242/3242/3242 3243/3243/3243 3211/3211/3211
f 3211/3211/3211 3243/3243/3243 3244/3244/3244 3212/3212/3212
f 3212/3212/3212 3244/3244/3244 3245/3245/3245 3213/3213/3213
f 3213/3213/3213 3245/3245/3245 3246/3246/3246 3214/3214/3214
f 3214/3214/3214 3246/3246/3246 3247/3247/3247 3215/3215/3215
f 3215/3215/3215 3247/3247/3247 3248/3248/3248 3216/3216/3216
f 3216/3216/3216 3248/3248/3248 3249/3249/3249 3217/3217/3217
f 3217/3217/3217 3249/3249/3249 3250/3250/3250 3218/3218/3218
f 3218/3218/3218 3250/3250/3250 3251/3251/3251 3219/3219/3219
f 3219/3219/3219 3251/3251/3251 3252/3252/3252 3220/3220/3220
f 3220/3220/3220 3252/3252/3252 3253/3253/3253 3221/3221/3221
f 3221/3221/3221 3253/3253/3253 3254/3254/3254 3222/3222/3222
f 3222/3222/3222 3254/3254/3254 3255/3255/3255 3223/3223/3223
f 3223/3223/3223 3255/3255/3255 3256/3256/3256 3224/3224/3224
f 3224/3224/3224 3256/3256/3256 3257/3257/3257 3225/3225/3225
f 3225/3225/3225 3257/3257/3257 3258/3258/3258 3226/3226/3226
f 3226/3226/3226 3258/3258/3258 3259/3259/3259 3227/3227/3227
f 3227/3227/3227 3259/3259/3259 3260/3260/3260 3228/3228/3228
f 3228/3228/3228 3260/3260/3260 3261/3261/3261 3229/3229/3229
f 3229/3229/3229 3261/3261/3261 3262/3262/3262 3230/3230/3230
f 3230/3230/3230 3262/3262/3262 3263/3263/3263 3231/3231/3231
f 3231/3231/3231 3263/3263/3263 3264/3264/3264 3232/3232/3232
f 3232/3232/3232 3264/3264/3264 3265/3265/3265 3233/3233/3233
f 3233/3233/3233 3265/3265/3265 3266/3266/3266 3234/3234/3234
f 3234/3234/3234 3266/3266/3266 3267/3267/3267 3235/3235/3235
f 3235/3235/3235 3267/3267/3267 3268/3268/3268 3236/3236/3236
f 3236/3236/3236 3268/3268/3268 3269/3269/3269 3237/3237/3237
f 3237/3237/3237 3269/3269/3269 3270/3270/3270 3238/3238/3238
f 3238/3238/3238 3270/3270/3270 3271/3271/3271 3239/3239/3239
f 3239/3239/3239 3271/3271/3271 3272/3272/3272 3240/3240/3240
f 3241/3241/3241 3273/3273/3273 3274/3274/3274 3242/3242/3242
f 3242/3242/3242 3274/3274/3274 3275/3275/3275 3243/3243/3243
f 3243/3243/3243 3275/3275/3275 3276/3276/3276 3244/3244/3244
f 3244/3244/3244 3276/3276/3276 3277/3277/3277 3245/3245/3245
f 3245/3245/3245 3277/3277/3277 3278/3278/3278 3246/3246/3246
f 3246/3246/3246 3278/3278/3278 3279/3279/3279 3247/3247/3247
f 3247/3247/3247 3279/3279/3279 3280/3280/3280 3248/3248/3248
f 3248/3248/3248 3280/3280/3280 3281/3281/3281 3249/3249/3249
f 3249/3249/3249 3281/3281/3281 3282/3282/3282 3250/3250/3250
f 3250/3250/3250 3282/3282/3282 3283/3283/3283 3251/3251/3251
f 3251/3251/3251 3283/3283/3283 3284/3284/3284 3252/3252/3252
f 3252/3252/3252 3284/3284/3284 3285/3285/3285 3253/3253/3253
f 3253/3253/3253 3285/3285/3285 3286/3286/3286 3254/3254/3254
f 3254/3254/3254 3286/3286/3286 3287/3287/3287 3255/3255/3255
f 3255/3255/3255 3287/3287/3287 3288/3288/3288 3256/3256/3256
f 3256/3256/3256 3288/3288/3288 3289/3289/3289 3257/3257/3257
f 3257/3257/3257 3289/3289/3289 3290/3290/3290 3258/3258/3258
f 3258/3258/3258 3290/3290/3290 3291/3291/3291 3259/3259/3259
f 3259/3259/3259 3291/3291/3291 3292/3292/3292 3260/3260/3260
f 3260/3260/3260 3292/3292/3292 3293/3293/3293 3261/3261/3261
f 3261/3261/3261 3293/3293/3293 3294/3294/3294 3262/3262/3262
f 3262/3262/3262 3294/3294/3294 3295/3295/3295 3263/3263/3263
f 3263/3263/3263 3295/3295/3295 3296/3296/3296 3264/3264/3264
f 3264/3264/3264 3296/3296/3296 3297/3297/3297 3265/3265/3265
f 3265/3265/3265 3297/3297/3297 3298/3298/3298 3266/3266/3266
f 3266/3266/3266 3298/3298/3298 3299/3299/3299 3267/3267/3267
f 3267/3267/3267 3299/3299/3299 3300/3300/3300 3268/3268/3268
f 3268/3268/3268 3300/3300/3300 3301/3301/3301 3269/3269/3269
f 3269/3269/3269 3301/3301/3301 3302/3302/3302 3270/3270/3270
f 3270/3270/3270 3302/3302/3302 3303/3303/3303 3271/3271/3271
f 3271/3271/3271 3303/3303/3303 3304/3304/3304 3272/3272/3272
f 3273/3273/3273 3305/3305/3305 3306/3306/3306 3274/3274/3274
f 3274/3274/3274 3306/3306/3306 3307/3307/3307 3275/3275/3275
f 3275/3275/3275 3307/3307/3307 3308/3308/3308 3276/3276/3276
f 3276/3276/3276 3308/3308/3308 3309/3309/3309 3277/3277/3277
f 3277/3277/3277 3309/3309/3309 3310/3310/3310 3278/3278/3278
f 3278/3278/3278 3310/3310/3310 3311/3311/3311 3279/3279/3279
f 3279/3279/3279 3311/3311/3311 3312/3312/3312 3280/3280/3280
f 3280/3280/3280 3312/3312/3312 3313/3313/3313 3281/3281/3281
f 3281/3281/3281 3313/3313/3313 3314/3314/3314 3282/3282/3282
f 3282/3282/3282 3314/3314/3314 3315/3315/3315 3283/3283/3283
f 3283/3283/3283 3315/3315/3315 3316/3316/3316 3284/3284/3284
f 3284/3284/3284 3316/3316/3316 3317/3317/3317 3285/3285/3285
f 3285/3285/3285 3317/3317/3317 3318/3318/3318 3286/3286/3286
f 3286/3286/3286 3318/3318/3318 3319/3319/3319 3287/3287/3287
f 3287/3287/3287 3319/3319/3319 3320/3320/3320 3288/3288/3288
f 3288/3288/3288 3320/3320/3320 3321/3321/3321 3289/3289/3289
f 3289/3289/3289 3321/3321/3321 3322/3322/3322 3290/3290/3290
f 3290/3290/3290 3322/3322/3322 3323/3323/3323 3291/3291/3291
f 3291/3291/3291 3323/3323/3323 3324/3324/3324 3292/3292/3292
f 3292/3292/3292 3324/3324/3324 3325/3325/3325 3293/3293/3293
f 3293/3293/3293 3325/3325/3325 3326/3326/3326 3294/3294/3294
f 3294/3294/3294 3326/3326/3326 3327/3327/3327 3295/3295/3295
f 3295/3295/3295 3327/3327/3327 3328/3328/3328 3296/3296/3296
f 3296/3296/3296 3328/3328/3328 3329/3329/3329 3297/3297/3297
f 3297/3297/3297 3329/3329/3329 3330/3330/3330 3298/3298/3298
f 3298/3298/3298 3330/3330/3330 3331/3331/3331 3299/3299/3299
f 3299/3299/3299 3331/3331/3331 3332/3332/3332 3300/3300/3300
f 3300/3300/3300 3332/3332/3332 3333/3333/3333 3301/3301/3301
f 3301/3301/3301 3333/3333/3333 3334/3334/3334 3302/3302/3302
f 3302/3302/3302 3334/3334/3334 3335/3335/3335 3303/3303/3303
f 3303/3303/3303 3335/3335/3335 3336/3336/3336 3304/3304/3304
f 3305/3305/3305 3337/3337/3337 3338/3338/3338 3306/3306/3306
f 3306/3306/3306 3338/3338/3338 3339/3339/3339 3307/3307/3307
f 3307/3307/3307 3339/3339/3339 3340/3340/3340 3308/3308/3308
f 3308/3308/3308 3340/3340/3340 3341/3341/3341 3309/3309/3309
f 3309/3309/3309 3341/3341/3341 3342/3342/3342 3310/3310/3310
f 3310/3310/3310 3342/3342/3342 3343/3343/3343 3311/3311/3311
f 3311/3311/3311 3343/3343/3343 3344/3344/3344 3312/3312/3312
f 3312/3312/3312 3344/3344/3344 3345/3345/3345 3313/3313/3313
f 3313/3313/3313 3345/3345/3345 3346/3346/3346 3314/3314/3314
f 3314/3314/3314 3346/3346/3346 3347/3347/3347 3315/3315/3315
f 3315/3315/3315 3347/3347/3347 3348/3348/3348 3316/3316/3316
f 3316/3316/3316 3348/3348/3348 3349/3349/3349 3317/3317/3317
f 3317/3317/3317 3349/3349/3349 3350/3350/3350 3318/3318/3318
f 3318/3318/3318 3350/3350/3350 3351/3351/3351 3319/3319/3319
f 3319/3319/3319 3351/3351/3351 3352/3352/3352 3320/3320/3320
f 3320/3320/3320 3352/3352/3352 3353/3353/3353 3321/3321/3321
f 3321/3321/3321 3353/3353/3353 3354/3354/3354 3322/3322/3322
f 3322/3322/3322 3354/3354/3354 3355/3355/3355 3323/3323/3323
f 3323/3323/3323 3355/3355/3355 3356/3356/3356 3324/3324/3324
f 3324/3324/3324 3356/3356/3356 3357/3357/3357 3325/3325/3325
f 3325/3325/3325 3357/3357/3357 3358/3358/3358 3326/3326/3326
f 3326/3326/3326 3358/3358/3358 3359/3359/3359 3327/3327/3327
f 3327/3327/3327 3359/3359/3359 3360/3360/3360 3328/3328/3328
f 3328/3328/3328 3360/3360/3360 3361/3361/3361 3329/3329/3329
f 3329/3329/3329 3361/3361/3361 3362/3362/3362 3330/3330/3330
f 3330/3330/3330 3362/3362/3362 3363/3363/3363 3331/3331/3331
f 3331/3331/3331 3363/3363/3363 3364/3364/3364 3332/3332/3332
f 3332/3332/3332 3364/3364/3364 3365/3365/3365 3333/3333/3333
f 3333/3333/3333 3365/3365/3365 3366/3366/3366 3334/3334/3334
f 3334/3334/3334 3366/3366/3366 3367/3367/3367 3335/3335/3335
f 3335/3335/3335 3367/3367/3367 3368/3368/3368 3336/3336/3336
f 3337/3337/3337 3369/3369/3369 3370/3370/3370 3338/3338/3338
f 3338/3338/3338 3370/3370/3370 3371/3371/3371 3339/3339/3339
f 3339/3339/3339 3371/3371/3371 3372/3372/3372 3340/3340/3340
f 3340/3340/3340 3372/3372/3372 3373/3373/3373 3341/3341/3341
f 3341/3341/3341 3373/3373/3373 3374/3374/3374 3342/3342/3342
f 3342/3342/3342 3374/3374/3374 3375/3375/3375 3343/3343/3343
f 3343/3343/3343 3375/3375/3375 3376/3376/3376 3344/3344/3344
f 3344/3344/3344 3376/3376/3376 3377/3377/3377 3345/3345/3345
f 3345/3345/3345 3377/3377/3377 3378/3378/3378 3346/3346/3346
f 3346/3346/3346 3378/3378/3378 3379/3379/3379 3347/3347/3347
f 3347/3347/3347 3379/3379/3379 3380/3380/3380 3348/3348/3348
f 3348/3348/3348 3380/3380/3380 3381/3381/3381 3349/3349/3349
f 3349/3349/3349 3381/3381/3381 3382/3382/3382 3350/3350/3350
f 3350/3350/3350 3382/3382/3382 3383/3383/3383 3351/3351/3351
f 3351/3351/3351 3383/3383/3383 3384/3384/3384 3352/3352/3352
f 3352/3352/3352 3384/3384/3384 3385/3385/3385 3353/3353/3353
f 3353/3353/3353 3385/3385/3385 3386/3386/3386 3354/3354/3354
f 3354/3354/3354 3386/3386/3386 3387/3387/3387 3355/3355/3355
f 3355/3355/3355 3387/3387/3387 3388/3388/3388 3356/3356/3356
f 3356/3356/3356 3388/3388/3388 3389/3389/3389 3357/3357/3357
f 3357/3357/3357 3389/3389/3389 3390/3390/3390 3358/3358/3358
f 3358/3358/3358 3390/3390/3390 3391/3391/3391 3359/3359/3359
f 3359/3359/3359 3391/3391/3391 3392/3392/3392 3360/3360/3360
f 3360/3360/3360 3392/3392/3392 3393/3393/3393 3361/3361/3361
f 3361/3361/3361 3393/3393/3393 3394/3394/3394 3362/3362/3362
f 3362/3362/3362 3394/3394/3394 3395/3395/3395 3363/3363/3363
f 3363/3363/3363 3395/3395/3395 3396/3396/3396 3364/3364/3364
f 3364/3364/3364 3396/3396/3396 3397/3397/3397 3365/3365/3365
f 3365/3365/3365 3397/3397/3397 3398/3398/3398 3366/3366/3366
f 3366/3366/3366 3398/3398/3398 3399/3399/3399 3367/3367/3367
f 3367/3367/3367 3399/3399/3399 3400/3400/3400 3368/3368/3368
f 3369/3369/3369 3401/3401/3401 3402/3402/3402 3370/3370/3370
f 3370/3370/3370 3402/3402/3402 3403/3403/3403 3371/3371/3371
f 3371/3371/3371 3403/3403/3403 3404/3404/3404 3372/3372/3372
f 3372/3372/3372 3404/3404/3404 3405/3405/3405 3373/3373/3373
f 3373/3373/3373 3405/3405/3405 3406/3406/3406 3374/3374/3374
f 3374/3374/3374 3406/3406/3406 3407/3407/3407 3375/3375/3375
f 3375/3375/3375 3407/3407/3407 3408/3408/3408 3376/3376/3376
f 3376/3376/3376 3408/3408/3408 3409/3409/3409 3377/3377/3377
f 3377/3377/3377 3409/3409/3409 3410/3410/3410 3378/3378/3378
f 3378/3378/3378 3410/3410/3410 3411/3411/3411 3379/3379/3379
f 3379/3379/3379 3411/3411/3411 3412/3412/3412 3380/3380/3380
f 3380/3380/3380 3412/3412/3412 3413/3413/3413 3381/3381/3381
f 3381/3381/3381 3413/3413/3413 3414/3414/3414 3382/3382/3382
f 3382/3382/3382 3414/3414/3414 3415/3415/3415 3383/3383/3383
f 3383/3383/3383 3415/3415/3415 3416/3416/3416 3384/3384/3384
f 3384/3384/3384 3416/3416/3416 3417/3417/3417 3385/3385/3385
f 3385/3385/3385 3417/3417/3417 3418/3418/3418 3386/3386/3386
f 3386/3386/3386 3418/3418/3418 3419/3419/3419 3387/3387/3387
f 3387/3387/3387 3419/3419/3419 3420/3420/3420 3388/3388/3388
f 3388/3388/3388 3420/3420/3420 3421/3421/3421 3389/3389/3389
f 3389/3389/3389 3421/3421/3421 3422/3422/3422 3390/3390/3390
f 3390/3390/3390 3422/3422/3422 3423/3423/3423 3391/3391/3391
f 3391/3391/3391 3423/3423/3423 3424/3424/3424 3392/3392/3392
f 3392/3392/3392 3424/3424/3424 3425/3425/3425 3393/3393/3393
f 3393/3393/3393 3425/3425/3425 3426/3426/3426 3394/3394/3394
f 3394/3394/3394 3426/3426/3426 3427/3427/3427 3395/3395/3395
f 3395/3395/3395 3427/3427/3427 3428/3428/3428 3396/3396/3396
f 3396/3396/3396 3428/3428/3428 3429/3429/3429 3397/3397/3397
f 3397/3397/3397 3429/3429/3429 3430/3430/3430 3398/3398/3398
f 3398/3398/3398 3430/3430/3430 3431/3431/3431 3399/3399/3399
f 3399/3399/3399 3431/3431/3431 3432/3432/3432 3400/3400/3400
f 3401/3401/3401 3433/3433/3433 3434/3434/3434 3402/3402/3402
f 3402/3402/3402 3434/3434/3434 3435/3435/3435 3403/3403/3403
f 3403/3403/3403 3435/3435/3435 3436/3436/3436 3404/3404/3404
f 3404/3404/3404 3436/3436/3436 3437/3437/3437 3405/3405/3405
f 3405/3405/3405 3437/3437/3437 3438/3438/3438 3406/3406/3406
f 3406/3406/3406 3438/3438/3438 3439/3439/3439 3407/3407/3407
f 3407/3407/3407 3439/3439/3439 3440/3440/3440 3408/3408/3408
f 3408/3408/3408 3440/3440/3440 3441/3441/3441 3409/3409/3409
f 3409/3409/3409 3441/3441/3441 3442/3442/3442 3410/3410/3410
f 3410/3410/3410 3442/3442/3442 3443/3443/3443 3411/3411/3411
f 3411/3411/3411 3443/3443/3443 3444/3444/3444 3412/3412/3412
f 3412/3412/3412 3444/3444/3444 3445/3445/3445 3413/3413/3413
f 3413/3413/3413 3445/3445/3445 3446/3446/3446 3414/3414/3414
f 3414/3414/3414 3446/3446/3446 3447/3447/3447 3415/3415/3415
f 3415/3415/3415 3447/3447/3447 3448/3448/3448 3416/3416/3416
f 3416/3416/3416 3448/3448/3448 3449/3449/3449 3417/3417/3417
f 3417/3417/3417 3449/3449/3449 3450/3450/3450 3418/3418/3418
f 3418/3418/3418 3450/3450/3450 3451/3451/3451 3419/3419/3419
f 3419/3419/3419 3451/3451/3451 3452/3452/3452 3420/3420/3420
f 3420/3420/3420 3452/3452/3452 3453/3453/3453 3421/3421/3421
f 3421/3421/3421 3453/3453/3453 3454/3454/3454 3422/3422/3422
f 3422/3422/3422 3454/3454/3454 3455/3455/3455 3423/3423/3423
f 3423/3423/3423 3455/3455/3455 3456/3456/3456 3424/3424/3424
f 3424/3424/3424 3456/3456/3456 3457/3457/3457 3425/3425/3425
f 3425/3425/3425 3457/3457/3457 3458/3458/3458 3426/3426/3426
f 3426/3426/3426 3458/3458/3458 3459/3459/3459 3427/3427/3427
f 3427/3427/3427 3459/3459/3459 3460/3460/3460 3428/3428/3428
f 3428/3428/3428 3460/3460/3460 3461/3461/3461 3429/3429/3429
f 3429/3429/3429 3461/3461/3461 3462/3462/3462 3430/3430/3430
f 3430/3430/3430 3462/3462/3462 3463/3463/3463 3431/3431/3431
f 3431/3431/3431 3463/3463/3463 3464/3464/3464 3432/3432/3432
f 3433/3433/3433 3465/3465/3465 3466/3466/3466 3434/3434/3434
f 3434/3434/3434 3466/3466/3466 3467/3467/3467 3435/3435/3435
f 3435/3435/3435 3467/3467/3467 3468/3468/3468 3436/3436/3436
f 3436/3436/3436 3468/3468/3468 3469/3469/3469 3437/3437/3437
f 3437/3437/3437 3469/3469/3469 3470/3470/3470 3438/3438/3438
f 3438/3438/3438 3470/3470/3470 3471/3471/3471 3439/3439/3439
f 3439/3439/3439 3471/3471/3471 3472/3472/3472 3440/3440/3440
f 3440/3440/3440 3472/3472/3472 3473/3473/3473 3441/3441/3441
f 3441/3441/3441 3473/3473/3473 3474/3474/3474 3442/3442/3442
f 3442/3442/3442 3474/3474/3474 3475/3475/3475 3443/3443/3443
f 3443/3443/3443 3475/3475/3475 3476/3476/3476 3444/3444/3444
f 3444/3444/3444 3476/3476/3476 3477/3477/3477 3445/3445/3445
f 3445/3445/3445 3477/3477/3477 3478/3478/3478 3446/3446/3446
f 3446/3446/3446 3478/3478/3478 3479/3479/3479 3447/3447/3447
f 3447/3447/3447 3479/3479/3479 3480/3480/3480 3448/3448/3448
f 3448/3448/3448 3480/3480/3480 3481/3481/3481 3449/3449/3449
f 3449/3449/3449 3481/3481/3481 3482/3482/3482 3450/3450/3450
f 3450/3450/3450 3482/3482/3482 3483/3483/3483 3451/3451/3451
f 3451/3451/3451 3483/3483/3483 3484/3484/3484 3452/3452/3452
f 3452/3452/3452 3484/3484/3484 3485/3485/3485 3453/3453/3453
f 3453/3453/3453 3485/3485/3485 3486/3486/3486 3454/3454/3454
f 3454/3454/3454 3486/3486/3486 3487/3487/3487 3455/3455/3455
f 3455/3455/3455 3487/3487/3487 3488/3488/3488 3456/3456/3456
f 3456/3456/3456 3488/3488/3488 3489/3489/3489 3457/3457/3457
f 3457/3457/3457 3489/3489/3489 3490/3490/3490 3458/3458/3458
f 3458/3458/3458 3490/3490/3490 3491/3491/3491 3459/3459/3459
f 3459/3459/3459 3491/3491/3491 3492/3492/3492 3460/3460/3460
f 3460/3460/3460 3492/3492/3492 3493/3493/3493 3461/3461/3461
f 3461/3461/3461 3493/3493/3493 3494/3494/3494 3462/3462/3462
f 3462/3462/3462 3494/3494/3494 3495/3495/3495 3463/3463/3463
f 3463/3463/3463 3495/3495/3495 3496/3496/3496 3464/3464/3464
f 3465/3465/3465 3497/3497/3497 3498/3498/3498 3466/3466/3466
f 3466/3466/3466 3498/3498/3498 3499/3499/3499 3467/3467/3467
f 3467/3467/3467 3499/3499/3499 3500/3500/3500 3468/3468/3468
f 3468/3468/3468 3500/3500/3500 3501/3501/3501 3469/3469/3469
f 3469/3469/3469 3501/3501/3501 3502/3502/3502 3470/3470/3470
f 3470/3470/3470 3502/3502/3502 3503/3503/3503 3471/3471/3471
f 3471/3471/3471 3503/3503/3503 3504/3504/3504 3472/3472/3472
f 3472/3472/3472 3504/3504/3504 3505/3505/3505 3473/3473/3473
f 3473/3473/3473 3505/3505/3505 3506/3506/3506 3474/3474/3474
f 3474/3474/3474 3506/3506/3506 3507/3507/3507 3475/3475/3475
f 3475/3475/3475 3507/3507/3507 3508/3508/3508 3476/3476/3476
f 3476/3476/3476 3508/3508/3508 3509/3509/3509 3477/3477/3477
f 3477/3477/3477 3509/3509/3509 3510/3510/3510 3478/3478/3478
f 3478/3478/3478 3510/3510/3510 3511/3511/3511 3479/3479/3479
f 3479/3479/3479 3511/3511/3511 3512/3512/3512 3480/3480/3480
f 3480/3480/3480 3512/3512/3512 3513/3513/3513 3481/3481/3481
f 3481/3481/3481 3513/3513/3513 3514/3514/3514 3482/3482/3482
f 3482/3482/3482 3514/3514/3514 3515/3515/3515 3483/3483/3483
f 3483/3483/3483 3515/3515/3515 3516/3516/3516 3484/3484/3484
f 3484/3484/3484 3516/3516/3516 3517/3517/3517 3485/3485/3485
f 3485/3485/3485 3517/3517/3517 3518/3518/3518 3486/3486/3486
f 3486/3486/3486 3518/3518/3518 3519/3519/3519 3487/3487/3487
f 3487/3487/3487 3519/3519/3519 3520/3520/3520 3488/3488/3488
f 3488/3488/3488 3520/3520/3520 3521/3521/3521 3489/3489/3489
f 3489/3489/3489 3521/3521/3521 3522/3522/3522 3490/3490/3490
f 3490/3490/3490 3522/3522/3522 3523/3523/3523 3491/3491/3491
f 3491/3491/3491 3523/3523/3523 3524/3524/3524 3492/3492/3492
f 3492/3492/3492 3524/3524/3524 3525/3525/3525 3493/3493/3493
f 3493/3493/3493 3525/3525/3525 3526/3526/3526 3494/3494/3494
f 3494/3494/3494 3526/3526/3526 3527/3527/3527 3495/3495/3495
f 3495/3495/3495 3527/3527/3527 3528/3528/3528 3496/3496/3496
f 3497/3497/3497 3529/3529/3529 3530/3530/3530 3498/3498/3498
f 3498/3498/3498 3530/3530/3530 3531/3531/3531 3499/3499/3499
f 3499/3499/3499 3531/3531/3531 3532/3532/3532 3500/3500/3500
f 3500/3500/3500 3532/3532/3532 3533/3533/3533 3501/3501/3501
f 3501/3501/3501 3533/3533/3533 3534/3534/3534 3502/3502/3502
f 3502/3502/3502 3534/3534/3534 3535/3535/3535 3503/3503/3503
f 3503/3503/3503 3535/3535/3535 3536/3536/3536 3504/3504/3504
f 3504/3504/3504 3536/3536/3536 3537/3537/3537 3505/3505/3505
f 3505/3505/3505 3537/3537/3537 3538/3538/3538 3506/3506/3506
f 3506/3506/3506 3538/3538/3538 3539/3539/3539 3507/3507/3507
f 3507/3507/3507 3539/3539/3539 3540/3540/3540 3508/3508/3508
f 3508/3508/3508 3540/3540/3540 3541/3541/3541 3509/3509/3509
f 3509/3509/3509 3541/3541/3541 3542/3542/3542 3510/3510/3510
f 3510/3510/3510 3542/3542/3542 3543/3543/3543 3511/3511/3511
f 3511/3511/3511 3543/3543/3543 3544/3544/3544 3512/3512/3512
f 3512/3512/3512 3544/3544/3544 3545/3545/3545 3513/3513/3513
f 3513/3513/3513 3545/3545/3545 3546/3546/3546 3514/3514/3514
f 3514/3514/3514 3546/3546/3546 3547/3547/3547 3515/3515/3515
f 3515/3515/3515 3547/3547/3547 3548/3548/3548 3516/3516/3516
f 3516/3516/3516 3548/3548/3548 3549/3549/3549 3517/3517/3517
f 3517/3517/3517 3549/3549/3549 3550/3550/3550 3518/3518/3518
f 3518/3518/3518 3550/3550/3550 3551/3551/3551 3519/3519/3519
f 3519/3519/3519 3551/3551/3551 3552/3552/3552 3520/3520/3520
f 3520/3520/3520 3552/3552/3552 3553/3553/3553 3521/3521/3521
f 3521/3521/3521 3553/3553/3553 3554/3554/3554 3522/3522/3522
f 3522/3522/3522 3554/3554/3554 3555/3555/3555 3523/3523/3523
f 3523/3523/3523 3555/3555/3555 3556/3556/3556 3524/3524/3524
f 3524/3524/3524 3556/3556/3556 3557/3557/3557 3525/3525/3525
f 3525/3525/3525 3557/3557/3557 3558/3558/3558 3526/3526/3526
f 3526/3526/3526 3558/3558/3558 3559/3559/3559 3527/3527/3527
f 3527/3527/3527 3559/3559/3559 3560/3560/3560 3528/3528/3528
f 3529/3529/3529 3561/3561/3561 3562/3562/3562 3530/3530/3530
f 3530/3530/3530 3562/3562/3562 3563/3563/3563 3531/3531/3531
f 3531/3531/3531 3563/3563/3563 3564/3564/3564 3532/3532/3532
f 3532/3532/3532 3564/3564/3564 3565/3565/3565 3533/3533/3533
f 3533/3533/3533 3565/3565/3565 3566/3566/3566 3534/3534/3534
f 3534/3534/3534 3566/3566/3566 3567/3567/3567 3535/3535/3535
f 3535/3535/3535 3567/3567/3567 3568/3568/3568 3536/3536/3536
f 3536/3536/3536 3568/3568/3568 3569/3569/3569 3537/3537/3537
f 3537/3537/3537 3569/3569/3569 3570/3570/3570 3538/3538/3538
f 3538/3538/3538 3570/3570/3570 3571/3571/3571 3539/3539/3539
f 3539/3539/3539 3571/3571/3571 3572/3572/3572 3540/3540/3540
f 3540/3540/3540 3572/3572/3572 3573/3573/3573 3541/3541/3541
f 3541/3541/3541 3573/3573/3573 3574/3574/3574 3542/3542/3542
f 3542/3542/3542 3574/3574/3574 3575/3575/3575 3543/3543/3543
f 3543/3543/3543 3575/3575/3575 3576/3576/3576 3544/3544/3544
f 3544/3544/3544 3576/3576/3576 3577/3577/3577 3545/3545/3545
f 3545/3545/3545 3577/3577/3577 3578/3578/3578 3546/3546/3546
f 3546/3546/3546 3578/3578/3578 3579/3579/3579 3547/3547/3547
f 3547/3547/3547 3579/3579/3579 3580/3580/3580 3548/3548/3548
f 3548/3548/3548 3580/3580/3580 3581/3581/3581 3549/3549/3549
f 3549/3549/3549 3581/3581/3581 3582/3582/3582 3550/3550/3550
f 3550/3550/3550 3582/3582/3582 3583/3583/3583 3551/3551/3551
f 3551/3551/3551 3583/3583/3583 3584/3584/3584 3552/3552/3552
f 3552/3552/3552 3584/3584/3584 3585/3585/3585 3553/3553/3553
f 3553/3553/3553 3585/3585/3585 3586/3586/3586 3554/3554/3554
f 3554/3554/3554 3586/3586/3586 3587/3587/3587 3555/3555/3555
f 3555/3555/3555 3587/3587/3587 3588/3588/3588 3556/3556/3556
f 3556/3556/3556 3588/3588/3588 3589/3589/3589 3557/3557/3557
f 3557/3557/3557 3589/3589/3589 3590/3590/3590 3558/3558/3558
f 3558/3558/3558 3590/3590/3590 3591/3591/3591 3559/3559/3559
f 3559/3559/3559 3591/3591/3591 3592/3592/3592 3560/3560/3560
f 3561/3561/3561 3593/3593/3593 3594/3594/3594 3562/3562/3562
f 3562/3562/3562 3594/3594/3594 3595/3595/3595 3563/3563/3563
f 3563/3563/3563 3595/3595/3595 3596/3596/3596 3564/3564/3564
f 3564/3564/3564 3596/3596/3596 3597/3597/3597 3565/3565/3565
f 3565/3565/3565 3597/3597/3597 3598/3598/3598 3566/3566/3566
f 3566/3566/3566 3598/3598/3598 3599/3599/3599 3567/3567/3567
f 3567/3567/3567 3599/3599/3599 3600/3600/3600 3568/3568/3568
f 3568/3568/3568 3600/3600/3600 3601/3601/3601 3569/3569/3569
f 3569/3569/3569 3601/3601/3601 3602/3602/3602 3570/3570/3570
f 3570/3570/3570 3602/3602/3602 3603/3603/3603 3571/3571/3571
f 3571/3571/3571 3603/3603/3603 3604/3604/3604 3572/3572/3572
f 3572/3572/3572 3604/3604/3604 3605/3605/3605 3573/3573/3573
f 3573/3573/3573 3605/3605/3605 3606/3606/3606 3574/3574/3574
f 3574/3574/3574 3606/3606/3606 3607/3607/3607 3575/3575/3575
f 3575/3575/3575 3607/3607/3607 3608/3608/3608 3576/3576/3576
f 3576/3576/3576 3608/3608/3608 3609/3609/3609 3577/3577/3577
f 3577/3577/3577 3609/3609/3609 3610/3610/3610 3578/3578/3578
f 3578/3578/3578 3610/3610/3610 3611/3611/3611 3579/3579/3579
f 3579/3579/3579 3611/3611/3611 3612/3612/3612 3580/3580/3580
f 3580/3580/3580 3612/3612/3612 3613/3613/3613 3581/3581/3581
f 3581/3581/3581 3613/3613/3613 3614/3614/3614 3582/3582/3582
f 3582/3582/3582 3614/3614/3614 3615/3615/3615 3583/3583/3583
f 3583/3583/3583 3615/3615/3615 3616/3616/3616 3584/3584/3584
f 3584/3584/3584 3616/3616/3616 3617/3617/3617 3585/3585/3585
f 3585/3585/3585 3617/3617/3617 3618/3618/3618 3586/3586/3586
f 3586/3586/3586 3618/3618/3618 3619/3619/3619 3587/3587/3587
f 3587/3587/3587 3619/3619/3619 3620/3620/3620 3588/3588/3588
f 3588/3588/3588 3620/3620/3620 3621/3621/3621 3589/3589/3589
f 3589/3589/3589 3621/3621/3621 3622/3622/3622 3590/3590/3590
f 3590/3590/3590 3622/3622/3622 3623/3623/3623 3591/3591/3591
f 3591/3591/3591 3623/3623/3623 3624/3624/3624 3592/3592/3592
f 3593/3593/3593 3625/3625/3625 3626/3626/3626 3594/3594/3594
f 3594/3594/3594 3626/3626/3626 3627/3627/3627 3595/3595/3595
f 3595/3595/3595 3627/3627/3627 3628/3628/3628 3596/3596/3596
f 3596/3596/3596 3628/3628/3628 3629/3629/3629 3597/3597/3597
f 3597/3597/3597 3629/3629/3629 3630/3630/3630 3598/3598/3598
f 3598/3598/3598 3630/3630/3630 3631/3631/3631 3599/3599/3599
f 3599/3599/3599 3631/3631/3631 3632/3632/3632 3600/3600/3600
f 3600/3600/3600 3632/3632/3632 3633/3633/3633 3601/3601/3601
f 3601/3601/3601 3633/3633/3633 3634/3634/3634 3602/3602/3602
f 3602/3602/3602 3634/3634/3634 3635/3635/3635 3603/3603/3603
f 3603/3603/3603 3635/3635/3635 3636/3636/3636 3604/3604/3604
f 3604/3604/3604 3636/3636/3636 3637/3637/3637 3605/3605/3605
f 3605/3605/3605 3637/3637/3637 3638/3638/3638 3606/3606/3606
f 3606/3606/3606 3638/3638/3638 3639/3639/3639 3607/3607/3607
f 3607/3607/3607 3639/3639/3639 3640/3640/3640 3608/3608/3608
f 3608/3608/3608 3640/3640/3640 3641/3641/3641 3609/3609/3609
f 3609/3609/3609 3641/3641/3641 3642/3642/3642 3610/3610/3610
f 3610/3610/3610 3642/3642/3642 3643/3643/3643 3611/3611/3611
f 3611/3611/3611 3643/3643/3643 3644/3644/3644 3612/3612/3612
f 3612/3612/3612 3644/3644/3644 3645/3645/3645 3613/3613/3613
f 3613/3613/3613 3645/3645/3645 3646/3646/3646 3614/3614/3614
f 3614/3614/3614 3646/3646/3646 3647/3647/3647 3615/3615/3615
f 3615/3615/3615 3647/3647/3647 3648/3648/3648 3616/3616/3616
f 3616/3616/3616 3648/3648/3648 3649/3649/3649 3617/3617/3617
f 3617/3617/3617 3649/3649/3649 3650/3650/3650 3618/3618/3618
f 3618/3618/3618 3650/3650/3650 3651/3651/3651 3619/3619/3619
f 3619/3619/3619 3651/3651/3651 3652/3652/3652 3620/3620/3620
f 3620/3620/3620 3652/3652/3652 3653/3653/3653 3621/3621/3621
f 3621/3621/3621 3653/3653/3653 3654/3654/3654 3622/3622/3622
f 3622/3622/3622 3654/3654/3654 3655/3655/3655 3623/3623/3623
f 3623/3623/3623 3655/3655/3655 3656/3656/3656 3624/3624/3624
f 3625/3625/3625 3657/3657/3657 3658/3658/3658 3626/3626/3626
f 3626/3626/3626 3658/3658/3658 3659/3659/3659 3627/3627/3627
f 3627/3627/3627 3659/3659/3659 3660/3660/3660 3628/3628/3628
f 3628/3628/3628 3660/3660/3660 3661/3661/3661 3629/3629/3629
f 3629/3629/3629 3661/3661/3661 3662/3662/3662 3630/3630/3630
f 3630/3630/3630 3662/3662/3662 3663/3663/3663 3631/3631/3631
f 3631/3631/3631 3663/3663/3663 3664/3664/3664 3632/3632/3632
f 3632/3632/3632 3664/3664/3664 3665/3665/3665 3633/3633/3633
f 3633/3633/3633 3665/3665/3665 3666/3666/3666 3634/3634/3634
f 3634/3634/3634 3666/3666/3666 3667/3667/3667 3635/3635/3635
f 3635/3635/3635 3667/3667/3667 3668/3668/3668 3636/3636/3636
f 3636/3636/3636 3668/3668/3668 3669/3669/3669 3637/3637/3637
f 3637/3637/3637 3669/3669/3669 3670/3670/3670 3638/3638/3638
f 3638/3638/3638 3670/3670/3670 3671/3671/3671 3639/3639/3639
f 3639/3639/3639 3671/3671/3671 3672/3672/3672 3640/3640/3640
f 3640/3640/3640 3672/3672/3672 3673/3673/3673 3641/3641/3641
f 3641/3641/3641 3673/3673/3673 3674/3674/3674 3642/3642/3642
f 3642/3642/3642 3674/3674/3674 3675/3675/3675 3643/3643/3643
f 3643/3643/3643 3675/3675/3675 3676/3676/3676 3644/3644/3644
f 3644/3644/3644 3676/3676/3676 3677/3677/3677 3645/3645/3645
f 3645/3645/3645 3677/3677/3677 3678/3678/3678 3646/3646/3646
f 3646/3646/3646 3678/3678/3678 3679/3679/3679 3647/3647/3647
f 3647/3647/3647 3679/3679/3679 3680/3680/3680 3648/3648/3648
f 3648/3648/3648 3680/3680/3680 3681/3681/3681 3649/3649/3649
f 3649/3649/3649 3681/3681/3681 3682/3682/3682 3650/3650/3650
f 3650/3650/3650 3682/3682/3682 3683/3683/3683 3651/3651/3651
f 3651/3651/3651 3683/3683/3683 3684/3684/3684 3652/3652/3652
f 3652/3652/3652 3684/3684/3684 3685/3685/3685 3653/3653/3653
f 3653/3653/3653 3685/3685/3685 3686/3686/3686 3654/3654/3654
f 3654/3654/3654 3686/3686/3686 3687/3687/3687 3655/3655/3655
f 3655/3655/3655 3687/3687/3687 3688/3688/3688 3656/3656/3656
f 3657/3657/3657 3689/3689/3689 3690/3690/3690 3658/3658/3658
f 3658/3658/3658 3690/3690/3690 3691/3691/3691 3659/3659/3659
f 3659/3659/3659 3691/3691/3691 3692/3692/3692 3660/3660/3660
f 3660/3660/3660 3692/3692/3692 3693/3693/3693 3661/3661/3661
f 3661/3661/3661 3693/3693/3693 3694/3694/3694 3662/3662/3662
f 3662/3662/3662 3694/3694/3694 3695/3695/3695 3663/3663/3663
f 3663/3663/3663 3695/3695/3695 3696/3696/3696 3664/3664/3664
f 3664/3664/3664 3696/3696/3696 3697/3697/3697 3665/3665/3665
f 3665/3665/3665 3697/3697/3697 3698/3698/3698 3666/3666/3666
f 3666/3666/3666 3698/3698/3698 3699/3699/3699 3667/3667/3667
f 3667/3667/3667 3699/3699/3699 3700/3700/3700 3668/3668/3668
f 3668/3668/3668 3700/3700/3700 3701/3701/3701 3669/3669/3669
f 3669/3669/3669 3701/3701/3701 3702/3702/3702 3670/3670/3670
f 3670/3670/3670 3702/3702/3702 3703/3703/3703 3671/3671/3671
f 3671/3671/3671 3703/3703/3703 3704/3704/3704 3672/3672/3672
f 3672/3672/3672 3704/3704/3704 3705/3705/3705 3673/3673/3673
f 3673/3673/3673 3705/3705/3705 3706/3706/3706 3674/3674/3674
f 3674/3674/3674 3706/3706/3706 3707/3707/3707 3675/3675/3675
f 3675/3675/3675 3707/3707/3707 3708/3708/3708 3676/3676/3676
f 3676/3676/3676 3708/3708/3708 3709/3709/3709 3677/3677/3677
f 3677/3677/3677 3709/3709/3709 3710/3710/3710 3678/3678/3678
f 3678/3678/3678 3710/3710/3710 3711/3711/3711 3679/3679/3679
f 3679/3679/3679 3711/3711/3711 3712/3712/3712 3680/3680/3680
f 3680/3680/3680 3712/3712/3712 3713/3713/3713 3681/3681/3681
f 3681/3681/3681 3713/3713/3713 3714/3714/3714 3682/3682/3682
f 3682/3682/3682 3714/3714/3714 3715/3715/3715 3683/3683/3683
f 3683/3683/3683 3715/3715/3715 3716/3716/3716 3684/3684/3684
f 3684/3684/3684 3716/3716/3716 3717/3717/3717 3685/3685/3685
f 3685/3685/3685 3717/3717/3717 3718/3718/3718 3686/3686/3686
f 3686/3686/3686 3718/3718/3718 3719/3719/3719 3687/3687/3687
f 3687/3687/3687 3719/3719/3719 3720/3720/3720 3688/3688/3688
f 3689/3689/3689 3721/3721/3721 3722/3722/3722 3690/3690/3690
f 3690/3690/3690 3722/3722/3722 3723/3723/3723 3691/3691/3691
f 3691/3691/3691 3723/3723/3723 3724/3724/3724 3692/3692/3692
f 3692/3692/3692 3724/3724/3724 3725/3725/3725 3693/3693/3693
f 3693/3693/3693 3725/3725/3725 3726/3726/3726 3694/3694/3694
f 3694/3694/3694 3726/3726/3726 3727/3727/3727 3695/3695/3695
f 3695/3695/3695 3727/3727/3727 3728/3728/3728 3696/3696/3696
f 3696/3696/3696 3728/3728/3728 3729/3729/3729 3697/3697/3697
f 3697/3697/3697 3729/3729/3729 3730/3730/3730 3698/3698/3698
f 3698/3698/3698 3730/3730/3730 3731/3731/3731 3699/3699/3699
f 3699/3699/3699 3731/3731/3731 3732/3732/3732 3700/3700/3700
f 3700/3700/3700 3732/3732/3732 3733/3733/3733 3701/3701/3701
f 3701/3701/3701 3733/3733/3733 3734/3734/3734 3702/3702/3702
f 3702/3702/3702 3734/3734/3734 3735/3735/3735 3703/3703/3703
f 3703/3703/3703 3735/3735/3735 3736/3736/3736 3704/3704/3704
f 3704/3704/3704 3736/3736/3736 3737/3737/3737 3705/3705/3705
f 3705/3705/3705 3737/3737/3737 3738/3738/3738 3706/3706/3706
f 3706/3706/3706 3738/3738/3738 3739/3739/3739 3707/3707/3707
f 3707/3707/3707 3739/3739/3739 3740/3740/3740 3708/3708/3708
f 3708/3708/3708 3740/3740/3740 3741/3741/3741 3709/3709/3709
f 3709/3709/3709 3741/3741/3741 3742/3742/3742 3710/3710/3710
f 3710/3710/3710 3742/3742/3742 3743/3743/3743 3711/3711/3711
f 3711/3711/3711 3743/3743/3743 3744/3744/3744 3712/3712/3712
f 3712/3712/3712 3744/3744/3744 3745/3745/3745 3713/3713/3713
f 3713/3713/3713 3745/3745/3745 3746/3746/3746 3714/3714/3714
f 3714/3714/3714 3746/3746/3746 3747/3747/3747 3715/3715/3715
f 3715/3715/3715 3747/3747/3747 3748/3748/3748 3716/3716/3716
f 3716/3716/3716 3748/3748/3748 3749/3749/3749 3717/3717/3717
f 3717/3717/3717 3749/3749/3749 3750/3750/3750 3718/3718/3718
f 3718/3718/3718 3750/3750/3750 3751/3751/3751 3719/3719/3719
f 3719/3719/3719 3751/3751/3751 3752/3752/3752 3720/3720/3720
f 3721/3721/3721 3753/3753/3753 3754/3754/3754 3722/3722/3722
f 3722/3722/3722 3754/3754/3754 3755/3755/3755 3723/3723/3723
f 3723/3723/3723 3755/3755/3755 3756/3756/3756 3724/3724/3724
f 3724/3724/3724 3756/3756/3756 3757/3757/3757 3725/3725/3725
f 3725/3725/3725 3757/3757/3757 3758/3758/3758 3726/3726/3726
f 3726/3726/3726 3758/3758/3758 3759/3759/3759 3727/3727/3727
f 3727/3727/3727 3759/3759/3759 3760/3760/3760 3728/3728/3728
f 3728/3728/3728 3760/3760/3760 3761/3761/3761 3729/3729/3729
f 3729/3729/3729 3761/3761/3761 3762/3762/3762 3730/3730/3730
f 3730/3730/3730 3762/3762/3762 3763/3763/3763 3731/3731/3731
f 3731/3731/3731 3763/3763/3763 3764/3764/3764 3732/3732/3732
f 3732/3732/3732 3764/3764/3764 3765/3765/3765 3733/3733/3733
f 3733/3733/3733 3765/3765/3765 3766/3766/3766 3734/3734/3734
f 3734/3734/3734 3766/3766/3766 3767/3767/3767 3735/3735/3735
f 3735/3735/3735 3767/3767/3767 3768/3768/3768 3736/3736/3736
f 3736/3736/3736 3768/3768/3768 3769/3769/3769 3737/3737/3737
f 3737/3737/3737 3769/3769/3769 3770/3770/3770 3738/3738/3738
f 3738/3738/3738 3770/3770/3770 3771/3771/3771 3739/3739/3739
f 3739/3739/3739 3771/3771/3771 3772/3772/3772 3740/3740/3740
f 3740/3740/3740 3772/3772/3772 3773/3773/3773 3741/3741/3741
f 3741/3741/3741 3773/3773/3773 3774/3774/3774 3742/3742/3742
f 3742/3742/3742 3774/3774/3774 3775/3775/3775 3743/3743/3743
f 3743/3743/3743 3775/3775/3775 3776/3776/3776 3744/3744/3744
f 3744/3744/3744 3776/3776/3776 3777/3777/3777 3745/3745/3745
f 3745/3745/3745 3777/3777/3777 3778/3778/3778 3746/3746/3746
f 3746/3746/3746 3778/3778/3778 3779/3779/3779 3747/3747/3747
f 3747/3747/3747 3779/3779/3779 3780/3780/3780 3748/3748/3748
f 3748/3748/3748 3780/3780/3780 3781/3781/3781 3749/3749/3749
f 3749/3749/3749 3781/3781/3781 3782/3782/3782 3750/3750/3750
f 3750/3750/3750 3782/3782/3782 3783/3783/3783 3751/3751/3751
f 3751/3751/3751 3783/3783/3783 3784/3784/3784 3752/3752/3752
f 3753/3753/3753 3785/3785/3785 3786/3786/3786 3754/3754/3754
f 3754/3754/3754 3786/3786/3786 3787/3787/3787 3755/3755/3755
f 3755/3755/3755 3787/3787/3787 3788/3788/3788 3756/3756/3756
f 3756/3756/3756 3788/3788/3788 3789/3789/3789 3757/3757/3757
f 3757/3757/3757 3789/3789/3789 3790/3790/3790 3758/3758/3758
f 3758/3758/3758 3790/3790/3790 3791/3791/3791 3759/3759/3759
f 3759/3759/3759 3791/3791/3791 3792/3792/3792 3760/3760/3760
f 3760/3760/3760 3792/3792/3792 3793/3793/3793 3761/3761/3761
f 3761/3761/3761 3793/3793/3793 3794/3794/3794 3762/3762/3762
f 3762/3762/3762 3794/3794/3794 3795/3795/3795 3763/3763/3763
f 3763/3763/3763 3795/3795/3795 3796/3796/3796 3764/3764/3764
f 3764/3764/3764 3796/3796/3796 3797/3797/3797 3765/3765/3765
f 3765/3765/3765 3797/3797/3797 3798/3798/3798 3766/3766/3766
f 3766/3766/3766 3798/3798/3798 3799/3799/3799 3767/3767/3767
f 3767/3767/3767 3799/3799/3799 3800/3800/3800 3768/3768/3768
f 3768/3768/3768 3800/3800/3800 3801/3801/3801 3769/3769/3769
f 3769/3769/3769 3801/3801/3801 3802/3802/3802 3770/3770/3770
f 3770/3770/3770 3802/3802/3802 3803/3803/3803 3771/3771/3771
f 3771/3771/3771 3803/3803/3803 3804/3804/3804 3772/3772/3772
f 3772/3772/3772 3804/3804/3804 3805/3805/3805 3773/3773/3773
f 3773/3773/3773 3805/3805/3805 3806/3806/3806 3774/3774/3774
f 3774/3774/3774 3806/3806/3806 3807/3807/3807 3775/3775/3775
f 3775/3775/3775 3807/3807/3807 3808/3808/3808 3776/3776/3776
f 3776/3776/3776 3808/3808/3808 3809/3809/3809 3777/3777/3777
f 3777/3777/3777 3809/3809/3809 3810/3810/3810 3778/3778/3778
f 3778/3778/3778 3810/3810/3810 3811/3811/3811 3779/3779/3779
f 3779/3779/3779 3811/3811/3811 3812/3812/3812 3780/3780/3780
f 3780/3780/3780 3812/3812/3812 3813/3813/3813 3781/3781/3781
f 3781/3781/3781 3813/3813/3813 3814/3814/3814 3782/3782/3782
f 3782/3782/3782 3814/3814/3814 3815/3815/3815 3783/3783/3783
f 3783/3783/3783 3815/3815/3815 3816/3816/3816 3784/3784/3784
f 3785/3785/3785 3817/3817/3817 3818/3818/3818 3786/3786/3786
f 3786/3786/3786 3818/3818/3818 3819/3819/3819 3787/3787/3787
f 3787/3787/3787 3819/3819/3819 3820/3820/3820 3788/3788/3788
f 3788/3788/3788 3820/3820/3820 3821/3821/3821 3789/3789/3789
f 3789/3789/3789 3821/3821/3821 3822/3822/3822 3790/3790/3790
f 3790/3790/3790 3822/3822/3822 3823/3823/3823 3791/3791/3791
f 3791/3791/3791 3823/3823/3823 3824/3824/3824 3792/3792/3792
f 3792/3792/3792 3824/3824/3824 3825/3825/3825 3793/3793/3793
f 3793/3793/3793 3825/3825/3825 3826/3826/3826 3794/3794/3794
f 3794/3794/3794 3826/3826/3826 3827/3827/3827 3795/3795/3795
f 3795/3795/3795 3827/3827/3827 3828/3828/3828 3796/3796/3796
f 3796/3796/3796 3828/3828/3828 3829/3829/3829 3797/3797/3797
f 3797/3797/3797 3829/3829/3829 3830/3830/3830 3798/3798/3798
f 3798/3798/3798 3830/3830/3830 3831/3831/3831 3799/3799/3799
f 3799/3799/3799 3831/3831/3831 3832/3832/3832 3800/3800/3800
f 3800/3800/3800 3832/3832/3832 3833/3833/3833 3801/3801/3801
f 3801/3801/3801 3833/3833/3833 3834/3834/3834 3802/3802/3802
f 3802/3802/3802 3834/3834/3834 3835/3835/3835 3803/3803/3803
f 3803/3803/3803 3835/3835/3835 3836/3836/3836 3804/3804/3804
f 3804/3804/3804 3836/3836/3836 3837/3837/3837 3805/3805/3805
f 3805/3805/3805 3837/3837/3837 3838/3838/3838 3806/3806/3806
f 3806/3806/3806 3838/3838/3838 3839/3839/3839 3807/3807/3807
f 3807/3807/3807 3839/3839/3839 3840/3840/3840 3808/3808/3808
f 3808/3808/3808 3840/3840/3840 3841/3841/3841 3809/3809/3809
f 3809/3809/3809 3841/3841/3841 3842/3842/3842 3810/3810/3810
f 3810/3810/3810 3842/3842/3842 3843/3843/3843 3811/3811/3811
f 3811/3811/3811 3843/3843/3843 3844/3844/3844 3812/3812/3812
f 3812/3812/3812 3844/3844/3844 3845/3845/3845 3813/3813/3813
f 3813/3813/3813 3845/3845/3845 3846/3846/3846 3814/3814/3814
f 3814/3814/3814 3846/3846/3846 3847/3847/3847 3815/3815/3815
f 3815/3815/3815 3847/3847/3847 3848/3848/3848 3816/3816/3816
f 3817/3817/3817 3849/3849/3849 3850/3850/3850 3818/3818/3818
f 3818/3818/3818 3850/3850/3850 3851/3851/3851 3819/3819/3819
f 3819/3819/3819 3851/3851/3851 3852/3852/3852 3820/3820/3820
f 3820/3820/3820 3852/3852/3852 3853/3853/3853 3821/3821/3821
f 3821/3821/3821 3853/3853/3853 3854/3854/3854 3822/3822/3822
f 3822/3822/3822 3854/3854/3854 3855/3855/3855 3823/3823/3823
f 3823/3823/3823 3855/3855/3855 3856/3856/3856 3824/3824/3824
f 3824/3824/3824 3856/3856/3856 3857/3857/3857 3825/3825/3825
f 3825/3825/3825 3857/3857/3857 3858/3858/3858 3826/3826/3826
f 3826/3826/3826 3858/3858/3858 3859/3859/3859 3827/3827/3827
f 3827/3827/3827 3859/3859/3859 3860/3860/3860 3828/3828/3828
f 3828/3828/3828 3860/3860/3860 3861/3861/3861 3829/3829/3829
f 3829/3829/3829 3861/3861/3861 3862/3862/3862 3830/3830/3830
f 3830/3830/3830 3862/3862/3862 3863/3863/3863 3831/3831/3831
f 3831/3831/3831 3863/3863/3863 3864/3864/3864 3832/3832/3832
f 3832/3832/3832 3864/3864/3864 3865/3865/3865 3833/3833/3833
f 3833/3833/3833 3865/3865/3865 3866/3866/3866 3834/3834/3834
f 3834/3834/3834 3866/3866/3866 3867/3867/3867 3835/3835/3835
f 3835/3835/3835 3867/3867/3867 3868/3868/3868 3836/3836/3836
f 3836/3836/3836 3868/3868/3868 3869/3869/3869 3837/3837/3837
f 3837/3837/3837 3869/3869/3869 3870/3870/3870 3838/3838/3838
f 3838/3838/3838 3870/3870/3870 3871/3871/3871 3839/3839/3839
f 3839/3839/3839 3871/3871/3871 3872/3872/3872 3840/3840/3840
f 3840/3840/3840 3872/3872/3872 3873/3873/3873 3841/3841/3841
f 3841/3841/3841 3873/3873/3873 3874/3874/3874 3842/3842/3842
f 3842/3842/3842 3874/3874/3874 3875/3875/3875 3843/3843/3843
f 3843/3843/3843 3875/3875/3875 3876/3876/3876 3844/3844/3844
f 3844/3844/3844 3876/3876/3876 3877/3877/3877 3845/3845/3845
f 3845/3845/3845 3877/3877/3877 3878/3878/3878 3846/3846/3846
f 3846/3846/3846 3878/3878/3878 3879/3879/3879 3847/3847/3847
f 3847/3847/3847 3879/3879/3879 3880/3880/3880 3848/3848/3848
f 3849/3849/3849 3881/3881/3881 3882/3882/3882 3850/3850/3850
f 3850/3850/3850 3882/3882/3882 3883/3883/3883 3851/3851/3851
f 3851/3851/3851 3883/3883/3883 3884/3884/3884 3852/3852/3852
f 3852/3852/3852 3884/3884/3884 3885/3885/3885 3853/3853/3853
f 3853/3853/3853 3885/3885/3885 3886/3886/3886 3854/3854/3854
f 3854/3854/3854 3886/3886/3886 3887/3887/3887 3855/3855/3855
f 3855/3855/3855 3887/3887/3887 3888/3888/3888 3856/3856/3856
f 3856/3856/3856 3888/3888/3888 3889/3889/3889 3857/3857/3857
f 3857/3857/3857 3889/3889/3889 3890/3890/3890 3858/3858/3858
f 3858/3858/3858 3890/3890/3890 3891/3891/3891 3859/3859/3859
f 3859/3859/3859 3891/3891/3891 3892/3892/3892 3860/3860/3860
f 3860/3860/3860 3892/3892/3892 3893/3893/3893 3861/3861/3861
f 3861/3861/3861 3893/3893/3893 3894/3894/3894 3862/3862/3862
f 3862/3862/3862 3894/3894/3894 3895/3895/3895 3863/3863/3863
f 3863/3863/3863 3895/3895/3895 3896/3896/3896 3864/3864/3864
f 3864/3864/3864 3896/3896/3896 3897/3897/3897 3865/3865/3865
f 3865/3865/3865 3897/3897/3897 3898/3898/3898 3866/3866/3866
f 3866/3866/3866 3898/3898/3898 3899/3899/3899 3867/3867/3867
f 3867/3867/3867 3899/3899/3899 3900/3900/3900 3868/3868/3868
f 3868/3868/3868 3900/3900/3900 3901/3901/3901 3869/3869/3869
f 3869/3869/3869 3901/3901/3901 3902/3902/3902 3870/3870/3870
f 3870/3870/3870 3902/3902/3902 3903/3903/3903 3871/3871/3871
f 3871/3871/3871 3903/3903/3903 3904/3904/3904 3872/3872/3872
f 3872/3872/3872 3904/3904/3904 3905/3905/3905 3873/3873/3873
f 3873/3873/3873 3905/3905/3905 3906/3906/3906 3874/3874/3874
f 3874/3874/3874 3906/3906/3906 3907/3907/3907 3875/3875/3875
f 3875/3875/3875 3907/3907/3907 3908/3908/3908 3876/3876/3876
f 3876/3876/3876 3908/3908/3908 3909/3909/3909 3877/3877/3877
f 3877/3877/3877 3909/3909/3909 3910/3910/3910 3878/3878/3878
f 3878/3878/3878 3910/3910/3910 3911/3911/3911 3879/3879/3879
f 3879/3879/3879 3911/3911/3911 3912/3912/3912 3880/3880/3880
f 3881/3881/3881 3913/3913/3913 3914/3914/3914 3882/3882/3882
f 3882/3882/3882 3914/3914/3914 3915/3915/3915 3883/3883/3883
f 3883/3883/3883 3915/3915/3915 3916/3916/3916 3884/3884/3884
f 3884/3884/3884 3916/3916/3916 3917/3917/3917 3885/3885/3885
f 3885/3885/3885 3917/3917/3917 3918/3918/3918 3886/3886/3886
f 3886/3886/3886 3918/3918/3918 3919/3919/3919 3887/3887/3887
f 3887/3887/3887 3919/3919/3919 3920/3920/3920 3888/3888/3888
f 3888/3888/3888 3920/3920/3920 3921/3921/3921 3889/3889/3889
f 3889/3889/3889 3921/3921/3921 3922/3922/3922 3890/3890/3890
f 3890/3890/3890 3922/3922/3922 3923/3923/3923 3891/3891/3891
f 3891/3891/3891 3923/3923/3923 3924/3924/3924 3892/3892/3892
f 3892/3892/3892 3924/3924/3924 3925/3925/3925 3893/3893/3893
f 3893/3893/3893 3925/3925/3925 3926/3926/3926 3894/3894/3894
f 3894/3894/3894 3926/3926/3926 3927/3927/3927 3895/3895/3895
f 3895/3895/3895 3927/3927/3927 3928/3928/3928 3896/3896/3896
f 3896/3896/3896 3928/3928/3928 3929/3929/3929 3897/3897/3897
f 3897/3897/3897 3929/3929/3929 3930/3930/3930 3898/3898/3898
f 3898/3898/3898 3930/3930/3930 3931/3931/3931 3899/3899/3899
f 3899/3899/3899 3931/3931/3931 3932/3932/3932 3900/3900/3900
f 3900/3900/3900 3932/3932/3932 3933/3933/3933 3901/3901/3901
f 3901/3901/3901 3933/3933/3933 3934/3934/3934 3902/3902/3902
f 3902/3902/3902 3934/3934/3934 3935/3935/3935 3903/3903/3903
f 3903/3903/3903 3935/3935/3935 3936/3936/3936 3904/3904/3904
f 3904/3904/3904 3936/3936/3936 3937/3937/3937 3905/3905/3905
f 3905/3905/3905 3937/3937/3937 3938/3938/3938 3906/3906/3906
f 3906/3906/3906 3938/3938/3938 3939/3939/3939 3907/3907/3907
f 3907/3907/3907 3939/3939/3939 3940/3940/3940 3908/3908/3908
f 3908/3908/3908 3940/3940/3940 3941/3941/3941 3909/3909/3909
f 3909/3909/3909 3941/3941/3941 3942/3942/3942 3910/3910/3910
f 3910/3910/3910 3942/3942/3942 3943/3943/3943 3911/3911/3911
f 3911/3911/3911 3943/3943/3943 3944/3944/3944 3912/3912/3912
f 3913/3913/3913 3945/3945/3945 3946/3946/3946 3914/3914/3914
f 3914/3914/3914 3946/3946/3946 3947/3947/3947 3915/3915/3915
f 3915/3915/3915 3947/3947/3947 3948/3948/3948 3916/3916/3916
f 3916/3916/3916 3948/3948/3948 3949/3949/3949 3917/3917/3917
f 3917/3917/3917 3949/3949/3949 3950/3950/3950 3918/3918/3918
f 3918/3918/3918 3950/3950/3950 3951/3951/3951 3919/3919/3919
f 3919/3919/3919 3951/3951/3951 3952/3952/3952 3920/3920/3920
f 3920/3920/3920 3952/3952/3952 3953/3953/3953 3921/3921/3921
f 3921/3921/3921 3953/3953/3953 3954/3954/3954 3922/3922/3922
f 3922/3922/3922 3954/3954/3954 3955/3955/3955 3923/3923/3923
f 3923/3923/3923 3955/3955/3955 3956/3956/3956 3924/3924/3924
f 3924/3924/3924 3956/3956/3956 3957/3957/3957 3925/3925/3925
f 3925/3925/3925 3957/3957/3957 3958/3958/3958 3926/3926/3926
f 3926/3926/3926 3958/3958/3958 3959/3959/3959 3927/3927/3927
f 3927/3927/3927 3959/3959/3959 3960/3960/3960 3928/3928/3928
f 3928/3928/3928 3960/3960/3960 3961/3961/3961 3929/3929/3929
f 3929/3929/3929 3961/3961/3961 3962/3962/3962 3930/3930/3930
f 3930/3930/3930 3962/3962/3962 3963/3963/3963 3931/3931/3931
f 3931/3931/3931 3963/3963/3963 3964/3964/3964 3932/3932/3932
f 3932/3932/3932 3964/3964/3964 3965/3965/3965 3933/3933/3933
f 3933/3933/3933 3965/3965/3965 3966/3966/3966 3934/3934/3934
f 3934/3934/3934 3966/3966/3966 3967/3967/3967 3935/3935/3935
f 3935/3935/3935 3967/3967/3967 3968/3968/3968 3936/3936/3936
f 3936/3936/3936 3968/3968/3968 3969/3969/3969 3937/3937/3937
f 3937/3937/3937 3969/3969/3969 3970/3970/3970 3938/3938/3938
f 3938/3938/3938 3970/3970/3970 3971/3971/3971 3939/3939/3939
f 3939/3939/3939 3971/3971/3971 3972/3972/3972 3940/3940/3940
f 3940/3940/3940 3972/3972/3972 3973/3973/3973 3941/3941/3941
f 3941/3941/3941 3973/3973/3973 3974/3974/3974 3942/3942/3942
f 3942/3942/3942 3974/3974/3974 3975/3975/3975 3943/3943/3943
f 3943/3943/3943 3975/3975/3975 3976/3976/3976 3944/3944/3944
f 3945/3945/3945 3977/3977/3977 3978/3978/3978 3946/3946/3946
f 3946/3946/3946 3978/3978/3978 3979/3979/3979 3947/3947/3947
f 3947/3947/3947 3979/3979/3979 3980/3980/3980 3948/3948/3948
f 3948/3948/3948 3980/3980/3980 3981/3981/3981 3949/3949/3949
f 3949/3949/3949 3981/3981/3981 3982/3982/3982 3950/3950/3950
f 3950/3950/3950 3982/3982/3982 3983/3983/3983 3951/3951/3951
f 3951/3951/3951 3983/3983/3983 3984/3984/3984 3952/3952/3952
f 3952/3952/3952 3984/3984/3984 3985/3985/3985 3953/3953/3953
f 3953/3953/3953 3985/3985/3985 3986/3986/3986 3954/3954/3954
f 3954/3954/3954 3986/3986/3986 3987/3987/3987 3955/3955/3955
f 3955/3955/3955 3987/3987/3987 3988/3988/3988 3956/3956/3956
f 3956/3956/3956 3988/3988/3988 3989/3989/3989 3957/3957/3957
f 3957/3957/3957 3989/3989/3989 3990/3990/3990 3958/3958/3958
f 3958/3958/3958 3990/3990/3990 3991/3991/3991 3959/3959/3959
f 3959/3959/3959 3991/3991/3991 3992/3992/3992 3960/3960/3960
f 3960/3960/3960 3992/3992/3992 3993/3993/3993 3961/3961/3961
f 3961/3961/3961 3993/3993/3993 3994/3994/3994 3962/3962/3962
f 3962/3962/3962 3994/3994/3994 3995/3995/3995 3963/3963/3963
f 3963/3963/3963 3995/3995/3995 3996/3996/3996 3964/3964/3964
f 3964/3964/3964 3996/3996/3996 3997/3997/3997 3965/3965/3965
f 3965/3965/3965 3997/3997/3997 3998/3998/3998 3966/3966/3966
f 3966/3966/3966 3998/3998/3998 3999/3999/3999 3967/3967/3967
f 3967/3967/3967 3999/3999/3999 4000/4000/4000 3968/3968/3968
f 3968/3968/3968 4000/4000/4000 4001/4001/4001 3969/3969/3969
f 3969/3969/3969 4001/4001/4001 4002/4002/4002 3970/3970/3970
f 3970/3970/3970 4002/4002/4002 4003/4003/4003 3971/3971/3971
f 3971/3971/3971 4003/4003/4003 4004/4004/4004 3972/3972/3972
f 3972/3972/3972 4004/4004/4004 4005/4005/4005 3973/3973/3973
f 3973/3973/3973 4005/4005/4005 4006/4006/4006 3974/3974/3974
f 3974/3974/3974 4006/4006/4006 4007/4007/4007 3975/3975/3975
f 3975/3975/3975 4007/4007/4007 4008/4008/4008 3976/3976/3976
f 3977/3977/3977 4009/4009/4009 4010/4010/4010 3978/3978/3978
f 3978/3978/3978 4010/4010/4010 4011/4011/4011 3979/3979/3979
f 3979/3979/3979 4011/4011/4011 4012/4012/4012 3980/3980/3980
f 3980/3980/3980 4012/4012/4012 4013/4013/4013 3981/3981/3981
f 3981/3981/3981 4013/4013/4013 4014/4014/4014 3982/3982/3982
f 3982/3982/3982 4014/4014/4014 4015/4015/4015 3983/3983/3983
f 3983/3983/3983 4015/4015/4015 4016/4016/4016 3984/3984/3984
f 3984/3984/3984 4016/4016/4016 4017/4017/4017 3985/3985/3985
f 3985/3985/3985 4017/4017/4017 4018/4018/4018 3986/3986/3986
f 3986/3986/3986 4018/4018/4018 4019/4019/4019 3987/3987/3987
f 3987/3987/3987 4019/4019/4019 4020/4020/4020 3988/3988/3988
f 3988/3988/3988 4020/4020/4020 4021/4021/4021 3989/3989/3989
f 3989/3989/3989 4021/4021/4021 4022/4022/4022 3990/3990/3990
f 3990/3990/3990 4022/4022/4022 4023/4023/4023 3991/3991/3991
f 3991/3991/3991 4023/4023/4023 4024/4024/4024 3992/3992/3992
f 3992/3992/3992 4024/4024/4024 4025/4025/4025 3993/3993/3993
f 3993/3993/3993 4025/4025/4025 4026/4026/4026 3994/3994/3994
f 3994/3994/3994 4026/4026/4026 4027/4027/4027 3995/3995/3995
f 3995/3995/3995 4027/4027/4027 4028/4028/4028 3996/3996/3996
f 3996/3996/3996 4028/4028/4028 4029/4029/4029 3997/3997/3997
f 3997/3997/3997 4029/4029/4029 4030/4030/4030 3998/3998/3998
f 3998/3998/3998 4030/4030/4030 4031/4031/4031 3999/3999/3999
f 3999/3999/3999 4031/4031/4031 4032/4032/4032 4000/4000/4000
f 4000/4000/4000 4032/4032/4032 4033/4033/4033 4001/4001/4001
f 4001/4001/4001 4033/4033/4033 4034/4034/4034 4002/4002/4002
f 4002/4002/4002 4034/4034/4034 4035/4035/4035 4003/4003/4003
f 4003/4003/4003 4035/4035/4035 4036/4036/4036 4004/4004/4004
f 4004/4004/4004 4036/4036/4036 4037/4037/4037 4005/4005/4005
f 4005/4005/4005 4037/4037/4037 4038/4038/4038 4006/4006/4006
f 4006/4006/4006 4038/4038/4038 4039/4039/4039 4007/4007/4007
f 4007/4007/4007 4039/4039/4039 4040/4040/4040 4008/4008/4008
f 4009/4009/4009 4041/4041/4041 4042/4042/4042 4010/4010/4010
f 4010/4010/4010 4042/4042/4042 4043/4043/4043 4011/4011/4011
f 4011/4011/4011 4043/4043/4043 4044/4044/4044 4012/4012/4012
f 4012/4012/4012 4044/4044/4044 4045/4045/4045 4013/4013/4013
f 4013/4013/4013 4045/4045/4045 4046/4046/4046 4014/4014/4014
f 4014/4014/4014 4046/4046/4046 4047/4047/4047 4015/4015/4015
f 4015/4015/4015 4047/4047/4047 4048/4048/4048 4016/4016/4016
f 4016/4016/4016 4048/4048/4048 4049/4049/4049 4017/4017/4017
f 4017/4017/4017 4049/4049/4049 4050/4050/4050 4018/4018/4018
f 4018/4018/4018 4050/4050/4050 4051/4051/4051 4019/4019/4019
f 4019/4019/4019 4051/4051/4051 4052/4052/4052 4020/4020/4020
f 4020/4020/4020 4052/4052/4052 4053/4053/4053 4021/4021/4021
f 4021/4021/4021 4053/4053/4053 4054/4054/4054 4022/4022/4022
f 4022/4022/4022 4054/4054/4054 4055/4055/4055 4023/4023/4023
f 4023/4023/4023 4055/4055/4055 4056/4056/4056 4024/4024/4024
f 4024/4024/4024 4056/4056/4056 4057/4057/4057 4025/4025/4025
f 4025/4025/4025 4057/4057/4057 4058/4058/4058 4026/4026/4026
f 4026/4026/4026 4058/4058/4058 4059/4059/4059 4027/4027/4027
f 4027/4027/4027 4059/4059/4059 4060/4060/4060 4028/4028/4028
f 4028/4028/4028 4060/4060/4060 4061/4061/4061 4029/4029/4029
f 4029/4029/4029 4061/4061/4061 4062/4062/4062 4030/4030/4030
f 4030/4030/4030 4062/4062/4062 4063/4063/4063 4031/4031/4031
f 4031/4031/4031 4063/4063/4063 4064/4064/4064 4032/4032/4032
f 4032/4032/4032 4064/4064/4064 4065/4065/4065 4033/4033/4033
f 4033/4033/4033 4065/4065/4065 4066/4066/4066 4034/4034/4034
f 4034/4034/4034 4066/4066/4066 4067/4067/4067 4035/4035/4035
f 4035/4035/4035 4067/4067/4067 4068/4068/4068 4036/4036/4036
f 4036/4036/4036 4068/4068/4068 4069/4069/4069 4037/4037/4037
f 4037/4037/4037 4069/4069/4069 4070/4070/4070 4038/4038/4038
f 4038/4038/4038 4070/4070/4070 4071/4071/4071 4039/4039/4039
f 4039/4039/4039 4071/4071/4071 4072/4072/4072 4040/4040/4040
f 4041/4041/4041 4073/4073/4073 4074/4074/4074 4042/4042/4042
f 4042/4042/4042 4074/4074/4074 4075/4075/4075 4043/4043/4043
f 4043/4043/4043 4075/4075/4075 4076/4076/4076 4044/4044/4044
f 4044/4044/4044 4076/4076/4076 4077/4077/4077 4045/4045/4045
f 4045/4045/4045 4077/4077/4077 4078/4078/4078 4046/4046/4046
f 4046/4046/4046 4078/4078/4078 4079/4079/4079 4047/4047/4047
f 4047/4047/4047 4079/4079/4079 4080/4080/4080 4048/4048/4048
f 4048/4048/4048 4080/4080/4080 4081/4081/4081 4049/4049/4049
f 4049/4049/4049 4081/4081/4081 4082/4082/4082 4050/4050/4050
f 4050/4050/4050 4082/4082/4082 4083/4083/4083 4051/4051/4051
f 4051/4051/4051 4083/4083/4083 4084/4084/4084 4052/4052/4052
f 4052/4052/4052 4084/4084/4084 4085/4085/4085 4053/4053/4053
f 4053/4053/4053 4085/4085/4085 4086/4086/4086 4054/4054/4054
f 4054/4054/4054 4086/4086/4086 4087/4087/4087 4055/4055/4055
f 4055/4055/4055 4087/4087/4087 4088/4088/4088 4056/4056/4056
f 4056/4056/4056 4088/4088/4088 4089/4089/4089 4057/4057/4057
f 4057/4057/4057 4089/4089/4089 4090/4090/4090 4058/4058/4058
f 4058/4058/4058 4090/4090/4090 4091/4091/4091 4059/4059/4059
f 4059/4059/4059 4091/4091/4091 4092/4092/4092 4060/4060/4060
f 4060/4060/4060 4092/4092/4092 4093/4093/4093 4061/4061/4061
f 4061/4061/4061 4093/4093/4093 4094/4094/4094 4062/4062/4062
f 4062/4062/4062 4094/4094/4094 4095/4095/4095 4063/4063/4063
f 4063/4063/4063 4095/4095/4095 4096/4096/4096 4064/4064/4064
f 4064/4064/4064 4096/4096/4096 4097/4097/4097 4065/4065/4065
f 4065/4065/4065 4097/4097/4097 4098/4098/4098 4066/4066/4066
f 4066/4066/4066 4098/4098/4098 4099/4099/4099 4067/4067/4067
f 4067/4067/4067 4099/4099/4099 4100/4100/4100 4068/4068/4068
f 4068/4068/4068 4100/4100/4100 4101/4101/4101 4069/4069/4069
f 4069/4069/4069 4101/4101/4101 4102/4102/4102 4070/4070/4070
f 4070/4070/4070 4102/4102/4102 4103/4103/4103 4071/4071/4071
f 4071/4071/4071 4103/4103/4103 4104/4104/4104 4072/4072/4072
f 4073/4073/4073 4105/4105/4105 4106/4106/4106 4074/4074/4074
f 4074/4074/4074 4106/4106/4106 4107/4107/4107 4075/4075/4075
f 4075/4075/4075 4107/4107/4107 4108/4108/4108 4076/4076/4076
f 4076/4076/4076 4108/4108/4108 4109/4109/4109 4077/4077/4077
f 4077/4077/4077 4109/4109/4109 4110/4110/4110 4078/4078/4078
f 4078/4078/4078 4110/4110/4110 4111/4111/4111 4079/4079/4079
f 4079/4079/4079 4111/4111/4111 4112/4112/4112 4080/4080/4080
f 4080/4080/4080 4112/4112/4112 4113/4113/4113 4081/4081/4081
f 4081/4081/4081 4113/4113/4113 4114/4114/4114 4082/4082/4082
f 4082/4082/4082 4114/4114/4114 4115/4115/4115 4083/4083/4083
f 4083/4083/4083 4115/4115/4115 4116/4116/4116 4084/4084/4084
f 4084/4084/4084 4116/4116/4116 4117/4117/4117 4085/4085/4085
f 4085/4085/4085 4117/4117/4117 4118/4118/4118 4086/4086/4086
f 4086/4086/4086 4118/4118/4118 4119/4119/4119 4087/4087/4087
f 4087/4087/4087 4119/4119/4119 4120/4120/4120 4088/4088/4088
f 4088/4088/4088 4120/4120/4120 4121/4121/4121 4089/4089/4089
f 4089/4089/4089 4121/4121/4121 4122/4122/4122 4090/4090/4090
f 4090/4090/4090 4122/4122/4122 4123/4123/4123 4091/4091/4091
f 4091/4091/4091 4123/4123/4123 4124/4124/4124 4092/4092/4092
f 4092/4092/4092 4124/4124/4124 4125/4125/4125 4093/4093/4093
f 4093/4093/4093 4125/4125/4125 4126/4126/4126 4094/4094/4094
f 4094/4094/4094 4126/4126/4126 4127/4127/4127 4095/4095/4095
f 4095/4095/4095 4127/4127/4127 4128/4128/4128 4096/4096/4096
f 4096/4096/4096 4128/4128/4128 4129/4129/4129 4097/4097/4097
f 4097/4097/4097 4129/4129/4129 4130/4130/4130 4098/4098/4098
f 4098/4098/4098 4130/4130/4130 4131/4131/4131 4099/4099/4099
f 4099/4099/4099 4131/4131/4131 4132/4132/4132 4100/4100/4100
f 4100/4100/4100 4132/4132/4132 4133/4133/4133 4101/4101/4101
f 4101/4101/4101 4133/4133/4133 4134/4134/4134 4102/4102/4102
f 4102/4102/4102 4134/4134/4134 4135/4135/4135 4103/4103/4103
f 4103/4103/4103 4135/4135/4135 4136/4136/4136 4104/4104/4104
f 4105/4105/4105 4137/4137/4137 4138/4138/4138 4106/4106/4106
f 4106/4106/4106 4138/4138/4138 4139/4139/4139 4107/4107/4107
f 4107/4107/4107 4139/4139/4139 4140/4140/4140 4108/4108/4108
f 4108/4108/4108 4140/4140/4140 4141/4141/4141 4109/4109/4109
f 4109/4109/4109 4141/4141/4141 4142/4142/4142 4110/4110/4110
f 4110/4110/4110 4142/4142/4142 4143/4143/4143 4111/4111/4111
f 4111/4111/4111 4143/4143/4143 4144/4144/4144 4112/4112/4112
f 4112/4112/4112 4144/4144/4144 4145/4145/4145 4113/4113/4113
f 4113/4113/4113 4145/4145/4145 4146/4146/4146 4114/4114/4114
f 4114/4114/4114 4146/4146/4146 4147/4147/4147 4115/4115/4115
f 4115/4115/4115 4147/4147/4147 4148/4148/4148 4116/4116/4116
f 4116/4116/4116 4148/4148/4148 4149/4149/4149 4117/4117/4117
f 4117/4117/4117 4149/4149/4149 4150/4150/4150 4118/4118/4118
f 4118/4118/4118 4150/4150/4150 4151/4151/4151 4119/4119/4119
f 4119/4119/4119 4151/4151/4151 4152/4152/4152 4120/4120/4120
f 4120/4120/4120 4152/4152/4152 4153/4153/4153 4121/4121/4121
f 4121/4121/4121 4153/4153/4153 4154/4154/4154 4122/4122/4122
f 4122/4122/4122 4154/4154/4154 4155/4155/4155 4123/4123/4123
f 4123/4123/4123 4155/4155/4155 4156/4156/4156 4124/4124/4124
f 4124/4124/4124 4156/4156/4156 4157/4157/4157 4125/4125/4125
f 4125/4125/4125 4157/4157/4157 4158/4158/4158 4126/4126/4126
f 4126/4126/4126 4158/4158/4158 4159/4159/4159 4127/4127/4127
f 4127/4127/4127 4159/4159/4159 4160/4160/4160 4128/4128/4128
f 4128/4128/4128 4160/4160/4160 4161/4161/4161 4129/4129/4129
f 4129/4129/4129 4161/4161/4161 4162/4162/4162 4130/4130/4130
f 4130/4130/4130 4162/4162/4162 4163/4163/4163 4131/4131/4131
f 4131/4131/4131 4163/4163/4163 4164/4164/4164 4132/4132/4132
f 4132/4132/4132 4164/4164/4164 4165/4165/4165 4133/4133/4133
f 4133/4133/4133 4165/4165/4165 4166/4166/4166 4134/4134/4134
f 4134/4134/4134 4166/4166/4166 4167/4167/4167 4135/4135/4135
f 4135/4135/4135 4167/4167/4167 4168/4168/4168 4136/4136/4136
f 4137/4137/4137 4169/4169/4169 4170/4170/4170 4138/4138/4138
f 4138/4138/4138 4170/4170/4170 4171/4171/4171 4139/4139/4139
f 4139/4139/4139 4171/4171/4171 4172/4172/4172 4140/4140/4140
f 4140/4140/4140 4172/4172/4172 4173/4173/4173 4141/4141/4141
f 4141/4141/4141 4173/4173/4173 4174/4174/4174 4142/4142/4142
f 4142/4142/4142 4174/4174/4174 4175/4175/4175 4143/4143/4143
f 4143/4143/4143 4175/4175/4175 4176/4176/4176 4144/4144/4144
f 4144/4144/4144 4176/4176/4176 4177/4177/4177 4145/4145/4145
f 4145/4145/4145 4177/4177/4177 4178/4178/4178 4146/4146/4146
f 4146/4146/4146 4178/4178/4178 4179/4179/4179 4147/4147/4147
f 4147/4147/4147 4179/4179/4179 4180/4180/4180 4148/4148/4148
f 4148/4148/4148 4180/4180/4180 4181/4181/4181 4149/4149/4149
f 4149/4149/4149 4181/4181/4181 4182/4182/4182 4150/4150/4150
f 4150/4150/4150 4182/4182/4182 4183/4183/4183 4151/4151/4151
f 4151/4151/4151 4183/4183/4183 4184/4184/4184 4152/4152/4152
f 4152/4152/4152 4184/4184/4184 4185/4185/4185 4153/4153/4153
f 4153/4153/4153 4185/4185/4185 4186/4186/4186 4154/4154/4154
f 4154/4154/4154 4186/4186/4186 4187/4187/4187 4155/4155/4155
f 4155/4155/4155 4187/4187/4187 4188/4188/4188 4156/4156/4156
f 4156/4156/4156 4188/4188/4188 4189/4189/4189 4157/4157/4157
f 4157/4157/4157 4189/4189/4189 4190/4190/4190 4158/4158/4158
f 4158/4158/4158 4190/4190/4190 4191/4191/4191 4159/4159/4159
f 4159/4159/4159 4191/4191/4191 4192/4192/4192 4160/4160/4160
f 4160/4160/4160 4192/4192/4192 4193/4193/4193 4161/4161/4161
f 4161/4161/4161 4193/4193/4193 4194/4194/4194 4162/4162/4162
f 4162/4162/4162 4194/4194/4194 4195/4195/4195 4163/4163/4163
f 4163/4163/4163 4195/4195/4195 4196/4196/4196 4164/4164/4164
f 4164/4164/4164 4196/4196/4196 4197/4197/4197 4165/4165/4165
f 4165/4165/4165 4197/4197/4197 4198/4198/4198 4166/4166/4166
f 4166/4166/4166 4198/4198/4198 4199/4199/4199 4167/4167/4167
f 4167/4167/4167 4199/4199/4199 4200/4200/4200 4168/4168/4168
f 4169/4169/4169 4201/4201/4201 4202/4202/4202 4170/4170/4170
f 4170/4170/4170 4202/4202/4202 4203/4203/4203 4171/4171/4171
f 4171/4171/4171 4203/4203/4203 4204/4204/4204 4172/4172/4172
f 4172/4172/4172 4204/4204/4204 4205/4205/4205 4173/4173/4173
f 4173/4173/4173 4205/4205/4205 4206/4206/4206 4174/4174/4174
f 4174/4174/4174 4206/4206/4206 4207/4207/4207 4175/4175/4175
f 4175/4175/4175 4207/4207/4207 4208/4208/4208 4176/4176/4176
f 4176/4176/4176 4208/4208/4208 4209/4209/4209 4177/4177/4177
f 4177/4177/4177 4209/4209/4209 4210/4210/4210 4178/4178/4178
f 4178/4178/4178 4210/4210/4210 4211/4211/4211 4179/4179/4179
f 4179/4179/4179 4211/4211/4211 4212/4212/4212 4180/4180/4180
f 4180/4180/4180 4212/4212/4212 4213/4213/4213 4181/4181/4181
f 4181/4181/4181 4213/4213/4213 4214/4214/4214 4182/4182/4182
f 4182/4182/4182 4214/4214/4214 4215/4215/4215 4183/4183/4183
f 4183/4183/4183 4215/4215/4215 4216/4216/4216 4184/4184/4184
f 4184/4184/4184 4216/4216/4216 4217/4217/4217 4185/4185/4185
f 4185/4185/4185 4217/4217/4217 4218/4218/4218 4186/4186/4186
f 4186/4186/4186 4218/4218/4218 4219/4219/4219 4187/4187/4187
f 4187/4187/4187 4219/4219/4219 4220/4220/4220 4188/4188/4188
f 4188/4188/4188 4220/4220/4220 4221/4221/4221 4189/4189/4189
f 4189/4189/4189 4221/4221/4221 4222/4222/4222 4190/4190/4190
f 4190/4190/4190 4222/4222/4222 4223/4223/4223 4191/4191/4191
f 4191/4191/4191 4223/4223/4223 4224/4224/4224 4192/4192/4192
f 4192/4192/4192 4224/4224/4224 4225/4225/4225 4193/4193/4193
f 4193/4193/4193 4225/4225/4225 4226/4226/4226 4194/4194/4194
f 4194/4194/4194 4226/4226/4226 4227/4227/4227 4195/4195/4195
f 4195/4195/4195 4227/4227/4227 4228/4228/4228 4196/4196/4196
f 4196/4196/4196 4228/4228/4228 4229/4229/4229 4197/4197/4197
f 4197/4197/4197 4229/4229/4229 4230/4230/4230 4198/4198/4198
f 4198/4198/4198 4230/4230/4230 4231/4231/4231 4199/4199/4199
f 4199/4199/4199 4231/4231/4231 4232/4232/4232 4200/4200/4200
f 4201/4201/4201 4233/4233/4233 4234/4234/4234 4202/4202/4202
f 4202/4202/4202 4234/4234/4234 4235/4235/4235 4203/4203/4203
f 4203/4203/4203 4235/4235/4235 4236/4236/4236 4204/4204/4204
f 4204/4204/4204 4236/4236/4236 4237/4237/4237 4205/4205/4205
f 4205/4205/4205 4237/4237/4237 4238/4238/4238 4206/4206/4206
f 4206/4206/4206 4238/4238/4238 4239/4239/4239 4207/4207/4207
f 4207/4207/4207 4239/4239/4239 4240/4240/4240 4208/4208/4208
f 4208/4208/4208 4240/4240/4240 4241/4241/4241 4209/4209/4209
f 4209/4209/4209 4241/4241/4241 4242/4242/4242 4210/4210/4210
f 4210/4210/4210 4242/4242/4242 4243/4243/4243 4211/4211/4211
f 4211/4211/4211 4243/4243/4243 4244/4244/4244 4212/4212/4212
f 4212/4212/4212 4244/4244/4244 4245/4245/4245 4213/4213/4213
f 4213/4213/4213 4245/4245/4245 4246/4246/4246 4214/4214/4214
f 4214/4214/4214 4246/4246/4246 4247/4247/4247 4215/4215/4215
f 4215/4215/4215 4247/4247/4247 4248/4248/4248 4216/4216/4216
f 4216/4216/4216 4248/4248/4248 4249/4249/4249 4217/4217/4217
f 4217/4217/4217 4249/4249/4249 4250/4250/4250 4218/4218/4218
f 4218/4218/4218 4250/4250/4250 4251/4251/4251 4219/4219/4219
f 4219/4219/4219 4251/4251/4251 4252/4252/4252 4220/4220/4220
f 4220/4220/4220 4252/4252/4252 4253/4253/4253 4221/4221/4221
f 4221/4221/4221 4253/4253/4253 4254/4254/4254 4222/4222/4222
f 4222/4222/4222 4254/4254/4254 4255/4255/4255 4223/4223/4223
f 4223/4223/4223 4255/4255/4255 4256/4256/4256 4224/4224/4224
f 4224/4224/4224 4256/4256/4256 4257/4257/4257 4225/4225/4225
f 4225/4225/4225 4257/4257/4257 4258/4258/4258 4226/4226/4226
f 4226/4226/4226 4258/4258/4258 4259/4259/4259 4227/4227/4227
f 4227/4227/4227 4259/4259/4259 4260/4260/4260 4228/4228/4228
f 4228/4228/4228 4260/4260/4260 4261/4261/4261 4229/4229/4229
f 4229/4229/4229 4261/4261/4261 4262/4262/4262 4230/4230/4230
f 4230/4230/4230 4262/4262/4262 4263/4263/4263 4231/4231/4231
f 4231/4231/4231 4263/4263/4263 4264/4264/4264 4232/4232/4232
f 4233/4233/4233 4265/4265/4265 4266/4266/4266 4234/4234/4234
f 4234/4234/4234 4266/4266/4266 4267/4267/4267 4235/4235/4235
f 4235/4235/4235 4267/4267/4267 4268/4268/4268 4236/4236/4236
f 4236/4236/4236 4268/4268/4268 4269/4269/4269 4237/4237/4237
f 4237/4237/4237 4269/4269/4269 4270/4270/4270 4238/4238/4238
f 4238/4238/4238 4270/4270/4270 4271/4271/4271 4239/4239/4239
f 4239/4239/4239 4271/4271/4271 4272/4272/4272 4240/4240/4240
f 4240/4240/4240 4272/4272/4272 4273/4273/4273 4241/4241/4241
f 4241/4241/4241 4273/4273/4273 4274/4274/4274 4242/4242/4242
f 4242/4242/4242 4274/4274/4274 4275/4275/4275 4243/4243/4243
f 4243/4243/4243 4275/4275/4275 4276/4276/4276 4244/4244/4244
f 4244/4244/4244 4276/4276/4276 4277/4277/4277 4245/4245/4245
f 4245/4245/4245 4277/4277/4277 4278/4278/4278 4246/4246/4246
f 4246/4246/4246 4278/4278/4278 4279/4279/4279 4247/4247/4247
f 4247/4247/4247 4279/4279/4279 4280/4280/4280 4248/4248/4248
f 4248/4248/4248 4280/4280/4280 4281/4281/4281 4249/4249/4249
f 4249/4249/4249 4281/4281/4281 4282/4282/4282 4250/4250/4250
f 4250/4250/4250 4282/4282/4282 4283/4283/4283 4251/4251/4251
f 4251/4251/4251 4283/4283/4283 4284/4284/4284 4252/4252/4252
f 4252/4252/4252 4284/4284/4284 4285/4285/4285 4253/4253/4253
f 4253/4253/4253 4285/4285/4285 4286/4286/4286 4254/4254/4254
f 4254/4254/4254 4286/4286/4286 4287/4287/4287 4255/4255/4255
f 4255/4255/4255 4287/4287/4287 4288/4288/4288 4256/4256/4256
f 4256/4256/4256 4288/4288/4288 4289/4289/4289 4257/4257/4257
f 4257/4257/4257 4289/4289/4289 4290/4290/4290 4258/4258/4258
f 4258/4258/4258 4290/4290/4290 4291/4291/4291 4259/4259/4259
f 4259/4259/4259 4291/4291/4291 4292/4292/4292 4260/4260/4260
f 4260/4260/4260 4292/4292/4292 4293/4293/4293 4261/4261/4261
f 4261/4261/4261 4293/4293/4293 4294/4294/4294 4262/4262/4262
f 4262/4262/4262 4294/4294/4294 4295/4295/4295 4263/4263/4263
f 4263/4263/4263 4295/4295/4295 4296/4296/4296 4264/4264/4264
f 4265/4265/4265 4297/4297/4297 4298/4298/4298 4266/4266/4266
f 4266/4266/4266 4298/4298/4298 4299/4299/4299 4267/4267/4267
f 4267/4267/4267 4299/4299/4299 4300/4300/4300 4268/4268/4268
f 4268/4268/4268 4300/4300/4300 4301/4301/4301 4269/4269/4269
f 4269/4269/4269 4301/4301/4301 4302/4302/4302 4270/4270/4270
f 4270/4270/4270 4302/4302/4302 4303/4303/4303 4271/4271/4271
f 4271/4271/4271 4303/4303/4303 4304/4304/4304 4272/4272/4272
f 4272/4272/4272 4304/4304/4304 4305/4305/4305 4273/4273/4273
f 4273/4273/4273 4305/4305/4305 4306/4306/4306 4274/4274/4274
f 4274/4274/4274 4306/4306/4306 4307/4307/4307 4275/4275/4275
f 4275/4275/4275 4307/4307/4307 4308/4308/4308 4276/4276/4276
f 4276/4276/4276 4308/4308/4308 4309/4309/4309 4277/4277/4277
f 4277/4277/4277 4309/4309/4309 4310/4310/4310 4278/4278/4278
f 4278/4278/4278 4310/4310/4310 4311/4311/4311 4279/4279/4279
f 4279/4279/4279 4311/4311/4311 4312/4312/4312 4280/4280/4280
f 4280/4280/4280 4312/4312/4312 4313/4313/4313 4281/4281/4281
f 4281/4281/4281 4313/4313/4313 4314/4314/4314 4282/4282/4282
f 4282/4282/4282 4314/4314/4314 4315/4315/4315 4283/4283/4283
f 4283/4283/4283 4315/4315/4315 4316/4316/4316 4284/4284/4284
f 4284/4284/4284 4316/4316/4316 4317/4317/4317 4285/4285/4285
f 4285/4285/4285 4317/4317/4317 4318/4318/4318 4286/4286/4286
f 4286/4286/4286 4318/4318/4318 4319/4319/4319 4287/4287/4287
f 4287/4287/4287 4319/4319/4319 4320/4320/4320 4288/4288/4288
f 4288/4288/4288 4320/4320/4320 4321/4321/4321 4289/4289/4289
f 4289/4289/4289 4321/4321/4321 4322/4322/4322 4290/4290/4290
f 4290/4290/4290 4322/4322/4322 4323/4323/4323 4291/4291/4291
f 4291/4291/4291 4323/4323/4323 4324/4324/4324 4292/4292/4292
f 4292/4292/4292 4324/4324/4324 4325/4325/4325 4293/4293/4293
f 4293/4293/4293 4325/4325/4325 4326/4326/4326 4294/4294/4294
f 4294/4294/4294 4326/4326/4326 4327/4327/4327 4295/4295/4295
f 4295/4295/4295 4327/4327/4327 4328/4328/4328 4296/4296/4296
f 4297/4297/4297 4329/4329/4329 4330/4330/4330 4298/4298/4298
f 4298/4298/4298 4330/4330/4330 4331/4331/4331 4299/4299/4299
f 4299/4299/4299 4331/4331/4331 4332/4332/4332 4300/4300/4300
f 4300/4300/4300 4332/4332/4332 4333/4333/4333 4301/4301/4301
f 4301/4301/4301 4333/4333/4333 4334/4334/4334 4302/4302/4302
f 4302/4302/4302 4334/4334/4334 4335/4335/4335 4303/4303/4303
f 4303/4303/4303 4335/4335/4335 4336/4336/4336 4304/4304/4304
f 4304/4304/4304 4336/4336/4336 4337/4337/4337 4305/4305/4305
f 4305/4305/4305 4337/4337/4337 4338/4338/4338 4306/4306/4306
f 4306/4306/4306 4338/4338/4338 4339/4339/4339 4307/4307/4307
f 4307/4307/4307 4339/4339/4339 4340/4340/4340 4308/4308/4308
f 4308/4308/4308 4340/4340/4340 4341/4341/4341 4309/4309/4309
f 4309/4309/4309 4341/4341/4341 4342/4342/4342 4310/4310/4310
f 4310/4310/4310 4342/4342/4342 4343/4343/4343 4311/4311/4311
f 4311/4311/4311 4343/4343/4343 4344/4344/4344 4312/4312/4312
f 4312/4312/4312 4344/4344/4344 4345/4345/4345 4313/4313/4313
f 4313/4313/4313 4345/4345/4345 4346/4346/4346 4314/4314/4314
f 4314/4314/4314 4346/4346/4346 4347/4347/4347 4315/4315/4315
f 4315/4315/4315 4347/4347/4347 4348/4348/4348 4316/4316/4316
f 4316/4316/4316 4348/4348/4348 4349/4349/4349 4317/4317/4317
f 4317/4317/4317 4349/4349/4349 4350/4350/4350 4318/4318/4318
f 4318/4318/4318 4350/4350/4350 4351/4351/4351 4319/4319/4319
f 4319/4319/4319 4351/4351/4351 4352/4352/4352 4320/4320/4320
f 4320/4320/4320 4352/4352/4352 4353/4353/4353 4321/4321/4321
f 4321/4321/4321 4353/4353/4353 4354/4354/4354 4322/4322/4322
f 4322/4322/4322 4354/4354/4354 4355/4355/4355 4323/4323/4323
f 4323/4323/4323 4355/4355/4355 4356/4356/4356 4324/4324/4324
f 4324/4324/4324 4356/4356/4356 4357/4357/4357 4325/4325/4325
f 4325/4325/4325 4357/4357/4357 4358/4358/4358 4326/4326/4326
f 4326/4326/4326 4358/4358/4358 4359/4359/4359 4327/4327/4327
f 4327/4327/4327 4359/4359/4359 4360/4360/4360 4328/4328/4328
f 4329/4329/4329 4361/4361/4361 4362/4362/4362 4330/4330/4330
f 4330/4330/4330 4362/4362/4362 4363/4363/4363 4331/4331/4331
f 4331/4331/4331 4363/4363/4363 4364/4364/4364 4332/4332/4332
f 4332/4332/4332 4364/4364/4364 4365/4365/4365 4333/4333/4333
f 4333/4333/4333 4365/4365/4365 4366/4366/4366 4334/4334/4334
f 4334/4334/4334 4366/4366/4366 4367/4367/4367 4335/4335/4335
f 4335/4335/4335 4367/4367/4367 4368/4368/4368 4336/4336/4336
f 4336/4336/4336 4368/4368/4368 4369/4369/4369 4337/4337/4337
f 4337/4337/4337 4369/4369/4369 4370/4370/4370 4338/4338/4338
f 4338/4338/4338 4370/4370/4370 4371/4371/4371 4339/4339/4339
f 4339/4339/4339 4371/4371/4371 4372/4372/4372 4340/4340/4340
f 4340/4340/4340 4372/4372/4372 4373/4373/4373 4341/4341/4341
f 4341/4341/4341 4373/4373/4373 4374/4374/4374 4342/4342/4342
f 4342/4342/4342 4374/4374/4374 4375/4375/4375 4343/4343/4343
f 4343/4343/4343 4375/4375/4375 4376/4376/4376 4344/4344/4344
f 4344/4344/4344 4376/4376/4376 4377/4377/4377 4345/4345/4345
f 4345/4345/4345 4377/4377/4377 4378/4378/4378 4346/4346/4346
f 4346/4346/4346 4378/4378/4378 4379/4379/4379 4347/4347/4347
f 4347/4347/4347 4379/4379/4379 4380/4380/4380 4348/4348/4348
f 4348/4348/4348 4380/4380/4380 4381/4381/4381 4349/4349/4349
f 4349/4349/4349 4381/4381/4381 4382/4382/4382 4350/4350/4350
f 4350/4350/4350 4382/4382/4382 4383/4383/4383 4351/4351/4351
f 4351/4351/4351 4383/4383/4383 4384/4384/4384 4352/4352/4352
f 4352/4352/4352 4384/4384/4384 4385/4385/4385 4353/4353/4353
f 4353/4353/4353 4385/4385/4385 4386/4386/4386 4354/4354/4354
f 4354/4354/4354 4386/4386/4386 4387/4387/4387 4355/4355/4355
f 4355/4355/4355 4387/4387/4387 4388/4388/4388 4356/4356/4356
f 4356/4356/4356 4388/4388/4388 4389/4389/4389 4357/4357/4357
f 4357/4357/4357 4389/4389/4389 4390/4390/4390 4358/4358/4358
f 4358/4358/4358 4390/4390/4390 4391/4391/4391 4359/4359/4359
f 4359/4359/4359 4391/4391/4391 4392/4392/4392 4360/4360/4360
f 4361/4361/4361 4393/4393/4393 4394/4394/4394 4362/4362/4362
f 4362/4362/4362 4394/4394/4394 4395/4395/4395 4363/4363/4363
f 4363/4363/4363 4395/4395/4395 4396/4396/4396 4364/4364/4364
f 4364/4364/4364 4396/4396/4396 4397/4397/4397 4365/4365/4365
f 4365/4365/4365 4397/4397/4397 4398/4398/4398 4366/4366/4366
f 4366/4366/4366 4398/4398/4398 4399/4399/4399 4367/4367/4367
f 4367/4367/4367 4399/4399/4399 4400/4400/4400 4368/4368/4368
f 4368/4368/4368 4400/4400/4400 4401/4401/4401 4369/4369/4369
f 4369/4369/4369 4401/4401/4401 4402/4402/4402 4370/4370/4370
f 4370/4370/4370 4402/4402/4402 4403/4403/4403 4371/4371/4371
f 4371/4371/4371 4403/4403/4403 4404/4404/4404 4372/4372/4372
f 4372/4372/4372 4404/4404/4404 4405/4405/4405 4373/4373/4373
f 4373/4373/4373 4405/4405/4405 4406/4406/4406 4374/4374/4374
f 4374/4374/4374 4406/4406/4406 4407/4407/4407 4375/4375/4375
f 4375/4375/4375 4407/4407/4407 4408/4408/4408 4376/4376/4376
f 4376/4376/4376 4408/4408/4408 4409/4409/4409 4377/4377/4377
f 4377/4377/4377 4409/4409/4409 4410/4410/4410 4378/4378/4378
f 4378/4378/4378 4410/4410/4410 4411/4411/4411 4379/4379/4379
f 4379/4379/4379 4411/4411/4411 4412/4412/4412 4380/4380/4380
f 4380/4380/4380 4412/4412/4412 4413/4413/4413 4381/4381/4381
f 4381/4381/4381 4413/4413/4413 4414/4414/4414 4382/4382/4382
f 4382/4382/4382 4414/4414/4414 4415/4415/4415 4383/4383/4383
f 4383/4383/4383 4415/4415/4415 4416/4416/4416 4384/4384/4384
f 4384/4384/4384 4416/4416/4416 4417/4417/4417 4385/4385/4385
f 4385/4385/4385 4417/4417/4417 4418/4418/4418 4386/4386/4386
f 4386/4386/4386 4418/4418/4418 4419/4419/4419 4387/4387/4387
f 4387/4387/4387 4419/4419/4419 4420/4420/4420 4388/4388/4388
f 4388/4388/4388 4420/4420/4420 4421/4421/4421 4389/4389/4389
f 4389/4389/4389 4421/4421/4421 4422/4422/4422 4390/4390/4390
f 4390/4390/4390 4422/4422/4422 4423/4423/4423 4391/4391/4391
f 4391/4391/4391 4423/4423/4423 4424/4424/4424 4392/4392/4392
f 4393/4393/4393 4425/4425/4425 4426/4426/4426 4394/4394/4394
f 4394/4394/4394 4426/4426/4426 4427/4427/4427 4395/4395/4395
f 4395/4395/4395 4427/4427/4427 4428/4428/4428 4396/4396/4396
f 4396/4396/4396 4428/4428/4428 4429/4429/4429 4397/4397/4397
f 4397/4397/4397 4429/4429/4429 4430/4430/4430 4398/4398/4398
f 4398/4398/4398 4430/4430/4430 4431/4431/4431 4399/4399/4399
f 4399/4399/4399 4431/4431/4431 4432/4432/4432 4400/4400/4400
f 4400/4400/4400 4432/4432/4432 4433/4433/4433 4401/4401/4401
f 4401/4401/4401 4433/4433/4433 4434/4434/4434 4402/4402/4402
f 4402/4402/4402 4434/4434/4434 4435/4435/4435 4403/4403/4403
f 4403/4403/4403 4435/4435/4435 4436/4436/4436 4404/4404/4404
f 4404/4404/4404 4436/4436/4436 4437/4437/4437 4405/4405/4405
f 4405/4405/4405 4437/4437/4437 4438/4438/4438 4406/4406/4406
f 4406/4406/4406 4438/4438/4438 4439/4439/4439 4407/4407/4407
f 4407/4407/4407 4439/4439/4439 4440/4440/4440 4408/4408/4408
f 4408/4408/4408 4440/4440/4440 4441/4441/4441 4409/4409/4409
f 4409/4409/4409 4441/4441/4441 4442/4442/4442 4410/4410/4410
f 4410/4410/4410 4442/4442/4442 4443/4443/4443 4411/4411/4411
f 4411/4411/4411 4443/4443/4443 4444/4444/4444 4412/4412/4412
f 4412/4412/4412 4444/4444/4444 4445/4445/4445 4413/4413/4413
f 4413/4413/4413 4445/4445/4445 4446/4446/4446 4414/4414/4414
f 4414/4414/4414 4446/4446/4446 4447/4447/4447 4415/4415/4415
f 4415/4415/4415 4447/4447/4447 4448/4448/4448 4416/4416/4416
f 4416/4416/4416 4448/4448/4448 4449/4449/4449 4417/4417/4417
f 4417/4417/4417 4449/4449/4449 4450/4450/4450 4418/4418/4418
f 4418/4418/4418 4450/4450/4450 4451/4451/4451 4419/4419/4419
f 4419/4419/4419 4451/4451/4451 4452/4452/4452 4420/4420/4420
f 4420/4420/4420 4452/4452/4452 4453/4453/4453 4421/4421/4421
f 4421/4421/4421 4453/4453/4453 4454/4454/4454 4422/4422/4422
f 4422/4422/4422 4454/4454/4454 4455/4455/4455 4423/4423/4423
f 4423/4423/4423 4455/4455/4455 4456/4456/4456 4424/4424/4424
f 4425/4425/4425 4457/4457/4457 4458/4458/4458 4426/4426/4426
f 4426/4426/4426 4458/4458/4458 4459/4459/4459 4427/4427/4427
f 4427/4427/4427 4459/4459/4459 4460/4460/4460 4428/4428/4428
f 4428/4428/4428 4460/4460/4460 4461/4461/4461 4429/4429/4429
f 4429/4429/4429 4461/4461/4461 4462/4462/4462 4430/4430/4430
f 4430/4430/4430 4462/4462/4462 4463/4463/4463 4431/4431/4431
f 4431/4431/4431 4463/4463/4463 4464/4464/4464 4432/4432/4432
f 4432/4432/4432 4464/4464/4464 4465/4465/4465 4433/4433/4433
f 4433/4433/4433 4465/4465/4465 4466/4466/4466 4434/4434/4434
f 4434/4434/4434 4466/4466/4466 4467/4467/4467 4435/4435/4435
f 4435/4435/4435 4467/4467/4467 4468/4468/4468 4436/4436/4436
f 4436/4436/4436 4468/4468/4468 4469/4469/4469 4437/4437/4437
f 4437/4437/4437 4469/4469/4469 4470/4470/4470 4438/4438/4438
f 4438/4438/4438 4470/4470/4470 4471/4471/4471 4439/4439/4439
f 4439/4439/4439 4471/4471/4471 4472/4472/4472 4440/4440/4440
f 4440/4440/4440 4472/4472/4472 4473/4473/4473 4441/4441/4441
f 4441/4441/4441 4473/4473/4473 4474/4474/4474 4442/4442/4442
f 4442/4442/4442 4474/4474/4474 4475/4475/4475 4443/4443/4443
f 4443/4443/4443 4475/4475/4475 4476/4476/4476 4444/4444/4444
f 4444/4444/4444 4476/4476/4476 4477/4477/4477 4445/4445/4445
f 4445/4445/4445 4477/4477/4477 4478/4478/4478 4446/4446/4446
f 4446/4446/4446 4478/4478/4478 4479/4479/4479 4447/4447/4447
f 4447/4447/4447 4479/4479/4479 4480/4480/4480 4448/4448/4448
f 4448/4448/4448 4480/4480/4480 4481/4481/4481 4449/4449/4449
f 4449/4449/4449 4481/4481/4481 4482/4482/4482 4450/4450/4450
f 4450/4450/4450 4482/4482/4482 4483/4483/4483 4451/4451/4451
f 4451/4451/4451 4483/4483/4483 4484/4484/4484 4452/4452/4452
f 4452/4452/4452 4484/4484/4484 4485/4485/4485 4453/4453/4453
f 4453/4453/4453 4485/4485/4485 4486/4486/4486 4454/4454/4454
f 4454/4454/4454 4486/4486/4486 4487/4487/4487 4455/4455/4455
f 4455/4455/4455 4487/4487/4487 4488/4488/4488 4456/4456/4456
f 4457/4457/4457 4489/4489/4489 4490/4490/4490 4458/4458/4458
f 4458/4458/4458 4490/4490/4490 4491/4491/4491 4459/4459/4459
f 4459/4459/4459 4491/4491/4491 4492/4492/4492 4460/4460/4460
f 4460/4460/4460 4492/4492/4492 4493/4493/4493 4461/4461/4461
f 4461/4461/4461 4493/4493/4493 4494/4494/4494 4462/4462/4462
f 4462/4462/4462 4494/4494/4494 4495/4495/4495 4463/4463/4463
f 4463/4463/4463 4495/4495/4495 4496/4496/4496 4464/4464/4464
f 4464/4464/4464 4496/4496/4496 4497/4497/4497 4465/4465/4465
f 4465/4465/4465 4497/4497/4497 4498/4498/4498 4466/4466/4466
f 4466/4466/4466 4498/4498/4498 4499/4499/4499 4467/4467/4467
f 4467/4467/4467 4499/4499/4499 4500/4500/4500 4468/4468/4468
f 4468/4468/4468 4500/4500/4500 4501/4501/4501 4469/4469/4469
f 4469/4469/4469 4501/4501/4501 4502/4502/4502 4470/4470/4470
f 4470/4470/4470 4502/4502/4502 4503/4503/4503 4471/4471/4471
f 4471/4471/4471 4503/4503/4503 4504/4504/4504 4472/4472/4472
f 4472/4472/4472 4504/4504/4504 4505/4505/4505 4473/4473/4473
f 4473/4473/4473 4505/4505/4505 4506/4506/4506 4474/4474/4474
f 4474/4474/4474 4506/4506/4506 4507/4507/4507 4475/4475/4475
f 4475/4475/4475 4507/4507/4507 4508/4508/4508 4476/4476/4476
f 4476/4476/4476 4508/4508/4508 4509/4509/4509 4477/4477/4477
f 4477/4477/4477 4509/4509/4509 4510/4510/4510 4478/4478/4478
f 4478/4478/4478 4510/4510/4510 4511/4511/4511 4479/4479/4479
f 4479/4479/4479 4511/4511/4511 4512/4512/4512 4480/4480/4480
f 4480/4480/4480 4512/4512/4512 4513/4513/4513 4481/4481/4481
f 4481/4481/4481 4513/4513/4513 4514/4514/4514 4482/4482/4482
f 4482/4482/4482 4514/4514/4514 4515/4515/4515 4483/4483/4483
f 4483/4483/4483 4515/4515/4515 4516/4516/4516 4484/4484/4484
f 4484/4484/4484 4516/4516/4516 4517/4517/4517 4485/4485/4485
f 4485/4485/4485 4517/4517/4517 4518/4518/4518 4486/4486/4486
f 4486/4486/4486 4518/4518/4518 4519/4519/4519 4487/4487/4487
f 4487/4487/4487 4519/4519/4519 4520/4520/4520 4488/4488/4488
f 4489/4489/4489 4521/4521/4521 4522/4522/4522 4490/4490/4490
f 4490/4490/4490 4522/4522/4522 4523/4523/4523 4491/4491/4491
f 4491/4491/4491 4523/4523/4523 4524/4524/4524 4492/4492/4492
f 4492/4492/4492 4524/4524/4524 4525/4525/4525 4493/4493/4493
f 4493/4493/4493 4525/4525/4525 4526/4526/4526 4494/4494/4494
f 4494/4494/4494 4526/4526/4526 4527/4527/4527 4495/4495/4495
f 4495/4495/4495 4527/4527/4527 4528/4528/4528 4496/4496/4496
f 4496/4496/4496 4528/4528/4528 4529/4529/4529 4497/4497/4497
f 4497/4497/4497 4529/4529/4529 4530/4530/4530 4498/4498/4498
f 4498/4498/4498 4530/4530/4530 4531/4531/4531 4499/4499/4499
f 4499/4499/4499 4531/4531/4531 4532/4532/4532 4500/4500/4500
f 4500/4500/4500 4532/4532/4532 4533/4533/4533 4501/4501/4501
f 4501/4501/4501 4533/4533/4533 4534/4534/4534 4502/4502/4502
f 4502/4502/4502 4534/4534/4534 4535/4535/4535 4503/4503/4503
f 4503/4503/4503 4535/4535/4535 4536/4536/4536 4504/4504/4504
f 4504/4504/4504 4536/4536/4536 4537/4537/4537 4505/4505/4505
f 4505/4505/4505 4537/4537/4537 4538/4538/4538 4506/4506/4506
f 4506/4506/4506 4538/4538/4538 4539/4539/4539 4507/4507/4507
f 4507/4507/4507 4539/4539/4539 4540/4540/4540 4508/4508/4508
f 4508/4508/4508 4540/4540/4540 4541/4541/4541 4509/4509/4509
f 4509/4509/4509 4541/4541/4541 4542/4542/4542 4510/4510/4510
f 4510/4510/4510 4542/4542/4542 4543/4543/4543 4511/4511/4511
f 4511/4511/4511 4543/4543/4543 4544/4544/4544 4512/4512/4512
f 4512/4512/4512 4544/4544/4544 4545/4545/4545 4513/4513/4513
f 4513/4513/4513 4545/4545/4545 4546/4546/4546 4514/4514/4514
f 4514/4514/4514 4546/4546/4546 4547/4547/4547 4515/4515/4515
f 4515/4515/4515 4547/4547/4547 4548/4548/4548 4516/4516/4516
f 4516/4516/4516 4548/4548/4548 4549/4549/4549 4517/4517/4517
f 4517/4517/4517 4549/4549/4549 4550/4550/4550 4518/4518/4518
f 4518/4518/4518 4550/4550/4550 4551/4551/4551 4519/4519/4519
f 4519/4519/4519 4551/4551/4551 4552/4552/4552 4520/4520/4520
f 4521/4521/4521 4553/4553/4553 4554/4554/4554 4522/4522/4522
f 4522/4522/4522 4554/4554/4554 4555/4555/4555 4523/4523/4523
f 4523/4523/4523 4555/4555/4555 4556/4556/4556 4524/4524/4524
f 4524/4524/4524 4556/4556/4556 4557/4557/4557 4525/4525/4525
f 4525/4525/4525 4557/4557/4557 4558/4558/4558 4526/4526/4526
f 4526/4526/4526 4558/4558/4558 4559/4559/4559 4527/4527/4527
f 4527/4527/4527 4559/4559/4559 4560/4560/4560 4528/4528/4528
f 4528/4528/4528 4560/4560/4560 4561/4561/4561 4529/4529/4529
f 4529/4529/4529 4561/4561/4561 4562/4562/4562 4530/4530/4530
f 4530/4530/4530 4562/4562/4562 4563/4563/4563 4531/4531/4531
f 4531/4531/4531 4563/4563/4563 4564/4564/4564 4532/4532/4532
f 4532/4532/4532 4564/4564/4564 4565/4565/4565 4533/4533/4533
f 4533/4533/4533 4565/4565/4565 4566/4566/4566 4534/4534/4534
f 4534/4534/4534 4566/4566/4566 4567/4567/4567 4535/4535/4535
f 4535/4535/4535 4567/4567/4567 4568/4568/4568 4536/4536/4536
f 4536/4536/4536 4568/4568/4568 4569/4569/4569 4537/4537/4537
f 4537/4537/4537 4569/4569/4569 4570/4570/4570 4538/4538/4538
f 4538/4538/4538 4570/4570/4570 4571/4571/4571 4539/4539/4539
f 4539/4539/4539 4571/4571/4571 4572/4572/4572 4540/4540/4540
f 4540/4540/4540 4572/4572/4572 4573/4573/4573 4541/4541/4541
f 4541/4541/4541 4573/4573/4573 4574/4574/4574 4542/4542/4542
f 4542/4542/4542 4574/4574/4574 4575/4575/4575 4543/4543/4543
f 4543/4543/4543 4575/4575/4575 4576/4576/4576 4544/4544/4544
f 4544/4544/4544 4576/4576/4576 4577/4577/4577 4545/4545/4545
f 4545/4545/4545 4577/4577/4577 4578/4578/4578 4546/4546/4546
f 4546/4546/4546 4578/4578/4578 4579/4579/4579 4547/4547/4547
f 4547/4547/4547 4579/4579/4579 4580/4580/4580 4548/4548/4548
f 4548/4548/4548 4580/4580/4580 4581/4581/4581 4549/4549/4549
f 4549/4549/4549 4581/4581/4581 4582/4582/4582 4550/4550/4550
f 4550/4550/4550 4582/4582/4582 4583/4583/4583 4551/4551/4551
f 4551/4551/4551 4583/4583/4583 4584/4584/4584 4552/4552/4552
f 4553/4553/4553 4585/4585/4585 4586/4586/4586 4554/4554/4554
f 4554/4554/4554 4586/4586/4586 4587/4587/4587 4555/4555/4555
f 4555/4555/4555 4587/4587/4587 4588/4588/4588 4556/4556/4556
f 4556/4556/4556 4588/4588/4588 4589/4589/4589 4557/4557/4557
f 4557/4557/4557 4589/4589/4589 4590/4590/4590 4558/4558/4558
f 4558/4558/4558 4590/4590/4590 4591/4591/4591 4559/4559/4559
f 4559/4559/4559 4591/4591/4591 4592/4592/4592 4560/4560/4560
f 4560/4560/4560 4592/4592/4592 4593/4593/4593 4561/4561/4561
f 4561/4561/4561 4593/4593/4593 4594/4594/4594 4562/4562/4562
f 4562/4562/4562 4594/4594/4594 4595/4595/4595 4563/4563/4563
f 4563/4563/4563 4595/4595/4595 4596/4596/4596 4564/4564/4564
f 4564/4564/4564 4596/4596/4596 4597/4597/4597 4565/4565/4565
f 4565/4565/4565 4597/4597/4597 4598/4598/4598 4566/4566/4566
f 4566/4566/4566 4598/4598/4598 4599/4599/4599 4567/4567/4567
f 4567/4567/4567 4599/4599/4599 4600/4600/4600 4568/4568/4568
f 4568/4568/4568 4600/4600/4600 4601/4601/4601 4569/4569/4569
f 4569/4569/4569 4601/4601/4601 4602/4602/4602 4570/4570/4570
f 4570/4570/4570 4602/4602/4602 4603/4603/4603 4571/4571/4571
f 4571/4571/4571 4603/4603/4603 4604/4604/4604 4572/4572/4572
f 4572/4572/4572 4604/4604/4604 4605/4605/4605 4573/4573/4573
f 4573/4573/4573 4605/4605/4605 4606/4606/4606 4574/4574/4574
f 4574/4574/4574 4606/4606/4606 4607/4607/4607 4575/4575/4575
f 4575/4575/4575 4607/4607/4607 4608/4608/4608 4576/4576/4576
f 4576/4576/4576 4608/4608/4608 4609/4609/4609 4577/4577/4577
f 4577/4577/4577 4609/4609/4609 4610/4610/4610 4578/4578/4578
f 4578/4578/4578 4610/4610/4610 4611/4611/4611 4579/4579/4579
f 4579/4579/4579 4611/4611/4611 4612/4612/4612 4580/4580/4580
f 4580/4580/4580 4612/4612/4612 4613/4613/4613 4581/4581/4581
f 4581/4581/4581 4613/4613/4613 4614/4614/4614 4582/4582/4582
f 4582/4582/4582 4614/4614/4614 4615/4615/4615 4583/4583/4583
f 4583/4583/4583 4615/4615/4615 4616/4616/4616 4584/4584/4584
f 4585/4585/4585 4617/4617/4617 4618/4618/4618 4586/4586/4586
f 4586/4586/4586 4618/4618/4618 4619/4619/4619 4587/4587/4587
f 4587/4587/4587 4619/4619/4619 4620/4620/4620 4588/4588/4588
f 4588/4588/4588 4620/4620/4620 4621/4621/4621 4589/4589/4589
f 4589/4589/4589 4621/4621/4621 4622/4622/4622 4590/4590/4590
f 4590/4590/4590 4622/4622/4622 4623/4623/4623 4591/4591/4591
f 4591/4591/4591 4623/4623/4623 4624/4624/4624 4592/4592/4592
f 4592/4592/4592 4624/4624/4624 4625/4625/4625 4593/4593/4593
f 4593/4593/4593 4625/4625/4625 4626/4626/4626 4594/4594/4594
f 4594/4594/4594 4626/4626/4626 4627/4627/4627 4595/4595/4595
f 4595/4595/4595 4627/4627/4627 4628/4628/4628 4596/4596/4596
f 4596/4596/4596 4628/4628/4628 4629/4629/4629 4597/4597/4597
f 4597/4597/4597 4629/4629/4629 4630/4630/4630 4598/4598/4598
f 4598/4598/4598 4630/4630/4630 4631/4631/4631 4599/4599/4599
f 4599/4599/4599 4631/4631/4631 4632/4632/4632 4600/4600/4600
f 4600/4600/4600 4632/4632/4632 4633/4633/4633 4601/4601/4601
f 4601/4601/4601 4633/4633/4633 4634/4634/4634 4602/4602/4602
f 4602/4602/4602 4634/4634/4634 4635/4635/4635 4603/4603/4603
f 4603/4603/4603 4635/4635/4635 4636/4636/4636 4604/4604/4604
f 4604/4604/4604 4636/4636/4636 4637/4637/4637 4605/4605/4605
f 4605/4605/4605 4637/4637/4637 4638/4638/4638 4606/4606/4606
f 4606/4606/4606 4638/4638/4638 4639/4639/4639 4607/4607/4607
f 4607/4607/4607 4639/4639/4639 4640/4640/4640 4608/4608/4608
f 4608/4608/4608 4640/4640/4640 4641/4641/4641 4609/4609/4609
f 4609/4609/4609 4641/4641/4641 4642/4642/4642 4610/4610/4610
f 4610/4610/4610 4642/4642/4642 4643/4643/4643 4611/4611/4611
f 4611/4611/4611 4643/4643/4643 4644/4644/4644 4612/4612/4612
f 4612/4612/4612 4644/4644/4644 4645/4645/4645 4613/4613/4613
f 4613/4613/4613 4645/4645/4645 4646/4646/4646 4614/4614/4614
f 4614/4614/4614 4646/4646/4646 4647/4647/4647 4615/4615/4615
f 4615/4615/4615 4647/4647/4647 4648/4648/4648 4616/4616/4616
f 4617/4617/4617 4649/4649/4649 4650/4650/4650 4618/4618/4618
f 4618/4618/4618 4650/4650/4650 4651/4651/4651 4619/4619/4619
f 4619/4619/4619 4651/4651/4651 4652/4652/4652 4620/4620/4620
f 4620/4620/4620 4652/4652/4652 4653/4653/4653 4621/4621/4621
f 4621/4621/4621 4653/4653/4653 4654/4654/4654 4622/4622/4622
f 4622/4622/4622 4654/4654/4654 4655/4655/4655 4623/4623/4623
f 4623/4623/4623 4655/4655/4655 4656/4656/4656 4624/4624/4624
f 4624/4624/4624 4656/4656/4656 4657/4657/4657 4625/4625/4625
f 4625/4625/4625 4657/4657/4657 4658/4658/4658 4626/4626/4626
f 4626/4626/4626 4658/4658/4658 4659/4659/4659 4627/4627/4627
f 4627/4627/4627 4659/4659/4659 4660/4660/4660 4628/4628/4628
f 4628/4628/4628 4660/4660/4660 4661/4661/4661 4629/4629/4629
f 4629/4629/4629 4661/4661/4661 4662/4662/4662 4630/4630/4630
f 4630/4630/4630 4662/4662/4662 4663/4663/4663 4631/4631/4631
f 4631/4631/4631 4663/4663/4663 4664/4664/4664 4632/4632/4632
f 4632/4632/4632 4664/4664/4664 4665/4665/4665 4633/4633/4633
f 4633/4633/4633 4665/4665/4665 4666/4666/4666 4634/4634/4634
f 4634/4634/4634 4666/4666/4666 4667/4667/4667 4635/4635/4635
f 4635/4635/4635 4667/4667/4667 4668/4668/4668 4636/4636/4636
f 4636/4636/4636 4668/4668/4668 4669/4669/4669 4637/4637/4637
f 4637/4637/4637 4669/4669/4669 4670/4670/4670 4638/4638/4638
f 4638/4638/4638 4670/4670/4670 4671/4671/4671 4639/4639/4639
f 4639/4639/4639 4671/4671/4671 4672/4672/4672 4640/4640/4640
f 4640/4640/4640 4672/4672/4672 4673/4673/4673 4641/4641/4641
f 4641/4641/4641 4673/4673/4673 4674/4674/4674 4642/4642/4642
f 4642/4642/4642 4674/4674/4674 4675/4675/4675 4643/4643/4643
f 4643/4643/4643 4675/4675/4675 4676/4676/4676 4644/4644/4644
f 4644/4644/4644 4676/4676/4676 4677/4677/4677 4645/4645/4645
f 4645/4645/4645 4677/4677/4677 4678/4678/4678 4646/4646/4646
f 4646/4646/4646 4678/4678/4678 4679/4679/4679 4647/4647/4647
f 4647/4647/4647 4679/4679/4679 4680/4680/4680 4648/4648/4648

g Bottle_Cap
usemtl Mat_Green_Cap
s 1
f 4681/4681/4681 4686/4686/4686 4687/4687/4687 4682/4682/4682
f 4682/4682/4682 4687/4687/4687 4688/4688/4688 4683/4683/4683
f 4683/4683/4683 4688/4688/4688 4689/4689/4689 4684/4684/4684
f 4684/4684/4684 4689/4689/4689 4690/4690/4690 4685/4685/4685
f 4685/4685/4685 4690/4690/4690 5326/5326/5326
f 4686/4686/4686 4691/4691/4691 4692/4692/4692 4687/4687/4687
f 4687/4687/4687 4692/4692/4692 4693/4693/4693 4688/4688/4688
f 4688/4688/4688 4693/4693/4693 4694/4694/4694 4689/4689/4689
f 4689/4689/4689 4694/4694/4694 4695/4695/4695 4690/4690/4690
f 4690/4690/4690 4695/4695/4695 5326/5326/5326
f 4691/4691/4691 4696/4696/4696 4697/4697/4697 4692/4692/4692
f 4692/4692/4692 4697/4697/4697 4698/4698/4698 4693/4693/4693
f 4693/4693/4693 4698/4698/4698 4699/4699/4699 4694/4694/4694
f 4694/4694/4694 4699/4699/4699 4700/4700/4700 4695/4695/4695
f 4695/4695/4695 4700/4700/4700 5326/5326/5326
f 4696/4696/4696 4701/4701/4701 4702/4702/4702 4697/4697/4697
f 4697/4697/4697 4702/4702/4702 4703/4703/4703 4698/4698/4698
f 4698/4698/4698 4703/4703/4703 4704/4704/4704 4699/4699/4699
f 4699/4699/4699 4704/4704/4704 4705/4705/4705 4700/4700/4700
f 4700/4700/4700 4705/4705/4705 5326/5326/5326
f 4701/4701/4701 4706/4706/4706 4707/4707/4707 4702/4702/4702
f 4702/4702/4702 4707/4707/4707 4708/4708/4708 4703/4703/4703
f 4703/4703/4703 4708/4708/4708 4709/4709/4709 4704/4704/4704
f 4704/4704/4704 4709/4709/4709 4710/4710/4710 4705/4705/4705
f 4705/4705/4705 4710/4710/4710 5326/5326/5326
f 4706/4706/4706 4711/4711/4711 4712/4712/4712 4707/4707/4707
f 4707/4707/4707 4712/4712/4712 4713/4713/4713 4708/4708/4708
f 4708/4708/4708 4713/4713/4713 4714/4714/4714 4709/4709/4709
f 4709/4709/4709 4714/4714/4714 4715/4715/4715 4710/4710/4710
f 4710/4710/4710 4715/4715/4715 5326/5326/5326
f 4711/4711/4711 4716/4716/4716 4717/4717/4717 4712/4712/4712
f 4712/4712/4712 4717/4717/4717 4718/4718/4718 4713/4713/4713
f 4713/4713/4713 4718/4718/4718 4719/4719/4719 4714/4714/4714
f 4714/4714/4714 4719/4719/4719 4720/4720/4720 4715/4715/4715
f 4715/4715/4715 4720/4720/4720 5326/5326/5326
f 4716/4716/4716 4721/4721/4721 4722/4722/4722 4717/4717/4717
f 4717/4717/4717 4722/4722/4722 4723/4723/4723 4718/4718/4718
f 4718/4718/4718 4723/4723/4723 4724/4724/4724 4719/4719/4719
f 4719/4719/4719 4724/4724/4724 4725/4725/4725 4720/4720/4720
f 4720/4720/4720 4725/4725/4725 5326/5326/5326
f 4721/4721/4721 4726/4726/4726 4727/4727/4727 4722/4722/4722
f 4722/4722/4722 4727/4727/4727 4728/4728/4728 4723/4723/4723
f 4723/4723/4723 4728/4728/4728 4729/4729/4729 4724/4724/4724
f 4724/4724/4724 4729/4729/4729 4730/4730/4730 4725/4725/4725
f 4725/4725/4725 4730/4730/4730 5326/5326/5326
f 4726/4726/4726 4731/4731/4731 4732/4732/4732 4727/4727/4727
f 4727/4727/4727 4732/4732/4732 4733/4733/4733 4728/4728/4728
f 4728/4728/4728 4733/4733/4733 4734/4734/4734 4729/4729/4729
f 4729/4729/4729 4734/4734/4734 4735/4735/4735 4730/4730/4730
f 4730/4730/4730 4735/4735/4735 5326/5326/5326
f 4731/4731/4731 4736/4736/4736 4737/4737/4737 4732/4732/4732
f 4732/4732/4732 4737/4737/4737 4738/4738/4738 4733/4733/4733
f 4733/4733/4733 4738/4738/4738 4739/4739/4739 4734/4734/4734
f 4734/4734/4734 4739/4739/4739 4740/4740/4740 4735/4735/4735
f 4735/4735/4735 4740/4740/4740 5326/5326/5326
f 4736/4736/4736 4741/4741/4741 4742/4742/4742 4737/4737/4737
f 4737/4737/4737 4742/4742/4742 4743/4743/4743 4738/4738/4738
f 4738/4738/4738 4743/4743/4743 4744/4744/4744 4739/4739/4739
f 4739/4739/4739 4744/4744/4744 4745/4745/4745 4740/4740/4740
f 4740/4740/4740 4745/4745/4745 5326/5326/5326
f 4741/4741/4741 4746/4746/4746 4747/4747/4747 4742/4742/4742
f 4742/4742/4742 4747/4747/4747 4748/4748/4748 4743/4743/4743
f 4743/4743/4743 4748/4748/4748 4749/4749/4749 4744/4744/4744
f 4744/4744/4744 4749/4749/4749 4750/4750/4750 4745/4745/4745
f 4745/4745/4745 4750/4750/4750 5326/5326/5326
f 4746/4746/4746 4751/4751/4751 4752/4752/4752 4747/4747/4747
f 4747/4747/4747 4752/4752/4752 4753/4753/4753 4748/4748/4748
f 4748/4748/4748 4753/4753/4753 4754/4754/4754 4749/4749/4749
f 4749/4749/4749 4754/4754/4754 4755/4755/4755 4750/4750/4750
f 4750/4750/4750 4755/4755/4755 5326/5326/5326
f 4751/4751/4751 4756/4756/4756 4757/4757/4757 4752/4752/4752
f 4752/4752/4752 4757/4757/4757 4758/4758/4758 4753/4753/4753
f 4753/4753/4753 4758/4758/4758 4759/4759/4759 4754/4754/4754
f 4754/4754/4754 4759/4759/4759 4760/4760/4760 4755/4755/4755
f 4755/4755/4755 4760/4760/4760 5326/5326/5326
f 4756/4756/4756 4761/4761/4761 4762/4762/4762 4757/4757/4757
f 4757/4757/4757 4762/4762/4762 4763/4763/4763 4758/4758/4758
f 4758/4758/4758 4763/4763/4763 4764/4764/4764 4759/4759/4759
f 4759/4759/4759 4764/4764/4764 4765/4765/4765 4760/4760/4760
f 4760/4760/4760 4765/4765/4765 5326/5326/5326
f 4761/4761/4761 4766/4766/4766 4767/4767/4767 4762/4762/4762
f 4762/4762/4762 4767/4767/4767 4768/4768/4768 4763/4763/4763
f 4763/4763/4763 4768/4768/4768 4769/4769/4769 4764/4764/4764
f 4764/4764/4764 4769/4769/4769 4770/4770/4770 4765/4765/4765
f 4765/4765/4765 4770/4770/4770 5326/5326/5326
f 4766/4766/4766 4771/4771/4771 4772/4772/4772 4767/4767/4767
f 4767/4767/4767 4772/4772/4772 4773/4773/4773 4768/4768/4768
f 4768/4768/4768 4773/4773/4773 4774/4774/4774 4769/4769/4769
f 4769/4769/4769 4774/4774/4774 4775/4775/4775 4770/4770/4770
f 4770/4770/4770 4775/4775/4775 5326/5326/5326
f 4771/4771/4771 4776/4776/4776 4777/4777/4777 4772/4772/4772
f 4772/4772/4772 4777/4777/4777 4778/4778/4778 4773/4773/4773
f 4773/4773/4773 4778/4778/4778 4779/4779/4779 4774/4774/4774
f 4774/4774/4774 4779/4779/4779 4780/4780/4780 4775/4775/4775
f 4775/4775/4775 4780/4780/4780 5326/5326/5326
f 4776/4776/4776 4781/4781/4781 4782/4782/4782 4777/4777/4777
f 4777/4777/4777 4782/4782/4782 4783/4783/4783 4778/4778/4778
f 4778/4778/4778 4783/4783/4783 4784/4784/4784 4779/4779/4779
f 4779/4779/4779 4784/4784/4784 4785/4785/4785 4780/4780/4780
f 4780/4780/4780 4785/4785/4785 5326/5326/5326
f 4781/4781/4781 4786/4786/4786 4787/4787/4787 4782/4782/4782
f 4782/4782/4782 4787/4787/4787 4788/4788/4788 4783/4783/4783
f 4783/4783/4783 4788/4788/4788 4789/4789/4789 4784/4784/4784
f 4784/4784/4784 4789/4789/4789 4790/4790/4790 4785/4785/4785
f 4785/4785/4785 4790/4790/4790 5326/5326/5326
f 4786/4786/4786 4791/4791/4791 4792/4792/4792 4787/4787/4787
f 4787/4787/4787 4792/4792/4792 4793/4793/4793 4788/4788/4788
f 4788/4788/4788 4793/4793/4793 4794/4794/4794 4789/4789/4789
f 4789/4789/4789 4794/4794/4794 4795/4795/4795 4790/4790/4790
f 4790/4790/4790 4795/4795/4795 5326/5326/5326
f 4791/4791/4791 4796/4796/4796 4797/4797/4797 4792/4792/4792
f 4792/4792/4792 4797/4797/4797 4798/4798/4798 4793/4793/4793
f 4793/4793/4793 4798/4798/4798 4799/4799/4799 4794/4794/4794
f 4794/4794/4794 4799/4799/4799 4800/4800/4800 4795/4795/4795
f 4795/4795/4795 4800/4800/4800 5326/5326/5326
f 4796/4796/4796 4801/4801/4801 4802/4802/4802 4797/4797/4797
f 4797/4797/4797 4802/4802/4802 4803/4803/4803 4798/4798/4798
f 4798/4798/4798 4803/4803/4803 4804/4804/4804 4799/4799/4799
f 4799/4799/4799 4804/4804/4804 4805/4805/4805 4800/4800/4800
f 4800/4800/4800 4805/4805/4805 5326/5326/5326
f 4801/4801/4801 4806/4806/4806 4807/4807/4807 4802/4802/4802
f 4802/4802/4802 4807/4807/4807 4808/4808/4808 4803/4803/4803
f 4803/4803/4803 4808/4808/4808 4809/4809/4809 4804/4804/4804
f 4804/4804/4804 4809/4809/4809 4810/4810/4810 4805/4805/4805
f 4805/4805/4805 4810/4810/4810 5326/5326/5326
f 4806/4806/4806 4811/4811/4811 4812/4812/4812 4807/4807/4807
f 4807/4807/4807 4812/4812/4812 4813/4813/4813 4808/4808/4808
f 4808/4808/4808 4813/4813/4813 4814/4814/4814 4809/4809/4809
f 4809/4809/4809 4814/4814/4814 4815/4815/4815 4810/4810/4810
f 4810/4810/4810 4815/4815/4815 5326/5326/5326
f 4811/4811/4811 4816/4816/4816 4817/4817/4817 4812/4812/4812
f 4812/4812/4812 4817/4817/4817 4818/4818/4818 4813/4813/4813
f 4813/4813/4813 4818/4818/4818 4819/4819/4819 4814/4814/4814
f 4814/4814/4814 4819/4819/4819 4820/4820/4820 4815/4815/4815
f 4815/4815/4815 4820/4820/4820 5326/5326/5326
f 4816/4816/4816 4821/4821/4821 4822/4822/4822 4817/4817/4817
f 4817/4817/4817 4822/4822/4822 4823/4823/4823 4818/4818/4818
f 4818/4818/4818 4823/4823/4823 4824/4824/4824 4819/4819/4819
f 4819/4819/4819 4824/4824/4824 4825/4825/4825 4820/4820/4820
f 4820/4820/4820 4825/4825/4825 5326/5326/5326
f 4821/4821/4821 4826/4826/4826 4827/4827/4827 4822/4822/4822
f 4822/4822/4822 4827/4827/4827 4828/4828/4828 4823/4823/4823
f 4823/4823/4823 4828/4828/4828 4829/4829/4829 4824/4824/4824
f 4824/4824/4824 4829/4829/4829 4830/4830/4830 4825/4825/4825
f 4825/4825/4825 4830/4830/4830 5326/5326/5326
f 4826/4826/4826 4831/4831/4831 4832/4832/4832 4827/4827/4827
f 4827/4827/4827 4832/4832/4832 4833/4833/4833 4828/4828/4828
f 4828/4828/4828 4833/4833/4833 4834/4834/4834 4829/4829/4829
f 4829/4829/4829 4834/4834/4834 4835/4835/4835 4830/4830/4830
f 4830/4830/4830 4835/4835/4835 5326/5326/5326
f 4831/4831/4831 4836/4836/4836 4837/4837/4837 4832/4832/4832
f 4832/4832/4832 4837/4837/4837 4838/4838/4838 4833/4833/4833
f 4833/4833/4833 4838/4838/4838 4839/4839/4839 4834/4834/4834
f 4834/4834/4834 4839/4839/4839 4840/4840/4840 4835/4835/4835
f 4835/4835/4835 4840/4840/4840 5326/5326/5326
f 4836/4836/4836 4841/4841/4841 4842/4842/4842 4837/4837/4837
f 4837/4837/4837 4842/4842/4842 4843/4843/4843 4838/4838/4838
f 4838/4838/4838 4843/4843/4843 4844/4844/4844 4839/4839/4839
f 4839/4839/4839 4844/4844/4844 4845/4845/4845 4840/4840/4840
f 4840/4840/4840 4845/4845/4845 5326/5326/5326
f 4841/4841/4841 4846/4846/4846 4847/4847/4847 4842/4842/4842
f 4842/4842/4842 4847/4847/4847 4848/4848/4848 4843/4843/4843
f 4843/4843/4843 4848/4848/4848 4849/4849/4849 4844/4844/4844
f 4844/4844/4844 4849/4849/4849 4850/4850/4850 4845/4845/4845
f 4845/4845/4845 4850/4850/4850 5326/5326/5326
f 4846/4846/4846 4851/4851/4851 4852/4852/4852 4847/4847/4847
f 4847/4847/4847 4852/4852/4852 4853/4853/4853 4848/4848/4848
f 4848/4848/4848 4853/4853/4853 4854/4854/4854 4849/4849/4849
f 4849/4849/4849 4854/4854/4854 4855/4855/4855 4850/4850/4850
f 4850/4850/4850 4855/4855/4855 5326/5326/5326
f 4851/4851/4851 4856/4856/4856 4857/4857/4857 4852/4852/4852
f 4852/4852/4852 4857/4857/4857 4858/4858/4858 4853/4853/4853
f 4853/4853/4853 4858/4858/4858 4859/4859/4859 4854/4854/4854
f 4854/4854/4854 4859/4859/4859 4860/4860/4860 4855/4855/4855
f 4855/4855/4855 4860/4860/4860 5326/5326/5326
f 4856/4856/4856 4861/4861/4861 4862/4862/4862 4857/4857/4857
f 4857/4857/4857 4862/4862/4862 4863/4863/4863 4858/4858/4858
f 4858/4858/4858 4863/4863/4863 4864/4864/4864 4859/4859/4859
f 4859/4859/4859 4864/4864/4864 4865/4865/4865 4860/4860/4860
f 4860/4860/4860 4865/4865/4865 5326/5326/5326
f 4861/4861/4861 4866/4866/4866 4867/4867/4867 4862/4862/4862
f 4862/4862/4862 4867/4867/4867 4868/4868/4868 4863/4863/4863
f 4863/4863/4863 4868/4868/4868 4869/4869/4869 4864/4864/4864
f 4864/4864/4864 4869/4869/4869 4870/4870/4870 4865/4865/4865
f 4865/4865/4865 4870/4870/4870 5326/5326/5326
f 4866/4866/4866 4871/4871/4871 4872/4872/4872 4867/4867/4867
f 4867/4867/4867 4872/4872/4872 4873/4873/4873 4868/4868/4868
f 4868/4868/4868 4873/4873/4873 4874/4874/4874 4869/4869/4869
f 4869/4869/4869 4874/4874/4874 4875/4875/4875 4870/4870/4870
f 4870/4870/4870 4875/4875/4875 5326/5326/5326
f 4871/4871/4871 4876/4876/4876 4877/4877/4877 4872/4872/4872
f 4872/4872/4872 4877/4877/4877 4878/4878/4878 4873/4873/4873
f 4873/4873/4873 4878/4878/4878 4879/4879/4879 4874/4874/4874
f 4874/4874/4874 4879/4879/4879 4880/4880/4880 4875/4875/4875
f 4875/4875/4875 4880/4880/4880 5326/5326/5326
f 4876/4876/4876 4881/4881/4881 4882/4882/4882 4877/4877/4877
f 4877/4877/4877 4882/4882/4882 4883/4883/4883 4878/4878/4878
f 4878/4878/4878 4883/4883/4883 4884/4884/4884 4879/4879/4879
f 4879/4879/4879 4884/4884/4884 4885/4885/4885 4880/4880/4880
f 4880/4880/4880 4885/4885/4885 5326/5326/5326
f 4881/4881/4881 4886/4886/4886 4887/4887/4887 4882/4882/4882
f 4882/4882/4882 4887/4887/4887 4888/4888/4888 4883/4883/4883
f 4883/4883/4883 4888/4888/4888 4889/4889/4889 4884/4884/4884
f 4884/4884/4884 4889/4889/4889 4890/4890/4890 4885/4885/4885
f 4885/4885/4885 4890/4890/4890 5326/5326/5326
f 4886/4886/4886 4891/4891/4891 4892/4892/4892 4887/4887/4887
f 4887/4887/4887 4892/4892/4892 4893/4893/4893 4888/4888/4888
f 4888/4888/4888 4893/4893/4893 4894/4894/4894 4889/4889/4889
f 4889/4889/4889 4894/4894/4894 4895/4895/4895 4890/4890/4890
f 4890/4890/4890 4895/4895/4895 5326/5326/5326
f 4891/4891/4891 4896/4896/4896 4897/4897/4897 4892/4892/4892
f 4892/4892/4892 4897/4897/4897 4898/4898/4898 4893/4893/4893
f 4893/4893/4893 4898/4898/4898 4899/4899/4899 4894/4894/4894
f 4894/4894/4894 4899/4899/4899 4900/4900/4900 4895/4895/4895
f 4895/4895/4895 4900/4900/4900 5326/5326/5326
f 4896/4896/4896 4901/4901/4901 4902/4902/4902 4897/4897/4897
f 4897/4897/4897 4902/4902/4902 4903/4903/4903 4898/4898/4898
f 4898/4898/4898 4903/4903/4903 4904/4904/4904 4899/4899/4899
f 4899/4899/4899 4904/4904/4904 4905/4905/4905 4900/4900/4900
f 4900/4900/4900 4905/4905/4905 5326/5326/5326
f 4901/4901/4901 4906/4906/4906 4907/4907/4907 4902/4902/4902
f 4902/4902/4902 4907/4907/4907 4908/4908/4908 4903/4903/4903
f 4903/4903/4903 4908/4908/4908 4909/4909/4909 4904/4904/4904
f 4904/4904/4904 4909/4909/4909 4910/4910/4910 4905/4905/4905
f 4905/4905/4905 4910/4910/4910 5326/5326/5326
f 4906/4906/4906 4911/4911/4911 4912/4912/4912 4907/4907/4907
f 4907/4907/4907 4912/4912/4912 4913/4913/4913 4908/4908/4908
f 4908/4908/4908 4913/4913/4913 4914/4914/4914 4909/4909/4909
f 4909/4909/4909 4914/4914/4914 4915/4915/4915 4910/4910/4910
f 4910/4910/4910 4915/4915/4915 5326/5326/5326
f 4911/4911/4911 4916/4916/4916 4917/4917/4917 4912/4912/4912
f 4912/4912/4912 4917/4917/4917 4918/4918/4918 4913/4913/4913
f 4913/4913/4913 4918/4918/4918 4919/4919/4919 4914/4914/4914
f 4914/4914/4914 4919/4919/4919 4920/4920/4920 4915/4915/4915
f 4915/4915/4915 4920/4920/4920 5326/5326/5326
f 4916/4916/4916 4921/4921/4921 4922/4922/4922 4917/4917/4917
f 4917/4917/4917 4922/4922/4922 4923/4923/4923 4918/4918/4918
f 4918/4918/4918 4923/4923/4923 4924/4924/4924 4919/4919/4919
f 4919/4919/4919 4924/4924/4924 4925/4925/4925 4920/4920/4920
f 4920/4920/4920 4925/4925/4925 5326/5326/5326
f 4921/4921/4921 4926/4926/4926 4927/4927/4927 4922/4922/4922
f 4922/4922/4922 4927/4927/4927 4928/4928/4928 4923/4923/4923
f 4923/4923/4923 4928/4928/4928 4929/4929/4929 4924/4924/4924
f 4924/4924/4924 4929/4929/4929 4930/4930/4930 4925/4925/4925
f 4925/4925/4925 4930/4930/4930 5326/5326/5326
f 4926/4926/4926 4931/4931/4931 4932/4932/4932 4927/4927/4927
f 4927/4927/4927 4932/4932/4932 4933/4933/4933 4928/4928/4928
f 4928/4928/4928 4933/4933/4933 4934/4934/4934 4929/4929/4929
f 4929/4929/4929 4934/4934/4934 4935/4935/4935 4930/4930/4930
f 4930/4930/4930 4935/4935/4935 5326/5326/5326
f 4931/4931/4931 4936/4936/4936 4937/4937/4937 4932/4932/4932
f 4932/4932/4932 4937/4937/4937 4938/4938/4938 4933/4933/4933
f 4933/4933/4933 4938/4938/4938 4939/4939/4939 4934/4934/4934
f 4934/4934/4934 4939/4939/4939 4940/4940/4940 4935/4935/4935
f 4935/4935/4935 4940/4940/4940 5326/5326/5326
f 4936/4936/4936 4941/4941/4941 4942/4942/4942 4937/4937/4937
f 4937/4937/4937 4942/4942/4942 4943/4943/4943 4938/4938/4938
f 4938/4938/4938 4943/4943/4943 4944/4944/4944 4939/4939/4939
f 4939/4939/4939 4944/4944/4944 4945/4945/4945 4940/4940/4940
f 4940/4940/4940 4945/4945/4945 5326/5326/5326
f 4941/4941/4941 4946/4946/4946 4947/4947/4947 4942/4942/4942
f 4942/4942/4942 4947/4947/4947 4948/4948/4948 4943/4943/4943
f 4943/4943/4943 4948/4948/4948 4949/4949/4949 4944/4944/4944
f 4944/4944/4944 4949/4949/4949 4950/4950/4950 4945/4945/4945
f 4945/4945/4945 4950/4950/4950 5326/5326/5326
f 4946/4946/4946 4951/4951/4951 4952/4952/4952 4947/4947/4947
f 4947/4947/4947 4952/4952/4952 4953/4953/4953 4948/4948/4948
f 4948/4948/4948 4953/4953/4953 4954/4954/4954 4949/4949/4949
f 4949/4949/4949 4954/4954/4954 4955/4955/4955 4950/4950/4950
f 4950/4950/4950 4955/4955/4955 5326/5326/5326
f 4951/4951/4951 4956/4956/4956 4957/4957/4957 4952/4952/4952
f 4952/4952/4952 4957/4957/4957 4958/4958/4958 4953/4953/4953
f 4953/4953/4953 4958/4958/4958 4959/4959/4959 4954/4954/4954
f 4954/4954/4954 4959/4959/4959 4960/4960/4960 4955/4955/4955
f 4955/4955/4955 4960/4960/4960 5326/5326/5326
f 4956/4956/4956 4961/4961/4961 4962/4962/4962 4957/4957/4957
f 4957/4957/4957 4962/4962/4962 4963/4963/4963 4958/4958/4958
f 4958/4958/4958 4963/4963/4963 4964/4964/4964 4959/4959/4959
f 4959/4959/4959 4964/4964/4964 4965/4965/4965 4960/4960/4960
f 4960/4960/4960 4965/4965/4965 5326/5326/5326
f 4961/4961/4961 4966/4966/4966 4967/4967/4967 4962/4962/4962
f 4962/4962/4962 4967/4967/4967 4968/4968/4968 4963/4963/4963
f 4963/4963/4963 4968/4968/4968 4969/4969/4969 4964/4964/4964
f 4964/4964/4964 4969/4969/4969 4970/4970/4970 4965/4965/4965
f 4965/4965/4965 4970/4970/4970 5326/5326/5326
f 4966/4966/4966 4971/4971/4971 4972/4972/4972 4967/4967/4967
f 4967/4967/4967 4972/4972/4972 4973/4973/4973 4968/4968/4968
f 4968/4968/4968 4973/4973/4973 4974/4974/4974 4969/4969/4969
f 4969/4969/4969 4974/4974/4974 4975/4975/4975 4970/4970/4970
f 4970/4970/4970 4975/4975/4975 5326/5326/5326
f 4971/4971/4971 4976/4976/4976 4977/4977/4977 4972/4972/4972
f 4972/4972/4972 4977/4977/4977 4978/4978/4978 4973/4973/4973
f 4973/4973/4973 4978/4978/4978 4979/4979/4979 4974/4974/4974
f 4974/4974/4974 4979/4979/4979 4980/4980/4980 4975/4975/4975
f 4975/4975/4975 4980/4980/4980 5326/5326/5326
f 4976/4976/4976 4981/4981/4981 4982/4982/4982 4977/4977/4977
f 4977/4977/4977 4982/4982/4982 4983/4983/4983 4978/4978/4978
f 4978/4978/4978 4983/4983/4983 4984/4984/4984 4979/4979/4979
f 4979/4979/4979 4984/4984/4984 4985/4985/4985 4980/4980/4980
f 4980/4980/4980 4985/4985/4985 5326/5326/5326
f 4981/4981/4981 4986/4986/4986 4987/4987/4987 4982/4982/4982
f 4982/4982/4982 4987/4987/4987 4988/4988/4988 4983/4983/4983
f 4983/4983/4983 4988/4988/4988 4989/4989/4989 4984/4984/4984
f 4984/4984/4984 4989/4989/4989 4990/4990/4990 4985/4985/4985
f 4985/4985/4985 4990/4990/4990 5326/5326/5326
f 4986/4986/4986 4991/4991/4991 4992/4992/4992 4987/4987/4987
f 4987/4987/4987 4992/4992/4992 4993/4993/4993 4988/4988/4988
f 4988/4988/4988 4993/4993/4993 4994/4994/4994 4989/4989/4989
f 4989/4989/4989 4994/4994/4994 4995/4995/4995 4990/4990/4990
f 4990/4990/4990 4995/4995/4995 5326/5326/5326
f 4991/4991/4991 4996/4996/4996 4997/4997/4997 4992/4992/4992
f 4992/4992/4992 4997/4997/4997 4998/4998/4998 4993/4993/4993
f 4993/4993/4993 4998/4998/4998 4999/4999/4999 4994/4994/4994
f 4994/4994/4994 4999/4999/4999 5000/5000/5000 4995/4995/4995
f 4995/4995/4995 5000/5000/5000 5326/5326/5326
f 4996/4996/4996 5001/5001/5001 5002/5002/5002 4997/4997/4997
f 4997/4997/4997 5002/5002/5002 5003/5003/5003 4998/4998/4998
f 4998/4998/4998 5003/5003/5003 5004/5004/5004 4999/4999/4999
f 4999/4999/4999 5004/5004/5004 5005/5005/5005 5000/5000/5000
f 5000/5000/5000 5005/5005/5005 5326/5326/5326
f 5001/5001/5001 5006/5006/5006 5007/5007/5007 5002/5002/5002
f 5002/5002/5002 5007/5007/5007 5008/5008/5008 5003/5003/5003
f 5003/5003/5003 5008/5008/5008 5009/5009/5009 5004/5004/5004
f 5004/5004/5004 5009/5009/5009 5010/5010/5010 5005/5005/5005
f 5005/5005/5005 5010/5010/5010 5326/5326/5326
f 5006/5006/5006 5011/5011/5011 5012/5012/5012 5007/5007/5007
f 5007/5007/5007 5012/5012/5012 5013/5013/5013 5008/5008/5008
f 5008/5008/5008 5013/5013/5013 5014/5014/5014 5009/5009/5009
f 5009/5009/5009 5014/5014/5014 5015/5015/5015 5010/5010/5010
f 5010/5010/5010 5015/5015/5015 5326/5326/5326
f 5011/5011/5011 5016/5016/5016 5017/5017/5017 5012/5012/5012
f 5012/5012/5012 5017/5017/5017 5018/5018/5018 5013/5013/5013
f 5013/5013/5013 5018/5018/5018 5019/5019/5019 5014/5014/5014
f 5014/5014/5014 5019/5019/5019 5020/5020/5020 5015/5015/5015
f 5015/5015/5015 5020/5020/5020 5326/5326/5326
f 5016/5016/5016 5021/5021/5021 5022/5022/5022 5017/5017/5017
f 5017/5017/5017 5022/5022/5022 5023/5023/5023 5018/5018/5018
f 5018/5018/5018 5023/5023/5023 5024/5024/5024 5019/5019/5019
f 5019/5019/5019 5024/5024/5024 5025/5025/5025 5020/5020/5020
f 5020/5020/5020 5025/5025/5025 5326/5326/5326
f 5021/5021/5021 5026/5026/5026 5027/5027/5027 5022/5022/5022
f 5022/5022/5022 5027/5027/5027 5028/5028/5028 5023/5023/5023
f 5023/5023/5023 5028/5028/5028 5029/5029/5029 5024/5024/5024
f 5024/5024/5024 5029/5029/5029 5030/5030/5030 5025/5025/5025
f 5025/5025/5025 5030/5030/5030 5326/5326/5326
f 5026/5026/5026 5031/5031/5031 5032/5032/5032 5027/5027/5027
f 5027/5027/5027 5032/5032/5032 5033/5033/5033 5028/5028/5028
f 5028/5028/5028 5033/5033/5033 5034/5034/5034 5029/5029/5029
f 5029/5029/5029 5034/5034/5034 5035/5035/5035 5030/5030/5030
f 5030/5030/5030 5035/5035/5035 5326/5326/5326
f 5031/5031/5031 5036/5036/5036 5037/5037/5037 5032/5032/5032
f 5032/5032/5032 5037/5037/5037 5038/5038/5038 5033/5033/5033
f 5033/5033/5033 5038/5038/5038 5039/5039/5039 5034/5034/5034
f 5034/5034/5034 5039/5039/5039 5040/5040/5040 5035/5035/5035
f 5035/5035/5035 5040/5040/5040 5326/5326/5326
f 5036/5036/5036 5041/5041/5041 5042/5042/5042 5037/5037/5037
f 5037/5037/5037 5042/5042/5042 5043/5043/5043 5038/5038/5038
f 5038/5038/5038 5043/5043/5043 5044/5044/5044 5039/5039/5039
f 5039/5039/5039 5044/5044/5044 5045/5045/5045 5040/5040/5040
f 5040/5040/5040 5045/5045/5045 5326/5326/5326
f 5041/5041/5041 5046/5046/5046 5047/5047/5047 5042/5042/5042
f 5042/5042/5042 5047/5047/5047 5048/5048/5048 5043/5043/5043
f 5043/5043/5043 5048/5048/5048 5049/5049/5049 5044/5044/5044
f 5044/5044/5044 5049/5049/5049 5050/5050/5050 5045/5045/5045
f 5045/5045/5045 5050/5050/5050 5326/5326/5326
f 5046/5046/5046 5051/5051/5051 5052/5052/5052 5047/5047/5047
f 5047/5047/5047 5052/5052/5052 5053/5053/5053 5048/5048/5048
f 5048/5048/5048 5053/5053/5053 5054/5054/5054 5049/5049/5049
f 5049/5049/5049 5054/5054/5054 5055/5055/5055 5050/5050/5050
f 5050/5050/5050 5055/5055/5055 5326/5326/5326
f 5051/5051/5051 5056/5056/5056 5057/5057/5057 5052/5052/5052
f 5052/5052/5052 5057/5057/5057 5058/5058/5058 5053/5053/5053
f 5053/5053/5053 5058/5058/5058 5059/5059/5059 5054/5054/5054
f 5054/5054/5054 5059/5059/5059 5060/5060/5060 5055/5055/5055
f 5055/5055/5055 5060/5060/5060 5326/5326/5326
f 5056/5056/5056 5061/5061/5061 5062/5062/5062 5057/5057/5057
f 5057/5057/5057 5062/5062/5062 5063/5063/5063 5058/5058/5058
f 5058/5058/5058 5063/5063/5063 5064/5064/5064 5059/5059/5059
f 5059/5059/5059 5064/5064/5064 5065/5065/5065 5060/5060/5060
f 5060/5060/5060 5065/5065/5065 5326/5326/5326
f 5061/5061/5061 5066/5066/5066 5067/5067/5067 5062/5062/5062
f 5062/5062/5062 5067/5067/5067 5068/5068/5068 5063/5063/5063
f 5063/5063/5063 5068/5068/5068 5069/5069/5069 5064/5064/5064
f 5064/5064/5064 5069/5069/5069 5070/5070/5070 5065/5065/5065
f 5065/5065/5065 5070/5070/5070 5326/5326/5326
f 5066/5066/5066 5071/5071/5071 5072/5072/5072 5067/5067/5067
f 5067/5067/5067 5072/5072/5072 5073/5073/5073 5068/5068/5068
f 5068/5068/5068 5073/5073/5073 5074/5074/5074 5069/5069/5069
f 5069/5069/5069 5074/5074/5074 5075/5075/5075 5070/5070/5070
f 5070/5070/5070 5075/5075/5075 5326/5326/5326
f 5071/5071/5071 5076/5076/5076 5077/5077/5077 5072/5072/5072
f 5072/5072/5072 5077/5077/5077 5078/5078/5078 5073/5073/5073
f 5073/5073/5073 5078/5078/5078 5079/5079/5079 5074/5074/5074
f 5074/5074/5074 5079/5079/5079 5080/5080/5080 5075/5075/5075
f 5075/5075/5075 5080/5080/5080 5326/5326/5326
f 5076/5076/5076 5081/5081/5081 5082/5082/5082 5077/5077/5077
f 5077/5077/5077 5082/5082/5082 5083/5083/5083 5078/5078/5078
f 5078/5078/5078 5083/5083/5083 5084/5084/5084 5079/5079/5079
f 5079/5079/5079 5084/5084/5084 5085/5085/5085 5080/5080/5080
f 5080/5080/5080 5085/5085/5085 5326/5326/5326
f 5081/5081/5081 5086/5086/5086 5087/5087/5087 5082/5082/5082
f 5082/5082/5082 5087/5087/5087 5088/5088/5088 5083/5083/5083
f 5083/5083/5083 5088/5088/5088 5089/5089/5089 5084/5084/5084
f 5084/5084/5084 5089/5089/5089 5090/5090/5090 5085/5085/5085
f 5085/5085/5085 5090/5090/5090 5326/5326/5326
f 5086/5086/5086 5091/5091/5091 5092/5092/5092 5087/5087/5087
f 5087/5087/5087 5092/5092/5092 5093/5093/5093 5088/5088/5088
f 5088/5088/5088 5093/5093/5093 5094/5094/5094 5089/5089/5089
f 5089/5089/5089 5094/5094/5094 5095/5095/5095 5090/5090/5090
f 5090/5090/5090 5095/5095/5095 5326/5326/5326
f 5091/5091/5091 5096/5096/5096 5097/5097/5097 5092/5092/5092
f 5092/5092/5092 5097/5097/5097 5098/5098/5098 5093/5093/5093
f 5093/5093/5093 5098/5098/5098 5099/5099/5099 5094/5094/5094
f 5094/5094/5094 5099/5099/5099 5100/5100/5100 5095/5095/5095
f 5095/5095/5095 5100/5100/5100 5326/5326/5326
f 5096/5096/5096 5101/5101/5101 5102/5102/5102 5097/5097/5097
f 5097/5097/5097 5102/5102/5102 5103/5103/5103 5098/5098/5098
f 5098/5098/5098 5103/5103/5103 5104/5104/5104 5099/5099/5099
f 5099/5099/5099 5104/5104/5104 5105/5105/5105 5100/5100/5100
f 5100/5100/5100 5105/5105/5105 5326/5326/5326
f 5101/5101/5101 5106/5106/5106 5107/5107/5107 5102/5102/5102
f 5102/5102/5102 5107/5107/5107 5108/5108/5108 5103/5103/5103
f 5103/5103/5103 5108/5108/5108 5109/5109/5109 5104/5104/5104
f 5104/5104/5104 5109/5109/5109 5110/5110/5110 5105/5105/5105
f 5105/5105/5105 5110/5110/5110 5326/5326/5326
f 5106/5106/5106 5111/5111/5111 5112/5112/5112 5107/5107/5107
f 5107/5107/5107 5112/5112/5112 5113/5113/5113 5108/5108/5108
f 5108/5108/5108 5113/5113/5113 5114/5114/5114 5109/5109/5109
f 5109/5109/5109 5114/5114/5114 5115/5115/5115 5110/5110/5110
f 5110/5110/5110 5115/5115/5115 5326/5326/5326
f 5111/5111/5111 5116/5116/5116 5117/5117/5117 5112/5112/5112
f 5112/5112/5112 5117/5117/5117 5118/5118/5118 5113/5113/5113
f 5113/5113/5113 5118/5118/5118 5119/5119/5119 5114/5114/5114
f 5114/5114/5114 5119/5119/5119 5120/5120/5120 5115/5115/5115
f 5115/5115/5115 5120/5120/5120 5326/5326/5326
f 5116/5116/5116 5121/5121/5121 5122/5122/5122 5117/5117/5117
f 5117/5117/5117 5122/5122/5122 5123/5123/5123 5118/5118/5118
f 5118/5118/5118 5123/5123/5123 5124/5124/5124 5119/5119/5119
f 5119/5119/5119 5124/5124/5124 5125/5125/5125 5120/5120/5120
f 5120/5120/5120 5125/5125/5125 5326/5326/5326
f 5121/5121/5121 5126/5126/5126 5127/5127/5127 5122/5122/5122
f 5122/5122/5122 5127/5127/5127 5128/5128/5128 5123/5123/5123
f 5123/5123/5123 5128/5128/5128 5129/5129/5129 5124/5124/5124
f 5124/5124/5124 5129/5129/5129 5130/5130/5130 5125/5125/5125
f 5125/5125/5125 5130/5130/5130 5326/5326/5326
f 5126/5126/5126 5131/5131/5131 5132/5132/5132 5127/5127/5127
f 5127/5127/5127 5132/5132/5132 5133/5133/5133 5128/5128/5128
f 5128/5128/5128 5133/5133/5133 5134/5134/5134 5129/5129/5129
f 5129/5129/5129 5134/5134/5134 5135/5135/5135 5130/5130/5130
f 5130/5130/5130 5135/5135/5135 5326/5326/5326
f 5131/5131/5131 5136/5136/5136 5137/5137/5137 5132/5132/5132
f 5132/5132/5132 5137/5137/5137 5138/5138/5138 5133/5133/5133
f 5133/5133/5133 5138/5138/5138 5139/5139/5139 5134/5134/5134
f 5134/5134/5134 5139/5139/5139 5140/5140/5140 5135/5135/5135
f 5135/5135/5135 5140/5140/5140 5326/5326/5326
f 5136/5136/5136 5141/5141/5141 5142/5142/5142 5137/5137/5137
f 5137/5137/5137 5142/5142/5142 5143/5143/5143 5138/5138/5138
f 5138/5138/5138 5143/5143/5143 5144/5144/5144 5139/5139/5139
f 5139/5139/5139 5144/5144/5144 5145/5145/5145 5140/5140/5140
f 5140/5140/5140 5145/5145/5145 5326/5326/5326
f 5141/5141/5141 5146/5146/5146 5147/5147/5147 5142/5142/5142
f 5142/5142/5142 5147/5147/5147 5148/5148/5148 5143/5143/5143
f 5143/5143/5143 5148/5148/5148 5149/5149/5149 5144/5144/5144
f 5144/5144/5144 5149/5149/5149 5150/5150/5150 5145/5145/5145
f 5145/5145/5145 5150/5150/5150 5326/5326/5326
f 5146/5146/5146 5151/5151/5151 5152/5152/5152 5147/5147/5147
f 5147/5147/5147 5152/5152/5152 5153/5153/5153 5148/5148/5148
f 5148/5148/5148 5153/5153/5153 5154/5154/5154 5149/5149/5149
f 5149/5149/5149 5154/5154/5154 5155/5155/5155 5150/5150/5150
f 5150/5150/5150 5155/5155/5155 5326/5326/5326
f 5151/5151/5151 5156/5156/5156 5157/5157/5157 5152/5152/5152
f 5152/5152/5152 5157/5157/5157 5158/5158/5158 5153/5153/5153
f 5153/5153/5153 5158/5158/5158 5159/5159/5159 5154/5154/5154
f 5154/5154/5154 5159/5159/5159 5160/5160/5160 5155/5155/5155
f 5155/5155/5155 5160/5160/5160 5326/5326/5326
f 5156/5156/5156 5161/5161/5161 5162/5162/5162 5157/5157/5157
f 5157/5157/5157 5162/5162/5162 5163/5163/5163 5158/5158/5158
f 5158/5158/5158 5163/5163/5163 5164/5164/5164 5159/5159/5159
f 5159/5159/5159 5164/5164/5164 5165/5165/5165 5160/5160/5160
f 5160/5160/5160 5165/5165/5165 5326/5326/5326
f 5161/5161/5161 5166/5166/5166 5167/5167/5167 5162/5162/5162
f 5162/5162/5162 5167/5167/5167 5168/5168/5168 5163/5163/5163
f 5163/5163/5163 5168/5168/5168 5169/5169/5169 5164/5164/5164
f 5164/5164/5164 5169/5169/5169 5170/5170/5170 5165/5165/5165
f 5165/5165/5165 5170/5170/5170 5326/5326/5326
f 5166/5166/5166 5171/5171/5171 5172/5172/5172 5167/5167/5167
f 5167/5167/5167 5172/5172/5172 5173/5173/5173 5168/5168/5168
f 5168/5168/5168 5173/5173/5173 5174/5174/5174 5169/5169/5169
f 5169/5169/5169 5174/5174/5174 5175/5175/5175 5170/5170/5170
f 5170/5170/5170 5175/5175/5175 5326/5326/5326
f 5171/5171/5171 5176/5176/5176 5177/5177/5177 5172/5172/5172
f 5172/5172/5172 5177/5177/5177 5178/5178/5178 5173/5173/5173
f 5173/5173/5173 5178/5178/5178 5179/5179/5179 5174/5174/5174
f 5174/5174/5174 5179/5179/5179 5180/5180/5180 5175/5175/5175
f 5175/5175/5175 5180/5180/5180 5326/5326/5326
f 5176/5176/5176 5181/5181/5181 5182/5182/5182 5177/5177/5177
f 5177/5177/5177 5182/5182/5182 5183/5183/5183 5178/5178/5178
f 5178/5178/5178 5183/5183/5183 5184/5184/5184 5179/5179/5179
f 5179/5179/5179 5184/5184/5184 5185/5185/5185 5180/5180/5180
f 5180/5180/5180 5185/5185/5185 5326/5326/5326
f 5181/5181/5181 5186/5186/5186 5187/5187/5187 5182/5182/5182
f 5182/5182/5182 5187/5187/5187 5188/5188/5188 5183/5183/5183
f 5183/5183/5183 5188/5188/5188 5189/5189/5189 5184/5184/5184
f 5184/5184/5184 5189/5189/5189 5190/5190/5190 5185/5185/5185
f 5185/5185/5185 5190/5190/5190 5326/5326/5326
f 5186/5186/5186 5191/5191/5191 5192/5192/5192 5187/5187/5187
f 5187/5187/5187 5192/5192/5192 5193/5193/5193 5188/5188/5188
f 5188/5188/5188 5193/5193/5193 5194/5194/5194 5189/5189/5189
f 5189/5189/5189 5194/5194/5194 5195/5195/5195 5190/5190/5190
f 5190/5190/5190 5195/5195/5195 5326/5326/5326
f 5191/5191/5191 5196/5196/5196 5197/5197/5197 5192/5192/5192
f 5192/5192/5192 5197/5197/5197 5198/5198/5198 5193/5193/5193
f 5193/5193/5193 5198/5198/5198 5199/5199/5199 5194/5194/5194
f 5194/5194/5194 5199/5199/5199 5200/5200/5200 5195/5195/5195
f 5195/5195/5195 5200/5200/5200 5326/5326/5326
f 5196/5196/5196 5201/5201/5201 5202/5202/5202 5197/5197/5197
f 5197/5197/5197 5202/5202/5202 5203/5203/5203 5198/5198/5198
f 5198/5198/5198 5203/5203/5203 5204/5204/5204 5199/5199/5199
f 5199/5199/5199 5204/5204/5204 5205/5205/5205 5200/5200/5200
f 5200/5200/5200 5205/5205/5205 5326/5326/5326
f 5201/5201/5201 5206/5206/5206 5207/5207/5207 5202/5202/5202
f 5202/5202/5202 5207/5207/5207 5208/5208/5208 5203/5203/5203
f 5203/5203/5203 5208/5208/5208 5209/5209/5209 5204/5204/5204
f 5204/5204/5204 5209/5209/5209 5210/5210/5210 5205/5205/5205
f 5205/5205/5205 5210/5210/5210 5326/5326/5326
f 5206/5206/5206 5211/5211/5211 5212/5212/5212 5207/5207/5207
f 5207/5207/5207 5212/5212/5212 5213/5213/5213 5208/5208/5208
f 5208/5208/5208 5213/5213/5213 5214/5214/5214 5209/5209/5209
f 5209/5209/5209 5214/5214/5214 5215/5215/5215 5210/5210/5210
f 5210/5210/5210 5215/5215/5215 5326/5326/5326
f 5211/5211/5211 5216/5216/5216 5217/5217/5217 5212/5212/5212
f 5212/5212/5212 5217/5217/5217 5218/5218/5218 5213/5213/5213
f 5213/5213/5213 5218/5218/5218 5219/5219/5219 5214/5214/5214
f 5214/5214/5214 5219/5219/5219 5220/5220/5220 5215/5215/5215
f 5215/5215/5215 5220/5220/5220 5326/5326/5326
f 5216/5216/5216 5221/5221/5221 5222/5222/5222 5217/5217/5217
f 5217/5217/5217 5222/5222/5222 5223/5223/5223 5218/5218/5218
f 5218/5218/5218 5223/5223/5223 5224/5224/5224 5219/5219/5219
f 5219/5219/5219 5224/5224/5224 5225/5225/5225 5220/5220/5220
f 5220/5220/5220 5225/5225/5225 5326/5326/5326
f 5221/5221/5221 5226/5226/5226 5227/5227/5227 5222/5222/5222
f 5222/5222/5222 5227/5227/5227 5228/5228/5228 5223/5223/5223
f 5223/5223/5223 5228/5228/5228 5229/5229/5229 5224/5224/5224
f 5224/5224/5224 5229/5229/5229 5230/5230/5230 5225/5225/5225
f 5225/5225/5225 5230/5230/5230 5326/5326/5326
f 5226/5226/5226 5231/5231/5231 5232/5232/5232 5227/5227/5227
f 5227/5227/5227 5232/5232/5232 5233/5233/5233 5228/5228/5228
f 5228/5228/5228 5233/5233/5233 5234/5234/5234 5229/5229/5229
f 5229/5229/5229 5234/5234/5234 5235/5235/5235 5230/5230/5230
f 5230/5230/5230 5235/5235/5235 5326/5326/5326
f 5231/5231/5231 5236/5236/5236 5237/5237/5237 5232/5232/5232
f 5232/5232/5232 5237/5237/5237 5238/5238/5238 5233/5233/5233
f 5233/5233/5233 5238/5238/5238 5239/5239/5239 5234/5234/5234
f 5234/5234/5234 5239/5239/5239 5240/5240/5240 5235/5235/5235
f 5235/5235/5235 5240/5240/5240 5326/5326/5326
f 5236/5236/5236 5241/5241/5241 5242/5242/5242 5237/5237/5237
f 5237/5237/5237 5242/5242/5242 5243/5243/5243 5238/5238/5238
f 5238/5238/5238 5243/5243/5243 5244/5244/5244 5239/5239/5239
f 5239/5239/5239 5244/5244/5244 5245/5245/5245 5240/5240/5240
f 5240/5240/5240 5245/5245/5245 5326/5326/5326
f 5241/5241/5241 5246/5246/5246 5247/5247/5247 5242/5242/5242
f 5242/5242/5242 5247/5247/5247 5248/5248/5248 5243/5243/5243
f 5243/5243/5243 5248/5248/5248 5249/5249/5249 5244/5244/5244
f 5244/5244/5244 5249/5249/5249 5250/5250/5250 5245/5245/5245
f 5245/5245/5245 5250/5250/5250 5326/5326/5326
f 5246/5246/5246 5251/5251/5251 5252/5252/5252 5247/5247/5247
f 5247/5247/5247 5252/5252/5252 5253/5253/5253 5248/5248/5248
f 5248/5248/5248 5253/5253/5253 5254/5254/5254 5249/5249/5249
f 5249/5249/5249 5254/5254/5254 5255/5255/5255 5250/5250/5250
f 5250/5250/5250 5255/5255/5255 5326/5326/5326
f 5251/5251/5251 5256/5256/5256 5257/5257/5257 5252/5252/5252
f 5252/5252/5252 5257/5257/5257 5258/5258/5258 5253/5253/5253
f 5253/5253/5253 5258/5258/5258 5259/5259/5259 5254/5254/5254
f 5254/5254/5254 5259/5259/5259 5260/5260/5260 5255/5255/5255
f 5255/5255/5255 5260/5260/5260 5326/5326/5326
f 5256/5256/5256 5261/5261/5261 5262/5262/5262 5257/5257/5257
f 5257/5257/5257 5262/5262/5262 5263/5263/5263 5258/5258/5258
f 5258/5258/5258 5263/5263/5263 5264/5264/5264 5259/5259/5259
f 5259/5259/5259 5264/5264/5264 5265/5265/5265 5260/5260/5260
f 5260/5260/5260 5265/5265/5265 5326/5326/5326
f 5261/5261/5261 5266/5266/5266 5267/5267/5267 5262/5262/5262
f 5262/5262/5262 5267/5267/5267 5268/5268/5268 5263/5263/5263
f 5263/5263/5263 5268/5268/5268 5269/5269/5269 5264/5264/5264
f 5264/5264/5264 5269/5269/5269 5270/5270/5270 5265/5265/5265
f 5265/5265/5265 5270/5270/5270 5326/5326/5326
f 5266/5266/5266 5271/5271/5271 5272/5272/5272 5267/5267/5267
f 5267/5267/5267 5272/5272/5272 5273/5273/5273 5268/5268/5268
f 5268/5268/5268 5273/5273/5273 5274/5274/5274 5269/5269/5269
f 5269/5269/5269 5274/5274/5274 5275/5275/5275 5270/5270/5270
f 5270/5270/5270 5275/5275/5275 5326/5326/5326
f 5271/5271/5271 5276/5276/5276 5277/5277/5277 5272/5272/5272
f 5272/5272/5272 5277/5277/5277 5278/5278/5278 5273/5273/5273
f 5273/5273/5273 5278/5278/5278 5279/5279/5279 5274/5274/5274
f 5274/5274/5274 5279/5279/5279 5280/5280/5280 5275/5275/5275
f 5275/5275/5275 5280/5280/5280 5326/5326/5326
f 5276/5276/5276 5281/5281/5281 5282/5282/5282 5277/5277/5277
f 5277/5277/5277 5282/5282/5282 5283/5283/5283 5278/5278/5278
f 5278/5278/5278 5283/5283/5283 5284/5284/5284 5279/5279/5279
f 5279/5279/5279 5284/5284/5284 5285/5285/5285 5280/5280/5280
f 5280/5280/5280 5285/5285/5285 5326/5326/5326
f 5281/5281/5281 5286/5286/5286 5287/5287/5287 5282/5282/5282
f 5282/5282/5282 5287/5287/5287 5288/5288/5288 5283/5283/5283
f 5283/5283/5283 5288/5288/5288 5289/5289/5289 5284/5284/5284
f 5284/5284/5284 5289/5289/5289 5290/5290/5290 5285/5285/5285
f 5285/5285/5285 5290/5290/5290 5326/5326/5326
f 5286/5286/5286 5291/5291/5291 5292/5292/5292 5287/5287/5287
f 5287/5287/5287 5292/5292/5292 5293/5293/5293 5288/5288/5288
f 5288/5288/5288 5293/5293/5293 5294/5294/5294 5289/5289/5289
f 5289/5289/5289 5294/5294/5294 5295/5295/5295 5290/5290/5290
f 5290/5290/5290 5295/5295/5295 5326/5326/5326
f 5291/5291/5291 5296/5296/5296 5297/5297/5297 5292/5292/5292
f 5292/5292/5292 5297/5297/5297 5298/5298/5298 5293/5293/5293
f 5293/5293/5293 5298/5298/5298 5299/5299/5299 5294/5294/5294
f 5294/5294/5294 5299/5299/5299 5300/5300/5300 5295/5295/5295
f 5295/5295/5295 5300/5300/5300 5326/5326/5326
f 5296/5296/5296 5301/5301/5301 5302/5302/5302 5297/5297/5297
f 5297/5297/5297 5302/5302/5302 5303/5303/5303 5298/5298/5298
f 5298/5298/5298 5303/5303/5303 5304/5304/5304 5299/5299/5299
f 5299/5299/5299 5304/5304/5304 5305/5305/5305 5300/5300/5300
f 5300/5300/5300 5305/5305/5305 5326/5326/5326
f 5301/5301/5301 5306/5306/5306 5307/5307/5307 5302/5302/5302
f 5302/5302/5302 5307/5307/5307 5308/5308/5308 5303/5303/5303
f 5303/5303/5303 5308/5308/5308 5309/5309/5309 5304/5304/5304
f 5304/5304/5304 5309/5309/5309 5310/5310/5310 5305/5305/5305
f 5305/5305/5305 5310/5310/5310 5326/5326/5326
f 5306/5306/5306 5311/5311/5311 5312/5312/5312 5307/5307/5307
f 5307/5307/5307 5312/5312/5312 5313/5313/5313 5308/5308/5308
f 5308/5308/5308 5313/5313/5313 5314/5314/5314 5309/5309/5309
f 5309/5309/5309 5314/5314/5314 5315/5315/5315 5310/5310/5310
f 5310/5310/5310 5315/5315/5315 5326/5326/5326
f 5311/5311/5311 5316/5316/5316 5317/5317/5317 5312/5312/5312
f 5312/5312/5312 5317/5317/5317 5318/5318/5318 5313/5313/5313
f 5313/5313/5313 5318/5318/5318 5319/5319/5319 5314/5314/5314
f 5314/5314/5314 5319/5319/5319 5320/5320/5320 5315/5315/5315
f 5315/5315/5315 5320/5320/5320 5326/5326/5326
f 5316/5316/5316 5321/5321/5321 5322/5322/5322 5317/5317/5317
f 5317/5317/5317 5322/5322/5322 5323/5323/5323 5318/5318/5318
f 5318/5318/5318 5323/5323/5323 5324/5324/5324 5319/5319/5319
f 5319/5319/5319 5324/5324/5324 5325/5325/5325 5320/5320/5320
f 5320/5320/5320 5325/5325/5325 5326/5326/5326